#
# There is insufficient memory for the Java Runtime Environment to continue.
# Native memory allocation (mmap) failed to map 2571108352 bytes. Error detail: G1 virtual space
# Possible reasons:
#   The system is out of physical RAM or swap space
#   This process is running with CompressedOops enabled, and the Java Heap may be blocking the growth of the native heap
# Possible solutions:
#   Reduce memory load on the system
#   Increase physical memory or swap space
#   Check if swap backing store is full
#   Decrease Java heap size (-Xmx/-Xms)
#   Decrease number of Java threads
#   Decrease Java thread stack sizes (-Xss)
#   Set larger code cache with -XX:ReservedCodeCacheSize=
#   JVM is running with Zero Based Compressed Oops mode in which the Java heap is
#     placed in the first 32GB address space. The Java Heap base address is the
#     maximum limit for the native heap growth. Please use -XX:HeapBaseMinAddress
#     to set the Java Heap base and to place the Java Heap above 32GB virtual address.
# This output file may be truncated or incomplete.
#
#  Out of Memory Error (os_windows.cpp:3766), pid=7192, tid=12316
#
# JRE version: OpenJDK Runtime Environment (25.0.2) (build 25.0.2+-15348964-b329.117)
# Java VM: OpenJDK 64-Bit Server VM (25.0.2+-15348964-b329.117, mixed mode, tiered, compressed oops, compressed class ptrs, g1 gc, windows-amd64)
# No core dump will be written. Minidumps are not enabled by default on client versions of Windows
#

---------------  S U M M A R Y ------------

Command Line: --add-opens=java.base/java.lang=ALL-UNNAMED --add-opens=java.base/java.lang.invoke=ALL-UNNAMED --add-opens=java.base/java.util=ALL-UNNAMED --add-opens=java.prefs/java.util.prefs=ALL-UNNAMED --add-exports=jdk.compiler/com.sun.tools.javac.api=ALL-UNNAMED --add-exports=jdk.compiler/com.sun.tools.javac.util=ALL-UNNAMED --add-opens=java.base/java.util=ALL-UNNAMED --add-opens=java.prefs/java.util.prefs=ALL-UNNAMED --add-opens=java.base/java.nio.charset=ALL-UNNAMED --add-opens=java.base/java.net=ALL-UNNAMED --add-opens=java.base/java.util.concurrent=ALL-UNNAMED --add-opens=java.base/java.util.concurrent.atomic=ALL-UNNAMED --add-opens=java.xml/javax.xml.namespace=ALL-UNNAMED --add-opens=java.base/java.time=ALL-UNNAMED --enable-native-access=ALL-UNNAMED -XX:MaxMetaspaceSize=4G -XX:ReservedCodeCacheSize=512m -XX:+HeapDumpOnOutOfMemoryError -Xmx8G -Dfile.encoding=UTF-8 -Duser.country=US -Duser.language=en -Duser.variant -javaagent:C:\Users\DELL\.gradle\wrapper\dists\gradle-9.3.1-all\9ot9r568e8zfvvd4mn8rbu1j0\gradle-9.3.1\lib\agents\gradle-instrumentation-agent-9.3.1.jar org.gradle.launcher.daemon.bootstrap.GradleDaemon 9.3.1

Host: Intel(R) Core(TM) i3-8100 CPU @ 3.60GHz, 4 cores, 7G,  Windows 11 , 64 bit Build 26100 (10.0.26100.9168)
Time: Sat Aug 22 23:08:07 2026 India Standard Time elapsed time: 235.849612 seconds (0d 0h 3m 55s)

---------------  T H R E A D  ---------------

Current thread (0x000002753e04af60):  VMThread "VM Thread"          [id=12316, stack(0x0000009f80200000,0x0000009f80300000) (1024K)]

Stack: [0x0000009f80200000,0x0000009f80300000]
Native frames: (J=compiled Java code, j=interpreted, Vv=VM code, C=native code)
V  [jvm.dll+0x7bd439]  (no source info available)
V  [jvm.dll+0x78763d]  (no source info available)
V  [jvm.dll+0xa0c885]  (no source info available)
V  [jvm.dll+0xa0ef04]  (no source info available)
V  [jvm.dll+0xa0f603]  (no source info available)
V  [jvm.dll+0x309bf6]  (no source info available)
V  [jvm.dll+0x7b9545]  (no source info available)
V  [jvm.dll+0x7ac047]  (no source info available)
V  [jvm.dll+0x3fdeab]  (no source info available)
V  [jvm.dll+0x406066]  (no source info available)
V  [jvm.dll+0x3f2516]  (no source info available)
V  [jvm.dll+0x3f27f8]  (no source info available)
V  [jvm.dll+0x3c7b82]  (no source info available)
V  [jvm.dll+0x3c7c1a]  (no source info available)
V  [jvm.dll+0x4172d0]  (no source info available)
V  [jvm.dll+0x415bf1]  (no source info available)
V  [jvm.dll+0x3c72b7]  (no source info available)
V  [jvm.dll+0x415389]  (no source info available)
V  [jvm.dll+0xa158ca]  (no source info available)
V  [jvm.dll+0xa16bd1]  (no source info available)
V  [jvm.dll+0xa17148]  (no source info available)
V  [jvm.dll+0xa173d3]  (no source info available)
V  [jvm.dll+0x9ab9c8]  (no source info available)
V  [jvm.dll+0x7bb985]  (no source info available)
C  [ucrtbase.dll+0x2cd30]  (no source info available)
C  [KERNEL32.DLL+0x2ccb7]  (no source info available)
C  [ntdll.dll+0xaad6c]  (no source info available)

VM_Operation (0x0000009f865fc658): G1TryInitiateConcMark, mode: safepoint, requested by thread 0x000002754fc30d90


---------------  P R O C E S S  ---------------

Threads class SMR info:
_java_thread_list=0x000002755d969e70, length=140, elements={
0x0000027510762db0, 0x000002753e0926a0, 0x000002753e0a2c90, 0x000002753e0b70c0,
0x0000027540640820, 0x0000027540641510, 0x0000027540642200, 0x0000027540642dc0,
0x0000027540648590, 0x0000027540651d80, 0x000002754502f930, 0x000002754700bca0,
0x0000027540888e40, 0x00000275452245b0, 0x00000275452c7c90, 0x0000027545232380,
0x0000027546284040, 0x0000027545228c80, 0x0000027545226d40, 0x0000027545229450,
0x000002754522b390, 0x0000027545224e00, 0x00000275452284b0, 0x0000027547033020,
0x0000027547034f60, 0x0000027547036ea0, 0x00000275470337f0, 0x0000027547037e40,
0x0000027547037670, 0x0000027547032850, 0x0000027546600f60, 0x0000027546602ea0,
0x0000027546606550, 0x0000027546608490, 0x0000027549c7b780, 0x0000027549c79070,
0x0000027549c7bf50, 0x0000027549c7c720, 0x0000027549c79840, 0x0000027549c7e660,
0x0000027549c7ee30, 0x0000027547f80700, 0x0000027547f7dff0, 0x0000027547f7ef90,
0x0000027547f82640, 0x0000027547f81e70, 0x0000027547f83db0, 0x0000027547f84d50,
0x0000027549fd6740, 0x0000027549fd8680, 0x0000027549fd8e50, 0x0000027549fd9620,
0x0000027549fdccd0, 0x0000027549fdd4a0, 0x0000027549fdb560, 0x000002754fcb3fb0,
0x000002754fcb10d0, 0x000002754fcb0900, 0x000002754fcb2070, 0x000002754fcb37e0,
0x000002754fcb3010, 0x000002754fcb6e90, 0x000002754fcb7660, 0x000002754863e7e0,
0x000002754863e010, 0x000002754863ff50, 0x0000027548643dd0, 0x0000027548643600,
0x0000027548641e90, 0x000002754fe540b0, 0x000002754fe511d0, 0x000002754fe52170,
0x000002754fe50a00, 0x000002754fe58700, 0x000002754fe56f90, 0x000002754fe57f30,
0x000002754fe567c0, 0x000002754fe55820, 0x000002754fe5b5e0, 0x000002754fe596a0,
0x000002754fe5e4c0, 0x0000027547f7f760, 0x00000275468da300, 0x00000275468d8b90,
0x00000275468daad0, 0x00000275468dd9b0, 0x00000275468db2a0, 0x00000275468e2fa0,
0x00000275468e4710, 0x00000275468e3f40, 0x0000027547035730, 0x0000027549c7a010,
0x000002754fc33c70, 0x000002754fc30d90, 0x000002754fc34c10, 0x000002754fc39260,
0x000002754fc3c140, 0x0000027550fa1070, 0x0000027550fa2010, 0x00000275510a6090,
0x00000275510a6860, 0x00000275510aa6e0, 0x00000275510acdf0, 0x00000275510aaeb0,
0x00000275510b23e0, 0x00000275510afcd0, 0x00000275510b1c10, 0x00000275510b0c70,
0x00000275510b79d0, 0x00000275510b52c0, 0x00000275510b8970, 0x00000275510bf6d0,
0x00000275510c3d20, 0x00000275510bef00, 0x000002754fc37320, 0x0000027550fae360,
0x0000027552a486f0, 0x0000027552a48ec0, 0x0000027552a4a630, 0x0000027552a46f80,
0x0000027552a4c570, 0x0000027552a5a800, 0x0000027552a605c0, 0x0000027552a5cf10,
0x0000027552a60d90, 0x0000027552a62cd0, 0x0000027552a634a0, 0x0000027552a64440,
0x0000027552a65bb0, 0x0000027552a66380, 0x0000027552a96cc0, 0x0000027552a98430,
0x0000027552a98c00, 0x0000027552aa18a0, 0x0000027552aa4780, 0x0000027552aa7660,
0x0000027552aac480, 0x000002755dbf64d0, 0x000002755df6c200, 0x000002755dbfd230
}
_to_delete_list=0x000002755c8ee570, length=141, elements={
0x0000027510762db0, 0x000002753e0926a0, 0x000002753e0a2c90, 0x000002753e0b70c0,
0x0000027540640820, 0x0000027540641510, 0x0000027540642200, 0x0000027540642dc0,
0x0000027540648590, 0x0000027540651d80, 0x000002754502f930, 0x000002754700bca0,
0x0000027540888e40, 0x00000275452245b0, 0x00000275452c7c90, 0x0000027545232380,
0x0000027546284040, 0x0000027545228c80, 0x0000027545226d40, 0x0000027545229450,
0x000002754522b390, 0x0000027545224e00, 0x00000275452284b0, 0x0000027547033020,
0x0000027547034f60, 0x0000027547036ea0, 0x00000275470337f0, 0x0000027547037e40,
0x0000027547037670, 0x0000027547032850, 0x0000027546600f60, 0x0000027546602ea0,
0x0000027546606550, 0x0000027546608490, 0x0000027549c7b780, 0x0000027549c79070,
0x0000027549c7bf50, 0x0000027549c7c720, 0x0000027549c79840, 0x0000027549c7e660,
0x0000027549c7ee30, 0x0000027547f80700, 0x0000027547f7dff0, 0x0000027547f7ef90,
0x0000027547f82640, 0x0000027547f81e70, 0x0000027547f83db0, 0x0000027547f84d50,
0x0000027549fd6740, 0x0000027549fd8680, 0x0000027549fd8e50, 0x0000027549fd9620,
0x0000027549fdccd0, 0x0000027549fdd4a0, 0x0000027549fdb560, 0x000002754fcb3fb0,
0x000002754fcb10d0, 0x000002754fcb0900, 0x000002754fcb2070, 0x000002754fcb37e0,
0x000002754fcb3010, 0x000002754fcb6e90, 0x000002754fcb7660, 0x000002754863e7e0,
0x000002754863e010, 0x000002754863ff50, 0x0000027548643dd0, 0x0000027548643600,
0x0000027548641e90, 0x000002754fe540b0, 0x000002754fe511d0, 0x000002754fe52170,
0x000002754fe50a00, 0x000002754fe58700, 0x000002754fe56f90, 0x000002754fe57f30,
0x000002754fe567c0, 0x000002754fe55820, 0x000002754fe5b5e0, 0x000002754fe596a0,
0x000002754fe5e4c0, 0x0000027547f7f760, 0x00000275468da300, 0x00000275468d8b90,
0x00000275468daad0, 0x00000275468dd9b0, 0x00000275468db2a0, 0x00000275468e2fa0,
0x00000275468e4710, 0x00000275468e3f40, 0x0000027547035730, 0x0000027549c7a010,
0x000002754fc33c70, 0x000002754fc30d90, 0x000002754fc34c10, 0x000002754fc39260,
0x000002754fc3c140, 0x0000027550fa1070, 0x0000027550fa2010, 0x00000275510a6090,
0x00000275510a6860, 0x00000275510aa6e0, 0x00000275510acdf0, 0x00000275510aaeb0,
0x00000275510b23e0, 0x00000275510afcd0, 0x00000275510b1c10, 0x00000275510b0c70,
0x00000275510b79d0, 0x00000275510b52c0, 0x00000275510b8970, 0x00000275510bf6d0,
0x00000275510c3d20, 0x00000275510bef00, 0x000002754fc37320, 0x0000027550fae360,
0x0000027552a486f0, 0x0000027552a48ec0, 0x0000027552a4a630, 0x0000027552a46f80,
0x0000027552a4c570, 0x0000027552a5a800, 0x0000027552a605c0, 0x0000027552a5cf10,
0x0000027552a60d90, 0x0000027552a62cd0, 0x0000027552a634a0, 0x0000027552a64440,
0x0000027552a65bb0, 0x0000027552a66380, 0x0000027552a96cc0, 0x0000027552a98430,
0x0000027552a98c00, 0x0000027552aa18a0, 0x0000027552aa4780, 0x0000027552aa7660,
0x0000027552aac480, 0x000002755dbf64d0, 0x000002755df6c200, 0x000002755dbfd230,
0x000002755dc066a0
}

Java Threads: ( => current thread )
  0x0000027510762db0 JavaThread "main"                              [_thread_blocked, id=11112, stack(0x0000009fffb00000,0x0000009fffc00000) (1024K)]
  0x000002753e0926a0 JavaThread "Common-Cleaner"             daemon [_thread_blocked, id=9828, stack(0x0000009f80300000,0x0000009f80400000) (1024K)]
  0x000002753e0a2c90 JavaThread "Reference Handler"          daemon [_thread_blocked, id=16608, stack(0x0000009f80400000,0x0000009f80500000) (1024K)]
  0x000002753e0b70c0 JavaThread "Finalizer"                  daemon [_thread_blocked, id=17884, stack(0x0000009f80500000,0x0000009f80600000) (1024K)]
  0x0000027540640820 JavaThread "Signal Dispatcher"          daemon [_thread_blocked, id=804, stack(0x0000009f80600000,0x0000009f80700000) (1024K)]
  0x0000027540641510 JavaThread "Attach Listener"            daemon [_thread_blocked, id=8396, stack(0x0000009f80700000,0x0000009f80800000) (1024K)]
  0x0000027540642200 JavaThread "Service Thread"             daemon [_thread_blocked, id=12052, stack(0x0000009f80800000,0x0000009f80900000) (1024K)]
  0x0000027540642dc0 JavaThread "Monitor Deflation Thread"   daemon [_thread_blocked, id=8096, stack(0x0000009f80900000,0x0000009f80a00000) (1024K)]
  0x0000027540648590 JavaThread "C2 CompilerThread0"         daemon [_thread_blocked, id=9296, stack(0x0000009f80a00000,0x0000009f80b00000) (1024K)]
  0x0000027540651d80 JavaThread "C1 CompilerThread0"         daemon [_thread_blocked, id=12116, stack(0x0000009f80b00000,0x0000009f80c00000) (1024K)]
  0x000002754502f930 JavaThread "Notification Thread"        daemon [_thread_blocked, id=16612, stack(0x0000009f80c00000,0x0000009f80d00000) (1024K)]
  0x000002754700bca0 JavaThread "Daemon health stats"               [_thread_blocked, id=17068, stack(0x0000009f81100000,0x0000009f81200000) (1024K)]
  0x0000027540888e40 JavaThread "Incoming local TCP Connector on port 50113"        [_thread_in_native, id=4080, stack(0x0000009f81000000,0x0000009f81100000) (1024K)]
  0x00000275452245b0 JavaThread "Daemon"                            [_thread_blocked, id=17172, stack(0x0000009f81300000,0x0000009f81400000) (1024K)]
  0x00000275452c7c90 JavaThread "Daemon periodic checks"            [_thread_blocked, id=3488, stack(0x0000009f81400000,0x0000009f81500000) (1024K)]
  0x0000027545232380 JavaThread "Handler for socket connection from /127.0.0.1:50113 to /127.0.0.1:50114"        [_thread_in_native, id=18188, stack(0x0000009f81500000,0x0000009f81600000) (1024K)]
  0x0000027546284040 JavaThread "Cancel handler"                    [_thread_blocked, id=18500, stack(0x0000009f81600000,0x0000009f81700000) (1024K)]
  0x0000027545228c80 JavaThread "Daemon worker"                     [_thread_blocked, id=18100, stack(0x0000009f81700000,0x0000009f81800000) (1024K)]
  0x0000027545226d40 JavaThread "Asynchronous log dispatcher for DefaultDaemonConnection: socket connection from /127.0.0.1:50113 to /127.0.0.1:50114"        [_thread_blocked, id=12204, stack(0x0000009f81800000,0x0000009f81900000) (1024K)]
  0x0000027545229450 JavaThread "Stdin handler"                     [_thread_blocked, id=6612, stack(0x0000009f81900000,0x0000009f81a00000) (1024K)]
  0x000002754522b390 JavaThread "Daemon client event forwarder"        [_thread_blocked, id=2452, stack(0x0000009f81a00000,0x0000009f81b00000) (1024K)]
  0x0000027545224e00 JavaThread "Cache worker for journal cache (C:\Users\DELL\.gradle\caches\journal-1)"        [_thread_blocked, id=19416, stack(0x0000009f81200000,0x0000009f81300000) (1024K)]
  0x00000275452284b0 JavaThread "File lock request listener"        [_thread_in_native, id=19168, stack(0x0000009f81b00000,0x0000009f81c00000) (1024K)]
  0x0000027547033020 JavaThread "Cache worker for file hash cache (C:\Users\DELL\.gradle\caches\9.3.1\fileHashes)"        [_thread_blocked, id=18568, stack(0x0000009f81d00000,0x0000009f81e00000) (1024K)]
  0x0000027547034f60 JavaThread "Cache worker for file hash cache (C:\Users\DELL\humsafar_khoj\android\.gradle\9.3.1\fileHashes)"        [_thread_blocked, id=1692, stack(0x0000009f81e00000,0x0000009f81f00000) (1024K)]
  0x0000027547036ea0 JavaThread "Cache worker for Build Output Cleanup Cache (C:\Users\DELL\humsafar_khoj\android\.gradle\buildOutputCleanup)"        [_thread_blocked, id=17976, stack(0x0000009f81f00000,0x0000009f82000000) (1024K)]
  0x00000275470337f0 JavaThread "File watcher server"        daemon [_thread_blocked, id=18716, stack(0x0000009f82000000,0x0000009f82100000) (1024K)]
  0x0000027547037e40 JavaThread "File watcher consumer"      daemon [_thread_blocked, id=14008, stack(0x0000009f82100000,0x0000009f82200000) (1024K)]
  0x0000027547037670 JavaThread "Cache worker for checksums cache (C:\Users\DELL\humsafar_khoj\android\.gradle\9.3.1\checksums)"        [_thread_blocked, id=8380, stack(0x0000009f82200000,0x0000009f82300000) (1024K)]
  0x0000027547032850 JavaThread "Cache worker for file content cache (C:\Users\DELL\.gradle\caches\9.3.1\fileContent)"        [_thread_blocked, id=2548, stack(0x0000009f81c00000,0x0000009f81d00000) (1024K)]
  0x0000027546600f60 JavaThread "Cache worker for cache directory md-supplier (C:\Users\DELL\.gradle\caches\9.3.1\md-supplier)"        [_thread_blocked, id=5548, stack(0x0000009f82300000,0x0000009f82400000) (1024K)]
  0x0000027546602ea0 JavaThread "Cache worker for cache directory md-rule (C:\Users\DELL\.gradle\caches\9.3.1\md-rule)"        [_thread_blocked, id=12840, stack(0x0000009f82400000,0x0000009f82500000) (1024K)]
  0x0000027546606550 JavaThread "Cache worker for Build Output Cleanup Cache (C:\flutter\packages\flutter_tools\gradle\.gradle\buildOutputCleanup)"        [_thread_blocked, id=11944, stack(0x0000009f82600000,0x0000009f82700000) (1024K)]
  0x0000027546608490 JavaThread "Unconstrained build operations"        [_thread_blocked, id=14748, stack(0x0000009f82700000,0x0000009f82800000) (1024K)]
  0x0000027549c7b780 JavaThread "Unconstrained build operations Thread 2"        [_thread_blocked, id=10100, stack(0x0000009f82800000,0x0000009f82900000) (1024K)]
  0x0000027549c79070 JavaThread "Unconstrained build operations Thread 3"        [_thread_blocked, id=10084, stack(0x0000009f82900000,0x0000009f82a00000) (1024K)]
  0x0000027549c7bf50 JavaThread "Unconstrained build operations Thread 4"        [_thread_blocked, id=17096, stack(0x0000009f82a00000,0x0000009f82b00000) (1024K)]
  0x0000027549c7c720 JavaThread "Unconstrained build operations Thread 5"        [_thread_blocked, id=12184, stack(0x0000009f82b00000,0x0000009f82c00000) (1024K)]
  0x0000027549c79840 JavaThread "Unconstrained build operations Thread 6"        [_thread_blocked, id=2576, stack(0x0000009f82c00000,0x0000009f82d00000) (1024K)]
  0x0000027549c7e660 JavaThread "Unconstrained build operations Thread 7"        [_thread_blocked, id=11288, stack(0x0000009f82d00000,0x0000009f82e00000) (1024K)]
  0x0000027549c7ee30 JavaThread "Unconstrained build operations Thread 8"        [_thread_blocked, id=2660, stack(0x0000009f82e00000,0x0000009f82f00000) (1024K)]
  0x0000027547f80700 JavaThread "Unconstrained build operations Thread 9"        [_thread_blocked, id=4100, stack(0x0000009f82f00000,0x0000009f83000000) (1024K)]
  0x0000027547f7dff0 JavaThread "Memory manager"                    [_thread_blocked, id=19432, stack(0x0000009f83000000,0x0000009f83100000) (1024K)]
  0x0000027547f7ef90 JavaThread "build event listener"              [_thread_blocked, id=13740, stack(0x0000009f83100000,0x0000009f83200000) (1024K)]
  0x0000027547f82640 JavaThread "included builds"                   [_thread_blocked, id=12440, stack(0x0000009f83200000,0x0000009f83300000) (1024K)]
  0x0000027547f81e70 JavaThread "Execution worker"                  [_thread_blocked, id=9100, stack(0x0000009f83300000,0x0000009f83400000) (1024K)]
  0x0000027547f83db0 JavaThread "Execution worker Thread 2"         [_thread_blocked, id=2904, stack(0x0000009f83400000,0x0000009f83500000) (1024K)]
  0x0000027547f84d50 JavaThread "Execution worker Thread 3"         [_thread_blocked, id=6964, stack(0x0000009f83500000,0x0000009f83600000) (1024K)]
  0x0000027549fd6740 JavaThread "Cache worker for execution history cache (C:\flutter\packages\flutter_tools\gradle\.gradle\9.3.1\executionHistory)"        [_thread_blocked, id=1852, stack(0x0000009f83600000,0x0000009f83700000) (1024K)]
  0x0000027549fd8680 JavaThread "Unconstrained build operations Thread 10"        [_thread_blocked, id=12112, stack(0x0000009f83700000,0x0000009f83800000) (1024K)]
  0x0000027549fd8e50 JavaThread "Unconstrained build operations Thread 11"        [_thread_blocked, id=13792, stack(0x0000009f83800000,0x0000009f83900000) (1024K)]
  0x0000027549fd9620 JavaThread "Unconstrained build operations Thread 12"        [_thread_blocked, id=14592, stack(0x0000009f83900000,0x0000009f83a00000) (1024K)]
  0x0000027549fdccd0 JavaThread "Unconstrained build operations Thread 13"        [_thread_blocked, id=19088, stack(0x0000009f83a00000,0x0000009f83b00000) (1024K)]
  0x0000027549fdd4a0 JavaThread "Unconstrained build operations Thread 14"        [_thread_blocked, id=2324, stack(0x0000009f83b00000,0x0000009f83c00000) (1024K)]
  0x0000027549fdb560 JavaThread "Unconstrained build operations Thread 15"        [_thread_blocked, id=17532, stack(0x0000009f83c00000,0x0000009f83d00000) (1024K)]
  0x000002754fcb3fb0 JavaThread "Unconstrained build operations Thread 16"        [_thread_blocked, id=3192, stack(0x0000009f83d00000,0x0000009f83e00000) (1024K)]
  0x000002754fcb10d0 JavaThread "Unconstrained build operations Thread 17"        [_thread_blocked, id=4416, stack(0x0000009f83e00000,0x0000009f83f00000) (1024K)]
  0x000002754fcb0900 JavaThread "Unconstrained build operations Thread 18"        [_thread_blocked, id=7152, stack(0x0000009f83f00000,0x0000009f84000000) (1024K)]
  0x000002754fcb2070 JavaThread "Unconstrained build operations Thread 19"        [_thread_blocked, id=7960, stack(0x0000009f84000000,0x0000009f84100000) (1024K)]
  0x000002754fcb37e0 JavaThread "Unconstrained build operations Thread 20"        [_thread_blocked, id=832, stack(0x0000009f84100000,0x0000009f84200000) (1024K)]
  0x000002754fcb3010 JavaThread "Unconstrained build operations Thread 21"        [_thread_blocked, id=13692, stack(0x0000009f84200000,0x0000009f84300000) (1024K)]
  0x000002754fcb6e90 JavaThread "Unconstrained build operations Thread 22"        [_thread_blocked, id=14428, stack(0x0000009f84300000,0x0000009f84400000) (1024K)]
  0x000002754fcb7660 JavaThread "Unconstrained build operations Thread 23"        [_thread_blocked, id=6576, stack(0x0000009f84400000,0x0000009f84500000) (1024K)]
  0x000002754863e7e0 JavaThread "Unconstrained build operations Thread 24"        [_thread_blocked, id=19160, stack(0x0000009f84500000,0x0000009f84600000) (1024K)]
  0x000002754863e010 JavaThread "Unconstrained build operations Thread 25"        [_thread_blocked, id=18076, stack(0x0000009f84600000,0x0000009f84700000) (1024K)]
  0x000002754863ff50 JavaThread "Unconstrained build operations Thread 26"        [_thread_blocked, id=8004, stack(0x0000009f84700000,0x0000009f84800000) (1024K)]
  0x0000027548643dd0 JavaThread "Unconstrained build operations Thread 27"        [_thread_blocked, id=13176, stack(0x0000009f84800000,0x0000009f84900000) (1024K)]
  0x0000027548643600 JavaThread "Unconstrained build operations Thread 28"        [_thread_blocked, id=17996, stack(0x0000009f84900000,0x0000009f84a00000) (1024K)]
  0x0000027548641e90 JavaThread "Unconstrained build operations Thread 29"        [_thread_blocked, id=2488, stack(0x0000009f84a00000,0x0000009f84b00000) (1024K)]
  0x000002754fe540b0 JavaThread "Unconstrained build operations Thread 30"        [_thread_blocked, id=10452, stack(0x0000009f82500000,0x0000009f82600000) (1024K)]
  0x000002754fe511d0 JavaThread "Unconstrained build operations Thread 31"        [_thread_blocked, id=9132, stack(0x0000009f84b00000,0x0000009f84c00000) (1024K)]
  0x000002754fe52170 JavaThread "Unconstrained build operations Thread 32"        [_thread_blocked, id=17116, stack(0x0000009f84c00000,0x0000009f84d00000) (1024K)]
  0x000002754fe50a00 JavaThread "Unconstrained build operations Thread 33"        [_thread_blocked, id=15416, stack(0x0000009f84d00000,0x0000009f84e00000) (1024K)]
  0x000002754fe58700 JavaThread "Unconstrained build operations Thread 34"        [_thread_blocked, id=14004, stack(0x0000009f84e00000,0x0000009f84f00000) (1024K)]
  0x000002754fe56f90 JavaThread "Unconstrained build operations Thread 35"        [_thread_blocked, id=2516, stack(0x0000009f84f00000,0x0000009f85000000) (1024K)]
  0x000002754fe57f30 JavaThread "Unconstrained build operations Thread 36"        [_thread_blocked, id=14532, stack(0x0000009f85000000,0x0000009f85100000) (1024K)]
  0x000002754fe567c0 JavaThread "Unconstrained build operations Thread 37"        [_thread_blocked, id=7204, stack(0x0000009f85100000,0x0000009f85200000) (1024K)]
  0x000002754fe55820 JavaThread "Unconstrained build operations Thread 38"        [_thread_blocked, id=436, stack(0x0000009f85200000,0x0000009f85300000) (1024K)]
  0x000002754fe5b5e0 JavaThread "build event listener"              [_thread_blocked, id=11948, stack(0x0000009f85300000,0x0000009f85400000) (1024K)]
  0x000002754fe596a0 JavaThread "build event listener"              [_thread_blocked, id=12616, stack(0x0000009f85400000,0x0000009f85500000) (1024K)]
  0x000002754fe5e4c0 JavaThread "jar transforms"                    [_thread_blocked, id=5644, stack(0x0000009f85500000,0x0000009f85600000) (1024K)]
  0x0000027547f7f760 JavaThread "Unconstrained build operations Thread 39"        [_thread_blocked, id=14148, stack(0x0000009f85600000,0x0000009f85700000) (1024K)]
  0x00000275468da300 JavaThread "Unconstrained build operations Thread 40"        [_thread_blocked, id=17308, stack(0x0000009f85700000,0x0000009f85800000) (1024K)]
  0x00000275468d8b90 JavaThread "jar transforms Thread 2"           [_thread_blocked, id=18964, stack(0x0000009f85800000,0x0000009f85900000) (1024K)]
  0x00000275468daad0 JavaThread "Problems report writer"            [_thread_blocked, id=6872, stack(0x0000009f85900000,0x0000009f85a00000) (1024K)]
  0x00000275468dd9b0 JavaThread "jar transforms Thread 3"           [_thread_blocked, id=17924, stack(0x0000009f85a00000,0x0000009f85b00000) (1024K)]
  0x00000275468db2a0 JavaThread "jar transforms Thread 4"           [_thread_blocked, id=13992, stack(0x0000009f85b00000,0x0000009f85c00000) (1024K)]
  0x00000275468e2fa0 JavaThread "pool-3-thread-1"                   [_thread_blocked, id=18420, stack(0x0000009f85c00000,0x0000009f85d00000) (1024K)]
  0x00000275468e4710 JavaThread "build event listener"              [_thread_blocked, id=13684, stack(0x0000009f85d00000,0x0000009f85e00000) (1024K)]
  0x00000275468e3f40 JavaThread "Cache worker for execution history cache (C:\Users\DELL\humsafar_khoj\android\.gradle\9.3.1\executionHistory)"        [_thread_blocked, id=18068, stack(0x0000009f85e00000,0x0000009f85f00000) (1024K)]
  0x0000027547035730 JavaThread "Exec process"                      [_thread_blocked, id=10480, stack(0x0000009f85f00000,0x0000009f86000000) (1024K)]
  0x0000027549c7a010 JavaThread "Exec process Thread 2"             [_thread_blocked, id=2396, stack(0x0000009f86000000,0x0000009f86100000) (1024K)]
  0x000002754fc33c70 JavaThread "Exec process Thread 3"             [_thread_blocked, id=12796, stack(0x0000009f86100000,0x0000009f86200000) (1024K)]
  0x000002754fc30d90 JavaThread "WorkerExecutor Queue Thread 3"        [_thread_blocked, id=11968, stack(0x0000009f86500000,0x0000009f86600000) (1024K)]
  0x000002754fc34c10 JavaThread "WorkerExecutor Queue Thread 4"        [_thread_blocked, id=14132, stack(0x0000009f86600000,0x0000009f86700000) (1024K)]
  0x000002754fc39260 JavaThread "Cache worker for Java compile cache (C:\Users\DELL\.gradle\caches\9.3.1\javaCompile)"        [_thread_blocked, id=17492, stack(0x0000009f86200000,0x0000009f86300000) (1024K)]
  0x000002754fc3c140 JavaThread "Build operations"                  [_thread_blocked, id=8944, stack(0x0000009f86800000,0x0000009f86900000) (1024K)]
  0x0000027550fa1070 JavaThread "Build operations Thread 2"         [_thread_blocked, id=8776, stack(0x0000009f86900000,0x0000009f86a00000) (1024K)]
  0x0000027550fa2010 JavaThread "Build operations Thread 3"         [_thread_blocked, id=5808, stack(0x0000009f86a00000,0x0000009f86b00000) (1024K)]
  0x00000275510a6090 JavaThread "Build operations Thread 4"         [_thread_blocked, id=14580, stack(0x0000009f86c00000,0x0000009f86d00000) (1024K)]
  0x00000275510a6860 JavaThread "RMI Scheduler(0)"           daemon [_thread_blocked, id=8256, stack(0x0000009f86b00000,0x0000009f86c00000) (1024K)]
  0x00000275510aa6e0 JavaThread "RMI GC Daemon"              daemon [_thread_blocked, id=13316, stack(0x0000009f86e00000,0x0000009f86f00000) (1024K)]
  0x00000275510acdf0 JavaThread "RMI TCP Accept-0"           daemon [_thread_in_native, id=8296, stack(0x0000009f86f00000,0x0000009f87000000) (1024K)]
  0x00000275510aaeb0 JavaThread "RMI Reaper"                        [_thread_blocked, id=1788, stack(0x0000009f87000000,0x0000009f87100000) (1024K)]
  0x00000275510b23e0 JavaThread "WorkerExecutor Queue Thread 7"        [_thread_blocked, id=7372, stack(0x0000009f87200000,0x0000009f87300000) (1024K)]
  0x00000275510afcd0 JavaThread "Exec process Thread 4"             [_thread_blocked, id=8440, stack(0x0000009f87300000,0x0000009f87400000) (1024K)]
  0x00000275510b1c10 JavaThread "Exec process Thread 5"             [_thread_blocked, id=11964, stack(0x0000009f87400000,0x0000009f87500000) (1024K)]
  0x00000275510b0c70 JavaThread "Exec process Thread 6"             [_thread_blocked, id=2888, stack(0x0000009f87500000,0x0000009f87600000) (1024K)]
  0x00000275510b79d0 JavaThread "Exec process Thread 7"             [_thread_blocked, id=5460, stack(0x0000009f87600000,0x0000009f87700000) (1024K)]
  0x00000275510b52c0 JavaThread "Exec process Thread 8"             [_thread_blocked, id=7728, stack(0x0000009f87700000,0x0000009f87800000) (1024K)]
  0x00000275510b8970 JavaThread "Exec process Thread 9"             [_thread_blocked, id=10648, stack(0x0000009f87800000,0x0000009f87900000) (1024K)]
  0x00000275510bf6d0 JavaThread "RMI TCP Connection(idle)"   daemon [_thread_blocked, id=6840, stack(0x0000009f86d00000,0x0000009f86e00000) (1024K)]
  0x00000275510c3d20 JavaThread "RMI TCP Connection(idle)"   daemon [_thread_blocked, id=14256, stack(0x0000009f87b00000,0x0000009f87c00000) (1024K)]
  0x00000275510bef00 JavaThread "RMI TCP Connection(idle)"   daemon [_thread_blocked, id=3912, stack(0x0000009f86700000,0x0000009f86800000) (1024K)]
  0x000002754fc37320 JavaThread "pool-4-thread-1"                   [_thread_blocked, id=8964, stack(0x0000009f86300000,0x0000009f86400000) (1024K)]
  0x0000027550fae360 JavaThread "stderr"                            [_thread_in_native, id=13132, stack(0x0000009f87900000,0x0000009f87a00000) (1024K)]
  0x0000027552a486f0 JavaThread "stdout"                            [_thread_in_native, id=19020, stack(0x0000009f87c00000,0x0000009f87d00000) (1024K)]
  0x0000027552a48ec0 JavaThread "stderr"                            [_thread_in_native, id=10068, stack(0x0000009f87d00000,0x0000009f87e00000) (1024K)]
  0x0000027552a4a630 JavaThread "stdout"                            [_thread_in_native, id=8240, stack(0x0000009f87e00000,0x0000009f87f00000) (1024K)]
  0x0000027552a46f80 JavaThread "stderr"                            [_thread_in_native, id=15288, stack(0x0000009f87f00000,0x0000009f88000000) (1024K)]
  0x0000027552a4c570 JavaThread "stdout"                            [_thread_in_native, id=17788, stack(0x0000009f88000000,0x0000009f88100000) (1024K)]
  0x0000027552a5a800 JavaThread "WorkerExecutor Queue Thread 9"        [_thread_blocked, id=3924, stack(0x0000009f88100000,0x0000009f88200000) (1024K)]
  0x0000027552a605c0 JavaThread "DefaultDispatcher-worker-1" daemon [_thread_blocked, id=14968, stack(0x0000009f86400000,0x0000009f86500000) (1024K)]
  0x0000027552a5cf10 JavaThread "DefaultDispatcher-worker-4" daemon [_thread_blocked, id=128, stack(0x0000009f88200000,0x0000009f88300000) (1024K)]
  0x0000027552a60d90 JavaThread "DefaultDispatcher-worker-3" daemon [_thread_blocked, id=12792, stack(0x0000009f88300000,0x0000009f88400000) (1024K)]
  0x0000027552a62cd0 JavaThread "DefaultDispatcher-worker-2" daemon [_thread_blocked, id=14484, stack(0x0000009f88400000,0x0000009f88500000) (1024K)]
  0x0000027552a634a0 JavaThread "ForkJoinPool-1-worker-1"    daemon [_thread_blocked, id=12740, stack(0x0000009f88500000,0x0000009f88600000) (1024K)]
  0x0000027552a64440 JavaThread "ForkJoinPool-1-worker-2"    daemon [_thread_blocked, id=464, stack(0x0000009f88600000,0x0000009f88700000) (1024K)]
  0x0000027552a65bb0 JavaThread "ForkJoinPool-1-worker-3"    daemon [_thread_blocked, id=1648, stack(0x0000009f88700000,0x0000009f88800000) (1024K)]
  0x0000027552a66380 JavaThread "ForkJoinPool-1-worker-4"    daemon [_thread_blocked, id=1572, stack(0x0000009f88800000,0x0000009f88900000) (1024K)]
  0x0000027552a96cc0 JavaThread "ForkJoinPool.commonPool-worker-1" daemon [_thread_blocked, id=10276, stack(0x0000009f88900000,0x0000009f88a00000) (1024K)]
  0x0000027552a98430 JavaThread "Periodic tasks thread"      daemon [_thread_blocked, id=2540, stack(0x0000009f88a00000,0x0000009f88b00000) (1024K)]
  0x0000027552a98c00 JavaThread "ApplicationImpl pooled thread 1"        [_thread_blocked, id=2200, stack(0x0000009f88b00000,0x0000009f88c00000) (1024K)]
  0x0000027552aa18a0 JavaThread "Java2D Disposer"            daemon [_thread_blocked, id=17876, stack(0x0000009f88f00000,0x0000009f89000000) (1024K)]
  0x0000027552aa4780 JavaThread "AWT-Windows"                daemon [_thread_in_native, id=3152, stack(0x0000009f89100000,0x0000009f89200000) (1024K)]
  0x0000027552aa7660 JavaThread "ForkJoinPool.commonPool-worker-2" daemon [_thread_blocked, id=13976, stack(0x0000009f89000000,0x0000009f89100000) (1024K)]
  0x0000027552aac480 JavaThread "Keep-Alive-Timer"           daemon [_thread_blocked, id=14392, stack(0x0000009f89400000,0x0000009f89500000) (1024K)]
  0x000002755dbf64d0 JavaThread "ApplicationImpl pooled thread 2"        [_thread_blocked, id=14496, stack(0x0000009f89500000,0x0000009f89600000) (1024K)]
  0x000002755df6c200 JavaThread "C2 CompilerThread1"         daemon [_thread_blocked, id=7140, stack(0x0000009f89600000,0x0000009f89700000) (1024K)]
  0x000002755dbfd230 JavaThread "ForkJoinPool.commonPool-worker-3" daemon [_thread_blocked, id=17052, stack(0x0000009f89200000,0x0000009f89300000) (1024K)]
Total: 140

Other Threads:
=>0x000002753e04af60 VMThread "VM Thread"                           [id=12316, stack(0x0000009f80200000,0x0000009f80300000) (1024K)]
  0x000002753e023bb0 WatcherThread "VM Periodic Task Thread"        [id=17928, stack(0x0000009f80100000,0x0000009f80200000) (1024K)]
  0x000002751080ae20 WorkerThread "GC Thread#0"                     [id=18944, stack(0x0000009fffc00000,0x0000009fffd00000) (1024K)]
  0x00000275455c9780 WorkerThread "GC Thread#1"                     [id=8724, stack(0x0000009f80d00000,0x0000009f80e00000) (1024K)]
  0x00000275455c9bb0 WorkerThread "GC Thread#2"                     [id=14612, stack(0x0000009f80e00000,0x0000009f80f00000) (1024K)]
  0x00000275455f3570 WorkerThread "GC Thread#3"                     [id=4532, stack(0x0000009f80f00000,0x0000009f81000000) (1024K)]
  0x000002751081c6e0 ConcurrentGCThread "G1 Main Marker"            [id=4536, stack(0x0000009fffd00000,0x0000009fffe00000) (1024K)]
  0x000002753ded81f0 WorkerThread "G1 Conc#0"                       [id=9872, stack(0x0000009fffe00000,0x0000009ffff00000) (1024K)]
  0x000002753defa290 ConcurrentGCThread "G1 Refine#0"               [id=14892, stack(0x0000009ffff00000,0x000000a000000000) (1024K)]
  0x000002753defaca0 ConcurrentGCThread "G1 Service"                [id=14384, stack(0x0000009f80000000,0x0000009f80100000) (1024K)]
Total: 10

Threads with active compile tasks:
C2 CompilerThread0  236302 51099       4       org.gradle.internal.file.FileHierarchySet$Node::plusWithCommonPrefixLength (341 bytes)
C2 CompilerThread1  236302 51024   !   4       com.android.tools.r8.internal.hx3::<init> (311 bytes)
Total: 2

VM state: at safepoint (normal execution)

VM Mutex/Monitor currently owned by a thread:  ([mutex/lock_event])
[0x00007ffbcf164698] Threads_lock - owner thread: 0x000002753e04af60
[0x00007ffbcf164818] Heap_lock - owner thread: 0x000002754fc30d90

Heap address: 0x0000000600000000, size: 8192 MB, Compressed Oops mode: Zero based, Oop shift amount: 3

CDS archive(s) not mapped
Compressed class space mapped at: 0x00000000a9000000-0x00000000e9000000, reserved size: 1073741824
UseCompressedClassPointers 1, UseCompactObjectHeaders 0
Narrow klass pointer bits 32, Max shift 3
Narrow klass base: 0x0000000000000000, Narrow klass shift: 0
Encoding Range: [0x0000000000000000 - 0x0000000100000000), (4294967296 bytes)
Klass Range:    [0x00000000a9000000 - 0x00000000e9000000), (1073741824 bytes)
Klass ID Range:  [2835349504 - 3909091321) (1073741817)
No protection zone.

GC Precious Log:
 CardTable entry size: 512
 Card Set container configuration: InlinePtr #cards 4 size 8 Array Of Cards #cards 32 size 80 Howl #buckets 8 coarsen threshold 7372 Howl Bitmap #cards 1024 size 144 coarsen threshold 921 Card regions per heap region 1 cards per card region 8192
 CPUs: 4 total, 4 available
 Memory: 8015M
 Large Page Support: Disabled
 NUMA Support: Disabled
 Compressed Oops: Enabled (Zero based)
 Heap Region Size: 4M
 Heap Min Capacity: 8M
 Heap Initial Capacity: 128M
 Heap Max Capacity: 8G
 Pre-touch: Disabled
 Parallel Workers: 4
 Concurrent Workers: 1
 Concurrent Refinement Workers: 4
 Periodic GC: Disabled

Heap:
 garbage-first heap   total reserved 8388608K, committed 2117632K, used 770894K [0x0000000600000000, 0x0000000800000000)
  region size 4096K, 4 young (16384K), 4 survivors (16384K)

Heap Regions: E=young(eden), S=young(survivor), O=old, HS=humongous(starts), HC=humongous(continues), CS=collection set, F=free, TAMS=top-at-mark-start, PB=parsable bottom
|   0|0x0000000600000000, 0x0000000600400000, 0x0000000600400000|100%|HS|  |TAMS 0x0000000600400000| PB 0x0000000600000000| Complete |  0
|   1|0x0000000600400000, 0x0000000600800000, 0x0000000600800000|100%| O|  |TAMS 0x0000000600800000| PB 0x0000000600400000| Untracked |  0
|   2|0x0000000600800000, 0x0000000600c00000, 0x0000000600c00000|100%| O|  |TAMS 0x0000000600c00000| PB 0x0000000600800000| Untracked |  0
|   3|0x0000000600c00000, 0x0000000601000000, 0x0000000601000000|100%| O|  |TAMS 0x0000000601000000| PB 0x0000000600c00000| Untracked |  0
|   4|0x0000000601000000, 0x0000000601400000, 0x0000000601400000|100%| O|  |TAMS 0x0000000601400000| PB 0x0000000601000000| Untracked |  0
|   5|0x0000000601400000, 0x0000000601800000, 0x0000000601800000|100%| O|  |TAMS 0x0000000601800000| PB 0x0000000601400000| Untracked |  0
|   6|0x0000000601800000, 0x0000000601c00000, 0x0000000601c00000|100%| O|  |TAMS 0x0000000601c00000| PB 0x0000000601800000| Untracked |  0
|   7|0x0000000601c00000, 0x0000000602000000, 0x0000000602000000|100%| O|  |TAMS 0x0000000602000000| PB 0x0000000601c00000| Untracked |  0
|   8|0x0000000602000000, 0x0000000602400000, 0x0000000602400000|100%| O|  |TAMS 0x0000000602400000| PB 0x0000000602000000| Untracked |  0
|   9|0x0000000602400000, 0x0000000602800000, 0x0000000602800000|100%| O|  |TAMS 0x0000000602800000| PB 0x0000000602400000| Untracked |  0
|  10|0x0000000602800000, 0x0000000602c00000, 0x0000000602c00000|100%| O|  |TAMS 0x0000000602c00000| PB 0x0000000602800000| Untracked |  0
|  11|0x0000000602c00000, 0x0000000603000000, 0x0000000603000000|100%| O|  |TAMS 0x0000000603000000| PB 0x0000000602c00000| Untracked |  0
|  12|0x0000000603000000, 0x0000000603400000, 0x0000000603400000|100%| O|  |TAMS 0x0000000603400000| PB 0x0000000603000000| Untracked |  0
|  13|0x0000000603400000, 0x0000000603800000, 0x0000000603800000|100%| O|  |TAMS 0x0000000603800000| PB 0x0000000603400000| Untracked |  0
|  14|0x0000000603800000, 0x0000000603c00000, 0x0000000603c00000|100%| O|  |TAMS 0x0000000603c00000| PB 0x0000000603800000| Untracked |  0
|  15|0x0000000603c00000, 0x0000000604000000, 0x0000000604000000|100%| O|  |TAMS 0x0000000604000000| PB 0x0000000603c00000| Untracked |  0
|  16|0x0000000604000000, 0x0000000604400000, 0x0000000604400000|100%| O|  |TAMS 0x0000000604400000| PB 0x0000000604000000| Untracked |  0
|  17|0x0000000604400000, 0x0000000604800000, 0x0000000604800000|100%| O|  |TAMS 0x0000000604800000| PB 0x0000000604400000| Untracked |  0
|  18|0x0000000604800000, 0x0000000604c00000, 0x0000000604c00000|100%| O|  |TAMS 0x0000000604c00000| PB 0x0000000604800000| Untracked |  0
|  19|0x0000000604c00000, 0x0000000605000000, 0x0000000605000000|100%| O|  |TAMS 0x0000000605000000| PB 0x0000000604c00000| Untracked |  0
|  20|0x0000000605000000, 0x0000000605400000, 0x0000000605400000|100%| O|  |TAMS 0x0000000605400000| PB 0x0000000605000000| Untracked |  0
|  21|0x0000000605400000, 0x0000000605800000, 0x0000000605800000|100%| O|  |TAMS 0x0000000605800000| PB 0x0000000605400000| Untracked |  0
|  22|0x0000000605800000, 0x0000000605c00000, 0x0000000605c00000|100%| O|  |TAMS 0x0000000605c00000| PB 0x0000000605800000| Untracked |  0
|  23|0x0000000605c00000, 0x0000000606000000, 0x0000000606000000|100%| O|  |TAMS 0x0000000606000000| PB 0x0000000605c00000| Untracked |  0
|  24|0x0000000606000000, 0x0000000606400000, 0x0000000606400000|100%| O|  |TAMS 0x0000000606400000| PB 0x0000000606000000| Untracked |  0
|  25|0x0000000606400000, 0x0000000606800000, 0x0000000606800000|100%| O|  |TAMS 0x0000000606800000| PB 0x0000000606400000| Untracked |  0
|  26|0x0000000606800000, 0x0000000606c00000, 0x0000000606c00000|100%| O|  |TAMS 0x0000000606c00000| PB 0x0000000606800000| Untracked |  0
|  27|0x0000000606c00000, 0x0000000607000000, 0x0000000607000000|100%| O|  |TAMS 0x0000000607000000| PB 0x0000000606c00000| Untracked |  0
|  28|0x0000000607000000, 0x0000000607400000, 0x0000000607400000|100%|HS|  |TAMS 0x0000000607400000| PB 0x0000000607000000| Complete |  0
|  29|0x0000000607400000, 0x0000000607800000, 0x0000000607800000|100%| O|  |TAMS 0x0000000607800000| PB 0x0000000607400000| Untracked |  0
|  30|0x0000000607800000, 0x0000000607c00000, 0x0000000607c00000|100%| O|  |TAMS 0x0000000607c00000| PB 0x0000000607800000| Untracked |  0
|  31|0x0000000607c00000, 0x0000000608000000, 0x0000000608000000|100%| O|  |TAMS 0x0000000608000000| PB 0x0000000607c00000| Untracked |  0
|  32|0x0000000608000000, 0x0000000608400000, 0x0000000608400000|100%| O|  |TAMS 0x0000000608400000| PB 0x0000000608000000| Untracked |  0
|  33|0x0000000608400000, 0x0000000608800000, 0x0000000608800000|100%| O|  |TAMS 0x0000000608800000| PB 0x0000000608400000| Untracked |  0
|  34|0x0000000608800000, 0x0000000608c00000, 0x0000000608c00000|100%| O|  |TAMS 0x0000000608c00000| PB 0x0000000608800000| Untracked |  0
|  35|0x0000000608c00000, 0x0000000609000000, 0x0000000609000000|100%| O|  |TAMS 0x0000000609000000| PB 0x0000000608c00000| Untracked |  0
|  36|0x0000000609000000, 0x0000000609400000, 0x0000000609400000|100%| O|  |TAMS 0x0000000609400000| PB 0x0000000609000000| Untracked |  0
|  37|0x0000000609400000, 0x0000000609800000, 0x0000000609800000|100%| O|  |TAMS 0x0000000609800000| PB 0x0000000609400000| Untracked |  0
|  38|0x0000000609800000, 0x0000000609c00000, 0x0000000609c00000|100%| O|  |TAMS 0x0000000609c00000| PB 0x0000000609800000| Untracked |  0
|  39|0x0000000609c00000, 0x000000060a000000, 0x000000060a000000|100%| O|  |TAMS 0x000000060a000000| PB 0x0000000609c00000| Untracked |  0
|  40|0x000000060a000000, 0x000000060a400000, 0x000000060a400000|100%| O|  |TAMS 0x000000060a400000| PB 0x000000060a000000| Untracked |  0
|  41|0x000000060a400000, 0x000000060a800000, 0x000000060a800000|100%| O|  |TAMS 0x000000060a800000| PB 0x000000060a400000| Untracked |  0
|  42|0x000000060a800000, 0x000000060ac00000, 0x000000060ac00000|100%| O|  |TAMS 0x000000060ac00000| PB 0x000000060a800000| Untracked |  0
|  43|0x000000060ac00000, 0x000000060b000000, 0x000000060b000000|100%| O|  |TAMS 0x000000060b000000| PB 0x000000060ac00000| Untracked |  0
|  44|0x000000060b000000, 0x000000060b400000, 0x000000060b400000|100%| O|  |TAMS 0x000000060b400000| PB 0x000000060b000000| Untracked |  0
|  45|0x000000060b400000, 0x000000060b800000, 0x000000060b800000|100%|HS|  |TAMS 0x000000060b800000| PB 0x000000060b400000| Complete |  0
|  46|0x000000060b800000, 0x000000060bc00000, 0x000000060bc00000|100%| O|  |TAMS 0x000000060bc00000| PB 0x000000060b800000| Untracked |  0
|  47|0x000000060bc00000, 0x000000060c000000, 0x000000060c000000|100%| O|  |TAMS 0x000000060c000000| PB 0x000000060bc00000| Untracked |  0
|  48|0x000000060c000000, 0x000000060c400000, 0x000000060c400000|100%| O|  |TAMS 0x000000060c400000| PB 0x000000060c000000| Untracked |  0
|  49|0x000000060c400000, 0x000000060c800000, 0x000000060c800000|100%| O|  |TAMS 0x000000060c800000| PB 0x000000060c400000| Untracked |  0
|  50|0x000000060c800000, 0x000000060cc00000, 0x000000060cc00000|100%| O|  |TAMS 0x000000060cc00000| PB 0x000000060c800000| Untracked |  0
|  51|0x000000060cc00000, 0x000000060d000000, 0x000000060d000000|100%| O|  |TAMS 0x000000060d000000| PB 0x000000060cc00000| Untracked |  0
|  52|0x000000060d000000, 0x000000060d400000, 0x000000060d400000|100%| O|  |TAMS 0x000000060d400000| PB 0x000000060d000000| Untracked |  0
|  53|0x000000060d400000, 0x000000060d800000, 0x000000060d800000|100%| O|  |TAMS 0x000000060d800000| PB 0x000000060d400000| Untracked |  0
|  54|0x000000060d800000, 0x000000060d800000, 0x000000060dc00000|  0%| F|  |TAMS 0x000000060d800000| PB 0x000000060d800000| Untracked |  0
|  55|0x000000060dc00000, 0x000000060e000000, 0x000000060e000000|100%| O|  |TAMS 0x000000060e000000| PB 0x000000060dc00000| Untracked |  0
|  56|0x000000060e000000, 0x000000060e400000, 0x000000060e400000|100%| O|  |TAMS 0x000000060e400000| PB 0x000000060e000000| Untracked |  0
|  57|0x000000060e400000, 0x000000060e800000, 0x000000060e800000|100%| O|  |TAMS 0x000000060e800000| PB 0x000000060e400000| Untracked |  0
|  58|0x000000060e800000, 0x000000060ec00000, 0x000000060ec00000|100%| O|  |TAMS 0x000000060ec00000| PB 0x000000060e800000| Untracked |  0
|  59|0x000000060ec00000, 0x000000060f000000, 0x000000060f000000|100%| O|  |TAMS 0x000000060f000000| PB 0x000000060ec00000| Untracked |  0
|  60|0x000000060f000000, 0x000000060f400000, 0x000000060f400000|100%| O|  |TAMS 0x000000060f400000| PB 0x000000060f000000| Untracked |  0
|  61|0x000000060f400000, 0x000000060f800000, 0x000000060f800000|100%| O|  |TAMS 0x000000060f800000| PB 0x000000060f400000| Untracked |  0
|  62|0x000000060f800000, 0x000000060fc00000, 0x000000060fc00000|100%| O|  |TAMS 0x000000060fc00000| PB 0x000000060f800000| Untracked |  0
|  63|0x000000060fc00000, 0x0000000610000000, 0x0000000610000000|100%| O|  |TAMS 0x0000000610000000| PB 0x000000060fc00000| Untracked |  0
|  64|0x0000000610000000, 0x0000000610400000, 0x0000000610400000|100%| O|  |TAMS 0x0000000610400000| PB 0x0000000610000000| Untracked |  0
|  65|0x0000000610400000, 0x0000000610800000, 0x0000000610800000|100%|HS|  |TAMS 0x0000000610800000| PB 0x0000000610400000| Complete |  0
|  66|0x0000000610800000, 0x0000000610a35700, 0x0000000610c00000| 55%| O|  |TAMS 0x0000000610a35700| PB 0x0000000610800000| Untracked |  0
|  67|0x0000000610c00000, 0x0000000611000000, 0x0000000611000000|100%| O|  |TAMS 0x0000000611000000| PB 0x0000000610c00000| Untracked |  0
|  68|0x0000000611000000, 0x0000000611400000, 0x0000000611400000|100%| O|  |TAMS 0x0000000611400000| PB 0x0000000611000000| Untracked |  0
|  69|0x0000000611400000, 0x0000000611800000, 0x0000000611800000|100%| O|  |TAMS 0x0000000611800000| PB 0x0000000611400000| Untracked |  0
|  70|0x0000000611800000, 0x0000000611c00000, 0x0000000611c00000|100%| O|  |TAMS 0x0000000611c00000| PB 0x0000000611800000| Untracked |  0
|  71|0x0000000611c00000, 0x0000000612000000, 0x0000000612000000|100%| O|  |TAMS 0x0000000612000000| PB 0x0000000611c00000| Untracked |  0
|  72|0x0000000612000000, 0x0000000612400000, 0x0000000612400000|100%|HS|  |TAMS 0x0000000612400000| PB 0x0000000612000000| Complete |  0
|  73|0x0000000612400000, 0x0000000612800000, 0x0000000612800000|100%|HS|  |TAMS 0x0000000612800000| PB 0x0000000612400000| Complete |  0
|  74|0x0000000612800000, 0x0000000612c00000, 0x0000000612c00000|100%| O|  |TAMS 0x0000000612c00000| PB 0x0000000612800000| Untracked |  0
|  75|0x0000000612c00000, 0x0000000613000000, 0x0000000613000000|100%| O|  |TAMS 0x0000000613000000| PB 0x0000000612c00000| Untracked |  0
|  76|0x0000000613000000, 0x0000000613400000, 0x0000000613400000|100%| O|  |TAMS 0x0000000613400000| PB 0x0000000613000000| Untracked |  0
|  77|0x0000000613400000, 0x0000000613800000, 0x0000000613800000|100%| O|  |TAMS 0x0000000613800000| PB 0x0000000613400000| Untracked |  0
|  78|0x0000000613800000, 0x0000000613c00000, 0x0000000613c00000|100%| O|  |TAMS 0x0000000613c00000| PB 0x0000000613800000| Untracked |  0
|  79|0x0000000613c00000, 0x0000000614000000, 0x0000000614000000|100%| O|  |TAMS 0x0000000614000000| PB 0x0000000613c00000| Untracked |  0
|  80|0x0000000614000000, 0x0000000614400000, 0x0000000614400000|100%| O|  |TAMS 0x0000000614400000| PB 0x0000000614000000| Untracked |  0
|  81|0x0000000614400000, 0x0000000614800000, 0x0000000614800000|100%| O|  |TAMS 0x0000000614800000| PB 0x0000000614400000| Untracked |  0
|  82|0x0000000614800000, 0x0000000614c00000, 0x0000000614c00000|100%| O|  |TAMS 0x0000000614c00000| PB 0x0000000614800000| Untracked |  0
|  83|0x0000000614c00000, 0x0000000615000000, 0x0000000615000000|100%| O|  |TAMS 0x0000000615000000| PB 0x0000000614c00000| Untracked |  0
|  84|0x0000000615000000, 0x0000000615400000, 0x0000000615400000|100%| O|  |TAMS 0x0000000615400000| PB 0x0000000615000000| Untracked |  0
|  85|0x0000000615400000, 0x0000000615800000, 0x0000000615800000|100%| O|  |TAMS 0x0000000615800000| PB 0x0000000615400000| Untracked |  0
|  86|0x0000000615800000, 0x0000000615c00000, 0x0000000615c00000|100%| O|  |TAMS 0x0000000615c00000| PB 0x0000000615800000| Untracked |  0
|  87|0x0000000615c00000, 0x0000000616000000, 0x0000000616000000|100%| O|  |TAMS 0x0000000616000000| PB 0x0000000615c00000| Untracked |  0
|  88|0x0000000616000000, 0x0000000616400000, 0x0000000616400000|100%| O|  |TAMS 0x0000000616400000| PB 0x0000000616000000| Untracked |  0
|  89|0x0000000616400000, 0x0000000616800000, 0x0000000616800000|100%| O|  |TAMS 0x0000000616800000| PB 0x0000000616400000| Untracked |  0
|  90|0x0000000616800000, 0x0000000616c00000, 0x0000000616c00000|100%| O|  |TAMS 0x0000000616c00000| PB 0x0000000616800000| Untracked |  0
|  91|0x0000000616c00000, 0x0000000617000000, 0x0000000617000000|100%| O|  |TAMS 0x0000000617000000| PB 0x0000000616c00000| Untracked |  0
|  92|0x0000000617000000, 0x0000000617400000, 0x0000000617400000|100%| O|  |TAMS 0x0000000617400000| PB 0x0000000617000000| Untracked |  0
|  93|0x0000000617400000, 0x0000000617800000, 0x0000000617800000|100%| O|  |TAMS 0x0000000617800000| PB 0x0000000617400000| Untracked |  0
|  94|0x0000000617800000, 0x0000000617c00000, 0x0000000617c00000|100%| O|  |TAMS 0x0000000617c00000| PB 0x0000000617800000| Untracked |  0
|  95|0x0000000617c00000, 0x0000000618000000, 0x0000000618000000|100%| O|  |TAMS 0x0000000618000000| PB 0x0000000617c00000| Untracked |  0
|  96|0x0000000618000000, 0x0000000618400000, 0x0000000618400000|100%| O|  |TAMS 0x0000000618400000| PB 0x0000000618000000| Untracked |  0
|  97|0x0000000618400000, 0x0000000618800000, 0x0000000618800000|100%| O|  |TAMS 0x0000000618800000| PB 0x0000000618400000| Untracked |  0
|  98|0x0000000618800000, 0x0000000618c00000, 0x0000000618c00000|100%| O|  |TAMS 0x0000000618c00000| PB 0x0000000618800000| Untracked |  0
|  99|0x0000000618c00000, 0x0000000619000000, 0x0000000619000000|100%| O|  |TAMS 0x0000000619000000| PB 0x0000000618c00000| Untracked |  0
| 100|0x0000000619000000, 0x0000000619400000, 0x0000000619400000|100%| O|  |TAMS 0x0000000619400000| PB 0x0000000619000000| Untracked |  0
| 101|0x0000000619400000, 0x0000000619800000, 0x0000000619800000|100%| O|  |TAMS 0x0000000619800000| PB 0x0000000619400000| Untracked |  0
| 102|0x0000000619800000, 0x0000000619c00000, 0x0000000619c00000|100%| O|  |TAMS 0x0000000619c00000| PB 0x0000000619800000| Untracked |  0
| 103|0x0000000619c00000, 0x000000061a000000, 0x000000061a000000|100%| O|  |TAMS 0x000000061a000000| PB 0x0000000619c00000| Untracked |  0
| 104|0x000000061a000000, 0x000000061a400000, 0x000000061a400000|100%| O|  |TAMS 0x000000061a400000| PB 0x000000061a000000| Untracked |  0
| 105|0x000000061a400000, 0x000000061a800000, 0x000000061a800000|100%| O|  |TAMS 0x000000061a800000| PB 0x000000061a400000| Untracked |  0
| 106|0x000000061a800000, 0x000000061ac00000, 0x000000061ac00000|100%| O|  |TAMS 0x000000061ac00000| PB 0x000000061a800000| Untracked |  0
| 107|0x000000061ac00000, 0x000000061b000000, 0x000000061b000000|100%| O|  |TAMS 0x000000061b000000| PB 0x000000061ac00000| Untracked |  0
| 108|0x000000061b000000, 0x000000061b400000, 0x000000061b400000|100%| O|  |TAMS 0x000000061b400000| PB 0x000000061b000000| Untracked |  0
| 109|0x000000061b400000, 0x000000061b800000, 0x000000061b800000|100%| O|  |TAMS 0x000000061b800000| PB 0x000000061b400000| Untracked |  0
| 110|0x000000061b800000, 0x000000061bc00000, 0x000000061bc00000|100%| O|  |TAMS 0x000000061bc00000| PB 0x000000061b800000| Untracked |  0
| 111|0x000000061bc00000, 0x000000061c000000, 0x000000061c000000|100%| O|  |TAMS 0x000000061c000000| PB 0x000000061bc00000| Untracked |  0
| 112|0x000000061c000000, 0x000000061c400000, 0x000000061c400000|100%| O|  |TAMS 0x000000061c400000| PB 0x000000061c000000| Untracked |  0
| 113|0x000000061c400000, 0x000000061c800000, 0x000000061c800000|100%| O|  |TAMS 0x000000061c800000| PB 0x000000061c400000| Untracked |  0
| 114|0x000000061c800000, 0x000000061cc00000, 0x000000061cc00000|100%| O|  |TAMS 0x000000061cc00000| PB 0x000000061c800000| Untracked |  0
| 115|0x000000061cc00000, 0x000000061d000000, 0x000000061d000000|100%| O|  |TAMS 0x000000061d000000| PB 0x000000061cc00000| Untracked |  0
| 116|0x000000061d000000, 0x000000061d400000, 0x000000061d400000|100%| O|  |TAMS 0x000000061d400000| PB 0x000000061d000000| Untracked |  0
| 117|0x000000061d400000, 0x000000061d800000, 0x000000061d800000|100%| O|  |TAMS 0x000000061d800000| PB 0x000000061d400000| Untracked |  0
| 118|0x000000061d800000, 0x000000061dc00000, 0x000000061dc00000|100%| O|  |TAMS 0x000000061dc00000| PB 0x000000061d800000| Untracked |  0
| 119|0x000000061dc00000, 0x000000061e000000, 0x000000061e000000|100%| O|  |TAMS 0x000000061e000000| PB 0x000000061dc00000| Untracked |  0
| 120|0x000000061e000000, 0x000000061e400000, 0x000000061e400000|100%| O|  |TAMS 0x000000061e400000| PB 0x000000061e000000| Untracked |  0
| 121|0x000000061e400000, 0x000000061e800000, 0x000000061e800000|100%| O|  |TAMS 0x000000061e800000| PB 0x000000061e400000| Untracked |  0
| 122|0x000000061e800000, 0x000000061ec00000, 0x000000061ec00000|100%| O|  |TAMS 0x000000061ec00000| PB 0x000000061e800000| Untracked |  0
| 123|0x000000061ec00000, 0x000000061f000000, 0x000000061f000000|100%| O|  |TAMS 0x000000061f000000| PB 0x000000061ec00000| Untracked |  0
| 124|0x000000061f000000, 0x000000061f400000, 0x000000061f400000|100%| O|  |TAMS 0x000000061f400000| PB 0x000000061f000000| Untracked |  0
| 125|0x000000061f400000, 0x000000061f800000, 0x000000061f800000|100%| O|  |TAMS 0x000000061f800000| PB 0x000000061f400000| Untracked |  0
| 126|0x000000061f800000, 0x000000061fc00000, 0x000000061fc00000|100%| O|  |TAMS 0x000000061fc00000| PB 0x000000061f800000| Untracked |  0
| 127|0x000000061fc00000, 0x0000000620000000, 0x0000000620000000|100%| O|  |TAMS 0x0000000620000000| PB 0x000000061fc00000| Untracked |  0
| 128|0x0000000620000000, 0x0000000620400000, 0x0000000620400000|100%| O|  |TAMS 0x0000000620400000| PB 0x0000000620000000| Untracked |  0
| 129|0x0000000620400000, 0x0000000620800000, 0x0000000620800000|100%| O|  |TAMS 0x0000000620800000| PB 0x0000000620400000| Untracked |  0
| 130|0x0000000620800000, 0x0000000620c00000, 0x0000000620c00000|100%| O|  |TAMS 0x0000000620c00000| PB 0x0000000620800000| Untracked |  0
| 131|0x0000000620c00000, 0x0000000621000000, 0x0000000621000000|100%| O|  |TAMS 0x0000000621000000| PB 0x0000000620c00000| Untracked |  0
| 132|0x0000000621000000, 0x0000000621400000, 0x0000000621400000|100%| O|  |TAMS 0x0000000621400000| PB 0x0000000621000000| Untracked |  0
| 133|0x0000000621400000, 0x0000000621800000, 0x0000000621800000|100%| O|  |TAMS 0x0000000621800000| PB 0x0000000621400000| Untracked |  0
| 134|0x0000000621800000, 0x0000000621c00000, 0x0000000621c00000|100%| O|  |TAMS 0x0000000621c00000| PB 0x0000000621800000| Untracked |  0
| 135|0x0000000621c00000, 0x0000000622000000, 0x0000000622000000|100%| O|  |TAMS 0x0000000622000000| PB 0x0000000621c00000| Untracked |  0
| 136|0x0000000622000000, 0x0000000622400000, 0x0000000622400000|100%| O|  |TAMS 0x0000000622400000| PB 0x0000000622000000| Untracked |  0
| 137|0x0000000622400000, 0x0000000622800000, 0x0000000622800000|100%| O|  |TAMS 0x0000000622800000| PB 0x0000000622400000| Untracked |  0
| 138|0x0000000622800000, 0x0000000622c00000, 0x0000000622c00000|100%| O|  |TAMS 0x0000000622c00000| PB 0x0000000622800000| Untracked |  0
| 139|0x0000000622c00000, 0x0000000623000000, 0x0000000623000000|100%| O|  |TAMS 0x0000000623000000| PB 0x0000000622c00000| Untracked |  0
| 140|0x0000000623000000, 0x0000000623400000, 0x0000000623400000|100%| O|  |TAMS 0x0000000623400000| PB 0x0000000623000000| Untracked |  0
| 141|0x0000000623400000, 0x0000000623800000, 0x0000000623800000|100%| O|  |TAMS 0x0000000623800000| PB 0x0000000623400000| Untracked |  0
| 142|0x0000000623800000, 0x0000000623c00000, 0x0000000623c00000|100%| O|  |TAMS 0x0000000623c00000| PB 0x0000000623800000| Untracked |  0
| 143|0x0000000623c00000, 0x0000000624000000, 0x0000000624000000|100%| O|  |TAMS 0x0000000624000000| PB 0x0000000623c00000| Untracked |  0
| 144|0x0000000624000000, 0x0000000624400000, 0x0000000624400000|100%| O|  |TAMS 0x0000000624400000| PB 0x0000000624000000| Untracked |  0
| 145|0x0000000624400000, 0x0000000624800000, 0x0000000624800000|100%| O|  |TAMS 0x0000000624800000| PB 0x0000000624400000| Untracked |  0
| 146|0x0000000624800000, 0x0000000624c00000, 0x0000000624c00000|100%| O|  |TAMS 0x0000000624c00000| PB 0x0000000624800000| Untracked |  0
| 147|0x0000000624c00000, 0x0000000625000000, 0x0000000625000000|100%| O|  |TAMS 0x0000000625000000| PB 0x0000000624c00000| Untracked |  0
| 148|0x0000000625000000, 0x0000000625400000, 0x0000000625400000|100%| O|  |TAMS 0x0000000625400000| PB 0x0000000625000000| Untracked |  0
| 149|0x0000000625400000, 0x0000000625800000, 0x0000000625800000|100%| O|  |TAMS 0x0000000625800000| PB 0x0000000625400000| Untracked |  0
| 150|0x0000000625800000, 0x0000000625c00000, 0x0000000625c00000|100%| O|  |TAMS 0x0000000625c00000| PB 0x0000000625800000| Untracked |  0
| 151|0x0000000625c00000, 0x0000000626000000, 0x0000000626000000|100%| O|  |TAMS 0x0000000626000000| PB 0x0000000625c00000| Untracked |  0
| 152|0x0000000626000000, 0x0000000626400000, 0x0000000626400000|100%| O|  |TAMS 0x0000000626400000| PB 0x0000000626000000| Untracked |  0
| 153|0x0000000626400000, 0x0000000626800000, 0x0000000626800000|100%| O|  |TAMS 0x0000000626800000| PB 0x0000000626400000| Untracked |  0
| 154|0x0000000626800000, 0x0000000626c00000, 0x0000000626c00000|100%| O|  |TAMS 0x0000000626c00000| PB 0x0000000626800000| Untracked |  0
| 155|0x0000000626c00000, 0x0000000627000000, 0x0000000627000000|100%| O|  |TAMS 0x0000000627000000| PB 0x0000000626c00000| Untracked |  0
| 156|0x0000000627000000, 0x0000000627400000, 0x0000000627400000|100%| O|  |TAMS 0x0000000627400000| PB 0x0000000627000000| Untracked |  0
| 157|0x0000000627400000, 0x0000000627800000, 0x0000000627800000|100%| O|  |TAMS 0x0000000627800000| PB 0x0000000627400000| Untracked |  0
| 158|0x0000000627800000, 0x0000000627c00000, 0x0000000627c00000|100%| O|  |TAMS 0x0000000627c00000| PB 0x0000000627800000| Untracked |  0
| 159|0x0000000627c00000, 0x0000000628000000, 0x0000000628000000|100%| O|  |TAMS 0x0000000628000000| PB 0x0000000627c00000| Untracked |  0
| 160|0x0000000628000000, 0x0000000628400000, 0x0000000628400000|100%| O|  |TAMS 0x0000000628400000| PB 0x0000000628000000| Untracked |  0
| 161|0x0000000628400000, 0x0000000628800000, 0x0000000628800000|100%| O|  |TAMS 0x0000000628800000| PB 0x0000000628400000| Untracked |  0
| 162|0x0000000628800000, 0x0000000628c00000, 0x0000000628c00000|100%| O|  |TAMS 0x0000000628c00000| PB 0x0000000628800000| Untracked |  0
| 163|0x0000000628c00000, 0x0000000629000000, 0x0000000629000000|100%| O|  |TAMS 0x0000000629000000| PB 0x0000000628c00000| Untracked |  0
| 164|0x0000000629000000, 0x0000000629400000, 0x0000000629400000|100%| O|  |TAMS 0x0000000629400000| PB 0x0000000629000000| Untracked |  0
| 165|0x0000000629400000, 0x0000000629800000, 0x0000000629800000|100%| O|  |TAMS 0x0000000629800000| PB 0x0000000629400000| Untracked |  0
| 166|0x0000000629800000, 0x0000000629c00000, 0x0000000629c00000|100%| O|  |TAMS 0x0000000629c00000| PB 0x0000000629800000| Untracked |  0
| 167|0x0000000629c00000, 0x000000062a000000, 0x000000062a000000|100%| O|  |TAMS 0x000000062a000000| PB 0x0000000629c00000| Untracked |  0
| 168|0x000000062a000000, 0x000000062a400000, 0x000000062a400000|100%| O|  |TAMS 0x000000062a400000| PB 0x000000062a000000| Untracked |  0
| 169|0x000000062a400000, 0x000000062a800000, 0x000000062a800000|100%| O|  |TAMS 0x000000062a800000| PB 0x000000062a400000| Untracked |  0
| 170|0x000000062a800000, 0x000000062ac00000, 0x000000062ac00000|100%| O|  |TAMS 0x000000062ac00000| PB 0x000000062a800000| Untracked |  0
| 171|0x000000062ac00000, 0x000000062b000000, 0x000000062b000000|100%| O|  |TAMS 0x000000062b000000| PB 0x000000062ac00000| Untracked |  0
| 172|0x000000062b000000, 0x000000062b400000, 0x000000062b400000|100%| O|  |TAMS 0x000000062b400000| PB 0x000000062b000000| Untracked |  0
| 173|0x000000062b400000, 0x000000062b800000, 0x000000062b800000|100%| O|  |TAMS 0x000000062b800000| PB 0x000000062b400000| Untracked |  0
| 174|0x000000062b800000, 0x000000062bc00000, 0x000000062bc00000|100%| O|  |TAMS 0x000000062bc00000| PB 0x000000062b800000| Untracked |  0
| 175|0x000000062bc00000, 0x000000062c000000, 0x000000062c000000|100%| O|  |TAMS 0x000000062c000000| PB 0x000000062bc00000| Untracked |  0
| 176|0x000000062c000000, 0x000000062c400000, 0x000000062c400000|100%| O|  |TAMS 0x000000062c400000| PB 0x000000062c000000| Untracked |  0
| 177|0x000000062c400000, 0x000000062c800000, 0x000000062c800000|100%| O|  |TAMS 0x000000062c800000| PB 0x000000062c400000| Untracked |  0
| 178|0x000000062c800000, 0x000000062cc00000, 0x000000062cc00000|100%| O|  |TAMS 0x000000062cc00000| PB 0x000000062c800000| Untracked |  0
| 179|0x000000062cc00000, 0x000000062d000000, 0x000000062d000000|100%| O|  |TAMS 0x000000062d000000| PB 0x000000062cc00000| Untracked |  0
| 180|0x000000062d000000, 0x000000062d400000, 0x000000062d400000|100%| O|  |TAMS 0x000000062d400000| PB 0x000000062d000000| Untracked |  0
| 181|0x000000062d400000, 0x000000062d400000, 0x000000062d800000|  0%| F|  |TAMS 0x000000062d400000| PB 0x000000062d400000| Untracked |  0
| 182|0x000000062d800000, 0x000000062d800000, 0x000000062dc00000|  0%| F|  |TAMS 0x000000062d800000| PB 0x000000062d800000| Untracked |  0
| 183|0x000000062dc00000, 0x000000062dc00000, 0x000000062e000000|  0%| F|  |TAMS 0x000000062dc00000| PB 0x000000062dc00000| Untracked |  0
| 184|0x000000062e000000, 0x000000062e000000, 0x000000062e400000|  0%| F|  |TAMS 0x000000062e000000| PB 0x000000062e000000| Untracked |  0
| 185|0x000000062e400000, 0x000000062e400000, 0x000000062e800000|  0%| F|  |TAMS 0x000000062e400000| PB 0x000000062e400000| Untracked |  0
| 186|0x000000062e800000, 0x000000062e800000, 0x000000062ec00000|  0%| F|  |TAMS 0x000000062e800000| PB 0x000000062e800000| Untracked |  0
| 187|0x000000062ec00000, 0x000000062ec00000, 0x000000062f000000|  0%| F|  |TAMS 0x000000062ec00000| PB 0x000000062ec00000| Untracked |  0
| 188|0x000000062f000000, 0x000000062f000000, 0x000000062f400000|  0%| F|  |TAMS 0x000000062f000000| PB 0x000000062f000000| Untracked |  0
| 189|0x000000062f400000, 0x000000062f400000, 0x000000062f800000|  0%| F|  |TAMS 0x000000062f400000| PB 0x000000062f400000| Untracked |  0
| 190|0x000000062f800000, 0x000000062f800000, 0x000000062fc00000|  0%| F|  |TAMS 0x000000062f800000| PB 0x000000062f800000| Untracked |  0
| 191|0x000000062fc00000, 0x000000062fc00000, 0x0000000630000000|  0%| F|  |TAMS 0x000000062fc00000| PB 0x000000062fc00000| Untracked |  0
| 192|0x0000000630000000, 0x0000000630000000, 0x0000000630400000|  0%| F|  |TAMS 0x0000000630000000| PB 0x0000000630000000| Untracked |  0
| 193|0x0000000630400000, 0x0000000630400000, 0x0000000630800000|  0%| F|  |TAMS 0x0000000630400000| PB 0x0000000630400000| Untracked |  0
| 194|0x0000000630800000, 0x0000000630800000, 0x0000000630c00000|  0%| F|  |TAMS 0x0000000630800000| PB 0x0000000630800000| Untracked |  0
| 195|0x0000000630c00000, 0x0000000630c00000, 0x0000000631000000|  0%| F|  |TAMS 0x0000000630c00000| PB 0x0000000630c00000| Untracked |  0
| 196|0x0000000631000000, 0x0000000631000000, 0x0000000631400000|  0%| F|  |TAMS 0x0000000631000000| PB 0x0000000631000000| Untracked |  0
| 197|0x0000000631400000, 0x0000000631400000, 0x0000000631800000|  0%| F|  |TAMS 0x0000000631400000| PB 0x0000000631400000| Untracked |  0
| 198|0x0000000631800000, 0x0000000631800000, 0x0000000631c00000|  0%| F|  |TAMS 0x0000000631800000| PB 0x0000000631800000| Untracked |  0
| 199|0x0000000631c00000, 0x0000000631c00000, 0x0000000632000000|  0%| F|  |TAMS 0x0000000631c00000| PB 0x0000000631c00000| Untracked |  0
| 200|0x0000000632000000, 0x0000000632000000, 0x0000000632400000|  0%| F|  |TAMS 0x0000000632000000| PB 0x0000000632000000| Untracked |  0
| 201|0x0000000632400000, 0x0000000632400000, 0x0000000632800000|  0%| F|  |TAMS 0x0000000632400000| PB 0x0000000632400000| Untracked |  0
| 202|0x0000000632800000, 0x0000000632800000, 0x0000000632c00000|  0%| F|  |TAMS 0x0000000632800000| PB 0x0000000632800000| Untracked |  0
| 203|0x0000000632c00000, 0x0000000632c00000, 0x0000000633000000|  0%| F|  |TAMS 0x0000000632c00000| PB 0x0000000632c00000| Untracked |  0
| 204|0x0000000633000000, 0x0000000633000000, 0x0000000633400000|  0%| F|  |TAMS 0x0000000633000000| PB 0x0000000633000000| Untracked |  0
| 205|0x0000000633400000, 0x0000000633400000, 0x0000000633800000|  0%| F|  |TAMS 0x0000000633400000| PB 0x0000000633400000| Untracked |  0
| 206|0x0000000633800000, 0x0000000633800000, 0x0000000633c00000|  0%| F|  |TAMS 0x0000000633800000| PB 0x0000000633800000| Untracked |  0
| 207|0x0000000633c00000, 0x0000000633c00000, 0x0000000634000000|  0%| F|  |TAMS 0x0000000633c00000| PB 0x0000000633c00000| Untracked |  0
| 208|0x0000000634000000, 0x0000000634000000, 0x0000000634400000|  0%| F|  |TAMS 0x0000000634000000| PB 0x0000000634000000| Untracked |  0
| 209|0x0000000634400000, 0x0000000634400000, 0x0000000634800000|  0%| F|  |TAMS 0x0000000634400000| PB 0x0000000634400000| Untracked |  0
| 210|0x0000000634800000, 0x0000000634800000, 0x0000000634c00000|  0%| F|  |TAMS 0x0000000634800000| PB 0x0000000634800000| Untracked |  0
| 211|0x0000000634c00000, 0x0000000634c00000, 0x0000000635000000|  0%| F|  |TAMS 0x0000000634c00000| PB 0x0000000634c00000| Untracked |  0
| 212|0x0000000635000000, 0x0000000635000000, 0x0000000635400000|  0%| F|  |TAMS 0x0000000635000000| PB 0x0000000635000000| Untracked |  0
| 213|0x0000000635400000, 0x0000000635400000, 0x0000000635800000|  0%| F|  |TAMS 0x0000000635400000| PB 0x0000000635400000| Untracked |  0
| 214|0x0000000635800000, 0x0000000635800000, 0x0000000635c00000|  0%| F|  |TAMS 0x0000000635800000| PB 0x0000000635800000| Untracked |  0
| 215|0x0000000635c00000, 0x0000000635c00000, 0x0000000636000000|  0%| F|  |TAMS 0x0000000635c00000| PB 0x0000000635c00000| Untracked |  0
| 216|0x0000000636000000, 0x0000000636000000, 0x0000000636400000|  0%| F|  |TAMS 0x0000000636000000| PB 0x0000000636000000| Untracked |  0
| 217|0x0000000636400000, 0x0000000636400000, 0x0000000636800000|  0%| F|  |TAMS 0x0000000636400000| PB 0x0000000636400000| Untracked |  0
| 218|0x0000000636800000, 0x0000000636800000, 0x0000000636c00000|  0%| F|  |TAMS 0x0000000636800000| PB 0x0000000636800000| Untracked |  0
| 219|0x0000000636c00000, 0x0000000636c00000, 0x0000000637000000|  0%| F|  |TAMS 0x0000000636c00000| PB 0x0000000636c00000| Untracked |  0
| 220|0x0000000637000000, 0x0000000637000000, 0x0000000637400000|  0%| F|  |TAMS 0x0000000637000000| PB 0x0000000637000000| Untracked |  0
| 221|0x0000000637400000, 0x0000000637400000, 0x0000000637800000|  0%| F|  |TAMS 0x0000000637400000| PB 0x0000000637400000| Untracked |  0
| 222|0x0000000637800000, 0x0000000637800000, 0x0000000637c00000|  0%| F|  |TAMS 0x0000000637800000| PB 0x0000000637800000| Untracked |  0
| 223|0x0000000637c00000, 0x0000000637c00000, 0x0000000638000000|  0%| F|  |TAMS 0x0000000637c00000| PB 0x0000000637c00000| Untracked |  0
| 224|0x0000000638000000, 0x0000000638000000, 0x0000000638400000|  0%| F|  |TAMS 0x0000000638000000| PB 0x0000000638000000| Untracked |  0
| 225|0x0000000638400000, 0x0000000638400000, 0x0000000638800000|  0%| F|  |TAMS 0x0000000638400000| PB 0x0000000638400000| Untracked |  0
| 226|0x0000000638800000, 0x0000000638800000, 0x0000000638c00000|  0%| F|  |TAMS 0x0000000638800000| PB 0x0000000638800000| Untracked |  0
| 227|0x0000000638c00000, 0x0000000638c00000, 0x0000000639000000|  0%| F|  |TAMS 0x0000000638c00000| PB 0x0000000638c00000| Untracked |  0
| 228|0x0000000639000000, 0x0000000639000000, 0x0000000639400000|  0%| F|  |TAMS 0x0000000639000000| PB 0x0000000639000000| Untracked |  0
| 229|0x0000000639400000, 0x0000000639400000, 0x0000000639800000|  0%| F|  |TAMS 0x0000000639400000| PB 0x0000000639400000| Untracked |  0
| 230|0x0000000639800000, 0x0000000639800000, 0x0000000639c00000|  0%| F|  |TAMS 0x0000000639800000| PB 0x0000000639800000| Untracked |  0
| 231|0x0000000639c00000, 0x0000000639c00000, 0x000000063a000000|  0%| F|  |TAMS 0x0000000639c00000| PB 0x0000000639c00000| Untracked |  0
| 232|0x000000063a000000, 0x000000063a000000, 0x000000063a400000|  0%| F|  |TAMS 0x000000063a000000| PB 0x000000063a000000| Untracked |  0
| 233|0x000000063a400000, 0x000000063a400000, 0x000000063a800000|  0%| F|  |TAMS 0x000000063a400000| PB 0x000000063a400000| Untracked |  0
| 234|0x000000063a800000, 0x000000063a800000, 0x000000063ac00000|  0%| F|  |TAMS 0x000000063a800000| PB 0x000000063a800000| Untracked |  0
| 235|0x000000063ac00000, 0x000000063ac00000, 0x000000063b000000|  0%| F|  |TAMS 0x000000063ac00000| PB 0x000000063ac00000| Untracked |  0
| 236|0x000000063b000000, 0x000000063b000000, 0x000000063b400000|  0%| F|  |TAMS 0x000000063b000000| PB 0x000000063b000000| Untracked |  0
| 237|0x000000063b400000, 0x000000063b400000, 0x000000063b800000|  0%| F|  |TAMS 0x000000063b400000| PB 0x000000063b400000| Untracked |  0
| 238|0x000000063b800000, 0x000000063b800000, 0x000000063bc00000|  0%| F|  |TAMS 0x000000063b800000| PB 0x000000063b800000| Untracked |  0
| 239|0x000000063bc00000, 0x000000063bc00000, 0x000000063c000000|  0%| F|  |TAMS 0x000000063bc00000| PB 0x000000063bc00000| Untracked |  0
| 240|0x000000063c000000, 0x000000063c000000, 0x000000063c400000|  0%| F|  |TAMS 0x000000063c000000| PB 0x000000063c000000| Untracked |  0
| 241|0x000000063c400000, 0x000000063c400000, 0x000000063c800000|  0%| F|  |TAMS 0x000000063c400000| PB 0x000000063c400000| Untracked |  0
| 242|0x000000063c800000, 0x000000063c800000, 0x000000063cc00000|  0%| F|  |TAMS 0x000000063c800000| PB 0x000000063c800000| Untracked |  0
| 243|0x000000063cc00000, 0x000000063cc00000, 0x000000063d000000|  0%| F|  |TAMS 0x000000063cc00000| PB 0x000000063cc00000| Untracked |  0
| 244|0x000000063d000000, 0x000000063d000000, 0x000000063d400000|  0%| F|  |TAMS 0x000000063d000000| PB 0x000000063d000000| Untracked |  0
| 245|0x000000063d400000, 0x000000063d400000, 0x000000063d800000|  0%| F|  |TAMS 0x000000063d400000| PB 0x000000063d400000| Untracked |  0
| 246|0x000000063d800000, 0x000000063d800000, 0x000000063dc00000|  0%| F|  |TAMS 0x000000063d800000| PB 0x000000063d800000| Untracked |  0
| 247|0x000000063dc00000, 0x000000063dc00000, 0x000000063e000000|  0%| F|  |TAMS 0x000000063dc00000| PB 0x000000063dc00000| Untracked |  0
| 248|0x000000063e000000, 0x000000063e000000, 0x000000063e400000|  0%| F|  |TAMS 0x000000063e000000| PB 0x000000063e000000| Untracked |  0
| 249|0x000000063e400000, 0x000000063e400000, 0x000000063e800000|  0%| F|  |TAMS 0x000000063e400000| PB 0x000000063e400000| Untracked |  0
| 250|0x000000063e800000, 0x000000063e800000, 0x000000063ec00000|  0%| F|  |TAMS 0x000000063e800000| PB 0x000000063e800000| Untracked |  0
| 251|0x000000063ec00000, 0x000000063ec00000, 0x000000063f000000|  0%| F|  |TAMS 0x000000063ec00000| PB 0x000000063ec00000| Untracked |  0
| 252|0x000000063f000000, 0x000000063f000000, 0x000000063f400000|  0%| F|  |TAMS 0x000000063f000000| PB 0x000000063f000000| Untracked |  0
| 253|0x000000063f400000, 0x000000063f400000, 0x000000063f800000|  0%| F|  |TAMS 0x000000063f400000| PB 0x000000063f400000| Untracked |  0
| 254|0x000000063f800000, 0x000000063f800000, 0x000000063fc00000|  0%| F|  |TAMS 0x000000063f800000| PB 0x000000063f800000| Untracked |  0
| 255|0x000000063fc00000, 0x000000063fc00000, 0x0000000640000000|  0%| F|  |TAMS 0x000000063fc00000| PB 0x000000063fc00000| Untracked |  0
| 256|0x0000000640000000, 0x0000000640000000, 0x0000000640400000|  0%| F|  |TAMS 0x0000000640000000| PB 0x0000000640000000| Untracked |  0
| 257|0x0000000640400000, 0x0000000640400000, 0x0000000640800000|  0%| F|  |TAMS 0x0000000640400000| PB 0x0000000640400000| Untracked |  0
| 258|0x0000000640800000, 0x0000000640800000, 0x0000000640c00000|  0%| F|  |TAMS 0x0000000640800000| PB 0x0000000640800000| Untracked |  0
| 259|0x0000000640c00000, 0x0000000640c00000, 0x0000000641000000|  0%| F|  |TAMS 0x0000000640c00000| PB 0x0000000640c00000| Untracked |  0
| 260|0x0000000641000000, 0x0000000641000000, 0x0000000641400000|  0%| F|  |TAMS 0x0000000641000000| PB 0x0000000641000000| Untracked |  0
| 261|0x0000000641400000, 0x0000000641400000, 0x0000000641800000|  0%| F|  |TAMS 0x0000000641400000| PB 0x0000000641400000| Untracked |  0
| 262|0x0000000641800000, 0x0000000641800000, 0x0000000641c00000|  0%| F|  |TAMS 0x0000000641800000| PB 0x0000000641800000| Untracked |  0
| 263|0x0000000641c00000, 0x0000000641c00000, 0x0000000642000000|  0%| F|  |TAMS 0x0000000641c00000| PB 0x0000000641c00000| Untracked |  0
| 264|0x0000000642000000, 0x0000000642000000, 0x0000000642400000|  0%| F|  |TAMS 0x0000000642000000| PB 0x0000000642000000| Untracked |  0
| 265|0x0000000642400000, 0x0000000642400000, 0x0000000642800000|  0%| F|  |TAMS 0x0000000642400000| PB 0x0000000642400000| Untracked |  0
| 266|0x0000000642800000, 0x0000000642800000, 0x0000000642c00000|  0%| F|  |TAMS 0x0000000642800000| PB 0x0000000642800000| Untracked |  0
| 267|0x0000000642c00000, 0x0000000642c00000, 0x0000000643000000|  0%| F|  |TAMS 0x0000000642c00000| PB 0x0000000642c00000| Untracked |  0
| 268|0x0000000643000000, 0x0000000643000000, 0x0000000643400000|  0%| F|  |TAMS 0x0000000643000000| PB 0x0000000643000000| Untracked |  0
| 269|0x0000000643400000, 0x0000000643400000, 0x0000000643800000|  0%| F|  |TAMS 0x0000000643400000| PB 0x0000000643400000| Untracked |  0
| 270|0x0000000643800000, 0x0000000643800000, 0x0000000643c00000|  0%| F|  |TAMS 0x0000000643800000| PB 0x0000000643800000| Untracked |  0
| 271|0x0000000643c00000, 0x0000000643c00000, 0x0000000644000000|  0%| F|  |TAMS 0x0000000643c00000| PB 0x0000000643c00000| Untracked |  0
| 272|0x0000000644000000, 0x0000000644000000, 0x0000000644400000|  0%| F|  |TAMS 0x0000000644000000| PB 0x0000000644000000| Untracked |  0
| 273|0x0000000644400000, 0x0000000644400000, 0x0000000644800000|  0%| F|  |TAMS 0x0000000644400000| PB 0x0000000644400000| Untracked |  0
| 274|0x0000000644800000, 0x0000000644800000, 0x0000000644c00000|  0%| F|  |TAMS 0x0000000644800000| PB 0x0000000644800000| Untracked |  0
| 275|0x0000000644c00000, 0x0000000644c00000, 0x0000000645000000|  0%| F|  |TAMS 0x0000000644c00000| PB 0x0000000644c00000| Untracked |  0
| 276|0x0000000645000000, 0x0000000645000000, 0x0000000645400000|  0%| F|  |TAMS 0x0000000645000000| PB 0x0000000645000000| Untracked |  0
| 277|0x0000000645400000, 0x0000000645400000, 0x0000000645800000|  0%| F|  |TAMS 0x0000000645400000| PB 0x0000000645400000| Untracked |  0
| 278|0x0000000645800000, 0x0000000645800000, 0x0000000645c00000|  0%| F|  |TAMS 0x0000000645800000| PB 0x0000000645800000| Untracked |  0
| 279|0x0000000645c00000, 0x0000000645c00000, 0x0000000646000000|  0%| F|  |TAMS 0x0000000645c00000| PB 0x0000000645c00000| Untracked |  0
| 280|0x0000000646000000, 0x0000000646000000, 0x0000000646400000|  0%| F|  |TAMS 0x0000000646000000| PB 0x0000000646000000| Untracked |  0
| 281|0x0000000646400000, 0x0000000646400000, 0x0000000646800000|  0%| F|  |TAMS 0x0000000646400000| PB 0x0000000646400000| Untracked |  0
| 282|0x0000000646800000, 0x0000000646800000, 0x0000000646c00000|  0%| F|  |TAMS 0x0000000646800000| PB 0x0000000646800000| Untracked |  0
| 283|0x0000000646c00000, 0x0000000646c00000, 0x0000000647000000|  0%| F|  |TAMS 0x0000000646c00000| PB 0x0000000646c00000| Untracked |  0
| 284|0x0000000647000000, 0x0000000647000000, 0x0000000647400000|  0%| F|  |TAMS 0x0000000647000000| PB 0x0000000647000000| Untracked |  0
| 285|0x0000000647400000, 0x0000000647400000, 0x0000000647800000|  0%| F|  |TAMS 0x0000000647400000| PB 0x0000000647400000| Untracked |  0
| 286|0x0000000647800000, 0x0000000647800000, 0x0000000647c00000|  0%| F|  |TAMS 0x0000000647800000| PB 0x0000000647800000| Untracked |  0
| 287|0x0000000647c00000, 0x0000000647c00000, 0x0000000648000000|  0%| F|  |TAMS 0x0000000647c00000| PB 0x0000000647c00000| Untracked |  0
| 288|0x0000000648000000, 0x0000000648000000, 0x0000000648400000|  0%| F|  |TAMS 0x0000000648000000| PB 0x0000000648000000| Untracked |  0
| 289|0x0000000648400000, 0x0000000648400000, 0x0000000648800000|  0%| F|  |TAMS 0x0000000648400000| PB 0x0000000648400000| Untracked |  0
| 290|0x0000000648800000, 0x0000000648800000, 0x0000000648c00000|  0%| F|  |TAMS 0x0000000648800000| PB 0x0000000648800000| Untracked |  0
| 291|0x0000000648c00000, 0x0000000648c00000, 0x0000000649000000|  0%| F|  |TAMS 0x0000000648c00000| PB 0x0000000648c00000| Untracked |  0
| 292|0x0000000649000000, 0x0000000649000000, 0x0000000649400000|  0%| F|  |TAMS 0x0000000649000000| PB 0x0000000649000000| Untracked |  0
| 293|0x0000000649400000, 0x0000000649400000, 0x0000000649800000|  0%| F|  |TAMS 0x0000000649400000| PB 0x0000000649400000| Untracked |  0
| 294|0x0000000649800000, 0x0000000649800000, 0x0000000649c00000|  0%| F|  |TAMS 0x0000000649800000| PB 0x0000000649800000| Untracked |  0
| 295|0x0000000649c00000, 0x0000000649c00000, 0x000000064a000000|  0%| F|  |TAMS 0x0000000649c00000| PB 0x0000000649c00000| Untracked |  0
| 296|0x000000064a000000, 0x000000064a000000, 0x000000064a400000|  0%| F|  |TAMS 0x000000064a000000| PB 0x000000064a000000| Untracked |  0
| 297|0x000000064a400000, 0x000000064a400000, 0x000000064a800000|  0%| F|  |TAMS 0x000000064a400000| PB 0x000000064a400000| Untracked |  0
| 298|0x000000064a800000, 0x000000064a800000, 0x000000064ac00000|  0%| F|  |TAMS 0x000000064a800000| PB 0x000000064a800000| Untracked |  0
| 299|0x000000064ac00000, 0x000000064ac00000, 0x000000064b000000|  0%| F|  |TAMS 0x000000064ac00000| PB 0x000000064ac00000| Untracked |  0
| 300|0x000000064b000000, 0x000000064b000000, 0x000000064b400000|  0%| F|  |TAMS 0x000000064b000000| PB 0x000000064b000000| Untracked |  0
| 301|0x000000064b400000, 0x000000064b400000, 0x000000064b800000|  0%| F|  |TAMS 0x000000064b400000| PB 0x000000064b400000| Untracked |  0
| 302|0x000000064b800000, 0x000000064b800000, 0x000000064bc00000|  0%| F|  |TAMS 0x000000064b800000| PB 0x000000064b800000| Untracked |  0
| 303|0x000000064bc00000, 0x000000064bc00000, 0x000000064c000000|  0%| F|  |TAMS 0x000000064bc00000| PB 0x000000064bc00000| Untracked |  0
| 304|0x000000064c000000, 0x000000064c000000, 0x000000064c400000|  0%| F|  |TAMS 0x000000064c000000| PB 0x000000064c000000| Untracked |  0
| 305|0x000000064c400000, 0x000000064c400000, 0x000000064c800000|  0%| F|  |TAMS 0x000000064c400000| PB 0x000000064c400000| Untracked |  0
| 306|0x000000064c800000, 0x000000064c800000, 0x000000064cc00000|  0%| F|  |TAMS 0x000000064c800000| PB 0x000000064c800000| Untracked |  0
| 307|0x000000064cc00000, 0x000000064cc00000, 0x000000064d000000|  0%| F|  |TAMS 0x000000064cc00000| PB 0x000000064cc00000| Untracked |  0
| 308|0x000000064d000000, 0x000000064d000000, 0x000000064d400000|  0%| F|  |TAMS 0x000000064d000000| PB 0x000000064d000000| Untracked |  0
| 309|0x000000064d400000, 0x000000064d400000, 0x000000064d800000|  0%| F|  |TAMS 0x000000064d400000| PB 0x000000064d400000| Untracked |  0
| 310|0x000000064d800000, 0x000000064d800000, 0x000000064dc00000|  0%| F|  |TAMS 0x000000064d800000| PB 0x000000064d800000| Untracked |  0
| 311|0x000000064dc00000, 0x000000064dc00000, 0x000000064e000000|  0%| F|  |TAMS 0x000000064dc00000| PB 0x000000064dc00000| Untracked |  0
| 312|0x000000064e000000, 0x000000064e000000, 0x000000064e400000|  0%| F|  |TAMS 0x000000064e000000| PB 0x000000064e000000| Untracked |  0
| 313|0x000000064e400000, 0x000000064e400000, 0x000000064e800000|  0%| F|  |TAMS 0x000000064e400000| PB 0x000000064e400000| Untracked |  0
| 314|0x000000064e800000, 0x000000064e800000, 0x000000064ec00000|  0%| F|  |TAMS 0x000000064e800000| PB 0x000000064e800000| Untracked |  0
| 315|0x000000064ec00000, 0x000000064ec00000, 0x000000064f000000|  0%| F|  |TAMS 0x000000064ec00000| PB 0x000000064ec00000| Untracked |  0
| 316|0x000000064f000000, 0x000000064f000000, 0x000000064f400000|  0%| F|  |TAMS 0x000000064f000000| PB 0x000000064f000000| Untracked |  0
| 317|0x000000064f400000, 0x000000064f400000, 0x000000064f800000|  0%| F|  |TAMS 0x000000064f400000| PB 0x000000064f400000| Untracked |  0
| 318|0x000000064f800000, 0x000000064f800000, 0x000000064fc00000|  0%| F|  |TAMS 0x000000064f800000| PB 0x000000064f800000| Untracked |  0
| 319|0x000000064fc00000, 0x000000064fc00000, 0x0000000650000000|  0%| F|  |TAMS 0x000000064fc00000| PB 0x000000064fc00000| Untracked |  0
| 320|0x0000000650000000, 0x0000000650000000, 0x0000000650400000|  0%| F|  |TAMS 0x0000000650000000| PB 0x0000000650000000| Untracked |  0
| 321|0x0000000650400000, 0x0000000650400000, 0x0000000650800000|  0%| F|  |TAMS 0x0000000650400000| PB 0x0000000650400000| Untracked |  0
| 322|0x0000000650800000, 0x0000000650800000, 0x0000000650c00000|  0%| F|  |TAMS 0x0000000650800000| PB 0x0000000650800000| Untracked |  0
| 323|0x0000000650c00000, 0x0000000650c00000, 0x0000000651000000|  0%| F|  |TAMS 0x0000000650c00000| PB 0x0000000650c00000| Untracked |  0
| 324|0x0000000651000000, 0x0000000651000000, 0x0000000651400000|  0%| F|  |TAMS 0x0000000651000000| PB 0x0000000651000000| Untracked |  0
| 325|0x0000000651400000, 0x0000000651400000, 0x0000000651800000|  0%| F|  |TAMS 0x0000000651400000| PB 0x0000000651400000| Untracked |  0
| 326|0x0000000651800000, 0x0000000651800000, 0x0000000651c00000|  0%| F|  |TAMS 0x0000000651800000| PB 0x0000000651800000| Untracked |  0
| 327|0x0000000651c00000, 0x0000000651c00000, 0x0000000652000000|  0%| F|  |TAMS 0x0000000651c00000| PB 0x0000000651c00000| Untracked |  0
| 328|0x0000000652000000, 0x0000000652000000, 0x0000000652400000|  0%| F|  |TAMS 0x0000000652000000| PB 0x0000000652000000| Untracked |  0
| 329|0x0000000652400000, 0x0000000652400000, 0x0000000652800000|  0%| F|  |TAMS 0x0000000652400000| PB 0x0000000652400000| Untracked |  0
| 330|0x0000000652800000, 0x0000000652800000, 0x0000000652c00000|  0%| F|  |TAMS 0x0000000652800000| PB 0x0000000652800000| Untracked |  0
| 331|0x0000000652c00000, 0x0000000652c00000, 0x0000000653000000|  0%| F|  |TAMS 0x0000000652c00000| PB 0x0000000652c00000| Untracked |  0
| 332|0x0000000653000000, 0x0000000653000000, 0x0000000653400000|  0%| F|  |TAMS 0x0000000653000000| PB 0x0000000653000000| Untracked |  0
| 333|0x0000000653400000, 0x0000000653400000, 0x0000000653800000|  0%| F|  |TAMS 0x0000000653400000| PB 0x0000000653400000| Untracked |  0
| 334|0x0000000653800000, 0x0000000653800000, 0x0000000653c00000|  0%| F|  |TAMS 0x0000000653800000| PB 0x0000000653800000| Untracked |  0
| 335|0x0000000653c00000, 0x0000000653c00000, 0x0000000654000000|  0%| F|  |TAMS 0x0000000653c00000| PB 0x0000000653c00000| Untracked |  0
| 336|0x0000000654000000, 0x0000000654000000, 0x0000000654400000|  0%| F|  |TAMS 0x0000000654000000| PB 0x0000000654000000| Untracked |  0
| 337|0x0000000654400000, 0x0000000654400000, 0x0000000654800000|  0%| F|  |TAMS 0x0000000654400000| PB 0x0000000654400000| Untracked |  0
| 338|0x0000000654800000, 0x0000000654800000, 0x0000000654c00000|  0%| F|  |TAMS 0x0000000654800000| PB 0x0000000654800000| Untracked |  0
| 339|0x0000000654c00000, 0x0000000654c00000, 0x0000000655000000|  0%| F|  |TAMS 0x0000000654c00000| PB 0x0000000654c00000| Untracked |  0
| 340|0x0000000655000000, 0x0000000655000000, 0x0000000655400000|  0%| F|  |TAMS 0x0000000655000000| PB 0x0000000655000000| Untracked |  0
| 341|0x0000000655400000, 0x0000000655400000, 0x0000000655800000|  0%| F|  |TAMS 0x0000000655400000| PB 0x0000000655400000| Untracked |  0
| 342|0x0000000655800000, 0x0000000655800000, 0x0000000655c00000|  0%| F|  |TAMS 0x0000000655800000| PB 0x0000000655800000| Untracked |  0
| 343|0x0000000655c00000, 0x0000000655c00000, 0x0000000656000000|  0%| F|  |TAMS 0x0000000655c00000| PB 0x0000000655c00000| Untracked |  0
| 344|0x0000000656000000, 0x0000000656000000, 0x0000000656400000|  0%| F|  |TAMS 0x0000000656000000| PB 0x0000000656000000| Untracked |  0
| 345|0x0000000656400000, 0x0000000656400000, 0x0000000656800000|  0%| F|  |TAMS 0x0000000656400000| PB 0x0000000656400000| Untracked |  0
| 346|0x0000000656800000, 0x0000000656800000, 0x0000000656c00000|  0%| F|  |TAMS 0x0000000656800000| PB 0x0000000656800000| Untracked |  0
| 347|0x0000000656c00000, 0x0000000656c00000, 0x0000000657000000|  0%| F|  |TAMS 0x0000000656c00000| PB 0x0000000656c00000| Untracked |  0
| 348|0x0000000657000000, 0x0000000657000000, 0x0000000657400000|  0%| F|  |TAMS 0x0000000657000000| PB 0x0000000657000000| Untracked |  0
| 349|0x0000000657400000, 0x0000000657400000, 0x0000000657800000|  0%| F|  |TAMS 0x0000000657400000| PB 0x0000000657400000| Untracked |  0
| 350|0x0000000657800000, 0x0000000657800000, 0x0000000657c00000|  0%| F|  |TAMS 0x0000000657800000| PB 0x0000000657800000| Untracked |  0
| 351|0x0000000657c00000, 0x0000000657c00000, 0x0000000658000000|  0%| F|  |TAMS 0x0000000657c00000| PB 0x0000000657c00000| Untracked |  0
| 352|0x0000000658000000, 0x0000000658000000, 0x0000000658400000|  0%| F|  |TAMS 0x0000000658000000| PB 0x0000000658000000| Untracked |  0
| 353|0x0000000658400000, 0x0000000658400000, 0x0000000658800000|  0%| F|  |TAMS 0x0000000658400000| PB 0x0000000658400000| Untracked |  0
| 354|0x0000000658800000, 0x0000000658800000, 0x0000000658c00000|  0%| F|  |TAMS 0x0000000658800000| PB 0x0000000658800000| Untracked |  0
| 355|0x0000000658c00000, 0x0000000658c00000, 0x0000000659000000|  0%| F|  |TAMS 0x0000000658c00000| PB 0x0000000658c00000| Untracked |  0
| 356|0x0000000659000000, 0x0000000659000000, 0x0000000659400000|  0%| F|  |TAMS 0x0000000659000000| PB 0x0000000659000000| Untracked |  0
| 357|0x0000000659400000, 0x0000000659400000, 0x0000000659800000|  0%| F|  |TAMS 0x0000000659400000| PB 0x0000000659400000| Untracked |  0
| 358|0x0000000659800000, 0x0000000659800000, 0x0000000659c00000|  0%| F|  |TAMS 0x0000000659800000| PB 0x0000000659800000| Untracked |  0
| 359|0x0000000659c00000, 0x0000000659c00000, 0x000000065a000000|  0%| F|  |TAMS 0x0000000659c00000| PB 0x0000000659c00000| Untracked |  0
| 360|0x000000065a000000, 0x000000065a000000, 0x000000065a400000|  0%| F|  |TAMS 0x000000065a000000| PB 0x000000065a000000| Untracked |  0
| 361|0x000000065a400000, 0x000000065a400000, 0x000000065a800000|  0%| F|  |TAMS 0x000000065a400000| PB 0x000000065a400000| Untracked |  0
| 362|0x000000065a800000, 0x000000065a800000, 0x000000065ac00000|  0%| F|  |TAMS 0x000000065a800000| PB 0x000000065a800000| Untracked |  0
| 363|0x000000065ac00000, 0x000000065ac00000, 0x000000065b000000|  0%| F|  |TAMS 0x000000065ac00000| PB 0x000000065ac00000| Untracked |  0
| 364|0x000000065b000000, 0x000000065b000000, 0x000000065b400000|  0%| F|  |TAMS 0x000000065b000000| PB 0x000000065b000000| Untracked |  0
| 365|0x000000065b400000, 0x000000065b400000, 0x000000065b800000|  0%| F|  |TAMS 0x000000065b400000| PB 0x000000065b400000| Untracked |  0
| 366|0x000000065b800000, 0x000000065b800000, 0x000000065bc00000|  0%| F|  |TAMS 0x000000065b800000| PB 0x000000065b800000| Untracked |  0
| 367|0x000000065bc00000, 0x000000065bc00000, 0x000000065c000000|  0%| F|  |TAMS 0x000000065bc00000| PB 0x000000065bc00000| Untracked |  0
| 368|0x000000065c000000, 0x000000065c000000, 0x000000065c400000|  0%| F|  |TAMS 0x000000065c000000| PB 0x000000065c000000| Untracked |  0
| 369|0x000000065c400000, 0x000000065c400000, 0x000000065c800000|  0%| F|  |TAMS 0x000000065c400000| PB 0x000000065c400000| Untracked |  0
| 370|0x000000065c800000, 0x000000065c800000, 0x000000065cc00000|  0%| F|  |TAMS 0x000000065c800000| PB 0x000000065c800000| Untracked |  0
| 371|0x000000065cc00000, 0x000000065cc00000, 0x000000065d000000|  0%| F|  |TAMS 0x000000065cc00000| PB 0x000000065cc00000| Untracked |  0
| 372|0x000000065d000000, 0x000000065d000000, 0x000000065d400000|  0%| F|  |TAMS 0x000000065d000000| PB 0x000000065d000000| Untracked |  0
| 373|0x000000065d400000, 0x000000065d400000, 0x000000065d800000|  0%| F|  |TAMS 0x000000065d400000| PB 0x000000065d400000| Untracked |  0
| 374|0x000000065d800000, 0x000000065d800000, 0x000000065dc00000|  0%| F|  |TAMS 0x000000065d800000| PB 0x000000065d800000| Untracked |  0
| 375|0x000000065dc00000, 0x000000065dc00000, 0x000000065e000000|  0%| F|  |TAMS 0x000000065dc00000| PB 0x000000065dc00000| Untracked |  0
| 376|0x000000065e000000, 0x000000065e000000, 0x000000065e400000|  0%| F|  |TAMS 0x000000065e000000| PB 0x000000065e000000| Untracked |  0
| 377|0x000000065e400000, 0x000000065e400000, 0x000000065e800000|  0%| F|  |TAMS 0x000000065e400000| PB 0x000000065e400000| Untracked |  0
| 378|0x000000065e800000, 0x000000065e800000, 0x000000065ec00000|  0%| F|  |TAMS 0x000000065e800000| PB 0x000000065e800000| Untracked |  0
| 379|0x000000065ec00000, 0x000000065ec00000, 0x000000065f000000|  0%| F|  |TAMS 0x000000065ec00000| PB 0x000000065ec00000| Untracked |  0
| 380|0x000000065f000000, 0x000000065f000000, 0x000000065f400000|  0%| F|  |TAMS 0x000000065f000000| PB 0x000000065f000000| Untracked |  0
| 381|0x000000065f400000, 0x000000065f400000, 0x000000065f800000|  0%| F|  |TAMS 0x000000065f400000| PB 0x000000065f400000| Untracked |  0
| 382|0x000000065f800000, 0x000000065f800000, 0x000000065fc00000|  0%| F|  |TAMS 0x000000065f800000| PB 0x000000065f800000| Untracked |  0
| 383|0x000000065fc00000, 0x000000065fc00000, 0x0000000660000000|  0%| F|  |TAMS 0x000000065fc00000| PB 0x000000065fc00000| Untracked |  0
| 384|0x0000000660000000, 0x0000000660000000, 0x0000000660400000|  0%| F|  |TAMS 0x0000000660000000| PB 0x0000000660000000| Untracked |  0
| 385|0x0000000660400000, 0x0000000660400000, 0x0000000660800000|  0%| F|  |TAMS 0x0000000660400000| PB 0x0000000660400000| Untracked |  0
| 386|0x0000000660800000, 0x0000000660800000, 0x0000000660c00000|  0%| F|  |TAMS 0x0000000660800000| PB 0x0000000660800000| Untracked |  0
| 387|0x0000000660c00000, 0x0000000660c00000, 0x0000000661000000|  0%| F|  |TAMS 0x0000000660c00000| PB 0x0000000660c00000| Untracked |  0
| 388|0x0000000661000000, 0x0000000661000000, 0x0000000661400000|  0%| F|  |TAMS 0x0000000661000000| PB 0x0000000661000000| Untracked |  0
| 389|0x0000000661400000, 0x0000000661400000, 0x0000000661800000|  0%| F|  |TAMS 0x0000000661400000| PB 0x0000000661400000| Untracked |  0
| 390|0x0000000661800000, 0x0000000661800000, 0x0000000661c00000|  0%| F|  |TAMS 0x0000000661800000| PB 0x0000000661800000| Untracked |  0
| 391|0x0000000661c00000, 0x0000000661c00000, 0x0000000662000000|  0%| F|  |TAMS 0x0000000661c00000| PB 0x0000000661c00000| Untracked |  0
| 392|0x0000000662000000, 0x0000000662000000, 0x0000000662400000|  0%| F|  |TAMS 0x0000000662000000| PB 0x0000000662000000| Untracked |  0
| 393|0x0000000662400000, 0x0000000662400000, 0x0000000662800000|  0%| F|  |TAMS 0x0000000662400000| PB 0x0000000662400000| Untracked |  0
| 394|0x0000000662800000, 0x0000000662800000, 0x0000000662c00000|  0%| F|  |TAMS 0x0000000662800000| PB 0x0000000662800000| Untracked |  0
| 395|0x0000000662c00000, 0x0000000662c00000, 0x0000000663000000|  0%| F|  |TAMS 0x0000000662c00000| PB 0x0000000662c00000| Untracked |  0
| 396|0x0000000663000000, 0x0000000663000000, 0x0000000663400000|  0%| F|  |TAMS 0x0000000663000000| PB 0x0000000663000000| Untracked |  0
| 397|0x0000000663400000, 0x0000000663400000, 0x0000000663800000|  0%| F|  |TAMS 0x0000000663400000| PB 0x0000000663400000| Untracked |  0
| 398|0x0000000663800000, 0x0000000663800000, 0x0000000663c00000|  0%| F|  |TAMS 0x0000000663800000| PB 0x0000000663800000| Untracked |  0
| 399|0x0000000663c00000, 0x0000000663c00000, 0x0000000664000000|  0%| F|  |TAMS 0x0000000663c00000| PB 0x0000000663c00000| Untracked |  0
| 400|0x0000000664000000, 0x0000000664000000, 0x0000000664400000|  0%| F|  |TAMS 0x0000000664000000| PB 0x0000000664000000| Untracked |  0
| 401|0x0000000664400000, 0x0000000664400000, 0x0000000664800000|  0%| F|  |TAMS 0x0000000664400000| PB 0x0000000664400000| Untracked |  0
| 402|0x0000000664800000, 0x0000000664800000, 0x0000000664c00000|  0%| F|  |TAMS 0x0000000664800000| PB 0x0000000664800000| Untracked |  0
| 403|0x0000000664c00000, 0x0000000664c00000, 0x0000000665000000|  0%| F|  |TAMS 0x0000000664c00000| PB 0x0000000664c00000| Untracked |  0
| 404|0x0000000665000000, 0x0000000665000000, 0x0000000665400000|  0%| F|  |TAMS 0x0000000665000000| PB 0x0000000665000000| Untracked |  0
| 405|0x0000000665400000, 0x0000000665400000, 0x0000000665800000|  0%| F|  |TAMS 0x0000000665400000| PB 0x0000000665400000| Untracked |  0
| 406|0x0000000665800000, 0x0000000665800000, 0x0000000665c00000|  0%| F|  |TAMS 0x0000000665800000| PB 0x0000000665800000| Untracked |  0
| 407|0x0000000665c00000, 0x0000000665c00000, 0x0000000666000000|  0%| F|  |TAMS 0x0000000665c00000| PB 0x0000000665c00000| Untracked |  0
| 408|0x0000000666000000, 0x0000000666000000, 0x0000000666400000|  0%| F|  |TAMS 0x0000000666000000| PB 0x0000000666000000| Untracked |  0
| 409|0x0000000666400000, 0x0000000666400000, 0x0000000666800000|  0%| F|  |TAMS 0x0000000666400000| PB 0x0000000666400000| Untracked |  0
| 410|0x0000000666800000, 0x0000000666800000, 0x0000000666c00000|  0%| F|  |TAMS 0x0000000666800000| PB 0x0000000666800000| Untracked |  0
| 411|0x0000000666c00000, 0x0000000666c00000, 0x0000000667000000|  0%| F|  |TAMS 0x0000000666c00000| PB 0x0000000666c00000| Untracked |  0
| 412|0x0000000667000000, 0x0000000667000000, 0x0000000667400000|  0%| F|  |TAMS 0x0000000667000000| PB 0x0000000667000000| Untracked |  0
| 413|0x0000000667400000, 0x0000000667400000, 0x0000000667800000|  0%| F|  |TAMS 0x0000000667400000| PB 0x0000000667400000| Untracked |  0
| 414|0x0000000667800000, 0x0000000667800000, 0x0000000667c00000|  0%| F|  |TAMS 0x0000000667800000| PB 0x0000000667800000| Untracked |  0
| 415|0x0000000667c00000, 0x0000000667c00000, 0x0000000668000000|  0%| F|  |TAMS 0x0000000667c00000| PB 0x0000000667c00000| Untracked |  0
| 416|0x0000000668000000, 0x0000000668000000, 0x0000000668400000|  0%| F|  |TAMS 0x0000000668000000| PB 0x0000000668000000| Untracked |  0
| 417|0x0000000668400000, 0x0000000668400000, 0x0000000668800000|  0%| F|  |TAMS 0x0000000668400000| PB 0x0000000668400000| Untracked |  0
| 418|0x0000000668800000, 0x0000000668800000, 0x0000000668c00000|  0%| F|  |TAMS 0x0000000668800000| PB 0x0000000668800000| Untracked |  0
| 419|0x0000000668c00000, 0x0000000668c00000, 0x0000000669000000|  0%| F|  |TAMS 0x0000000668c00000| PB 0x0000000668c00000| Untracked |  0
| 420|0x0000000669000000, 0x0000000669000000, 0x0000000669400000|  0%| F|  |TAMS 0x0000000669000000| PB 0x0000000669000000| Untracked |  0
| 421|0x0000000669400000, 0x0000000669400000, 0x0000000669800000|  0%| F|  |TAMS 0x0000000669400000| PB 0x0000000669400000| Untracked |  0
| 422|0x0000000669800000, 0x0000000669800000, 0x0000000669c00000|  0%| F|  |TAMS 0x0000000669800000| PB 0x0000000669800000| Untracked |  0
| 423|0x0000000669c00000, 0x0000000669c00000, 0x000000066a000000|  0%| F|  |TAMS 0x0000000669c00000| PB 0x0000000669c00000| Untracked |  0
| 424|0x000000066a000000, 0x000000066a000000, 0x000000066a400000|  0%| F|  |TAMS 0x000000066a000000| PB 0x000000066a000000| Untracked |  0
| 425|0x000000066a400000, 0x000000066a400000, 0x000000066a800000|  0%| F|  |TAMS 0x000000066a400000| PB 0x000000066a400000| Untracked |  0
| 426|0x000000066a800000, 0x000000066a800000, 0x000000066ac00000|  0%| F|  |TAMS 0x000000066a800000| PB 0x000000066a800000| Untracked |  0
| 427|0x000000066ac00000, 0x000000066ac00000, 0x000000066b000000|  0%| F|  |TAMS 0x000000066ac00000| PB 0x000000066ac00000| Untracked |  0
| 428|0x000000066b000000, 0x000000066b000000, 0x000000066b400000|  0%| F|  |TAMS 0x000000066b000000| PB 0x000000066b000000| Untracked |  0
| 429|0x000000066b400000, 0x000000066b400000, 0x000000066b800000|  0%| F|  |TAMS 0x000000066b400000| PB 0x000000066b400000| Untracked |  0
| 430|0x000000066b800000, 0x000000066b800000, 0x000000066bc00000|  0%| F|  |TAMS 0x000000066b800000| PB 0x000000066b800000| Untracked |  0
| 431|0x000000066bc00000, 0x000000066bc00000, 0x000000066c000000|  0%| F|  |TAMS 0x000000066bc00000| PB 0x000000066bc00000| Untracked |  0
| 432|0x000000066c000000, 0x000000066c000000, 0x000000066c400000|  0%| F|  |TAMS 0x000000066c000000| PB 0x000000066c000000| Untracked |  0
| 433|0x000000066c400000, 0x000000066c400000, 0x000000066c800000|  0%| F|  |TAMS 0x000000066c400000| PB 0x000000066c400000| Untracked |  0
| 434|0x000000066c800000, 0x000000066c800000, 0x000000066cc00000|  0%| F|  |TAMS 0x000000066c800000| PB 0x000000066c800000| Untracked |  0
| 435|0x000000066cc00000, 0x000000066cc00000, 0x000000066d000000|  0%| F|  |TAMS 0x000000066cc00000| PB 0x000000066cc00000| Untracked |  0
| 436|0x000000066d000000, 0x000000066d000000, 0x000000066d400000|  0%| F|  |TAMS 0x000000066d000000| PB 0x000000066d000000| Untracked |  0
| 437|0x000000066d400000, 0x000000066d400000, 0x000000066d800000|  0%| F|  |TAMS 0x000000066d400000| PB 0x000000066d400000| Untracked |  0
| 438|0x000000066d800000, 0x000000066d800000, 0x000000066dc00000|  0%| F|  |TAMS 0x000000066d800000| PB 0x000000066d800000| Untracked |  0
| 439|0x000000066dc00000, 0x000000066dc00000, 0x000000066e000000|  0%| F|  |TAMS 0x000000066dc00000| PB 0x000000066dc00000| Untracked |  0
| 440|0x000000066e000000, 0x000000066e000000, 0x000000066e400000|  0%| F|  |TAMS 0x000000066e000000| PB 0x000000066e000000| Untracked |  0
| 441|0x000000066e400000, 0x000000066e400000, 0x000000066e800000|  0%| F|  |TAMS 0x000000066e400000| PB 0x000000066e400000| Untracked |  0
| 442|0x000000066e800000, 0x000000066e800000, 0x000000066ec00000|  0%| F|  |TAMS 0x000000066e800000| PB 0x000000066e800000| Untracked |  0
| 443|0x000000066ec00000, 0x000000066ec00000, 0x000000066f000000|  0%| F|  |TAMS 0x000000066ec00000| PB 0x000000066ec00000| Untracked |  0
| 444|0x000000066f000000, 0x000000066f000000, 0x000000066f400000|  0%| F|  |TAMS 0x000000066f000000| PB 0x000000066f000000| Untracked |  0
| 445|0x000000066f400000, 0x000000066f400000, 0x000000066f800000|  0%| F|  |TAMS 0x000000066f400000| PB 0x000000066f400000| Untracked |  0
| 446|0x000000066f800000, 0x000000066f800000, 0x000000066fc00000|  0%| F|  |TAMS 0x000000066f800000| PB 0x000000066f800000| Untracked |  0
| 447|0x000000066fc00000, 0x000000066fc00000, 0x0000000670000000|  0%| F|  |TAMS 0x000000066fc00000| PB 0x000000066fc00000| Untracked |  0
| 448|0x0000000670000000, 0x0000000670000000, 0x0000000670400000|  0%| F|  |TAMS 0x0000000670000000| PB 0x0000000670000000| Untracked |  0
| 449|0x0000000670400000, 0x0000000670400000, 0x0000000670800000|  0%| F|  |TAMS 0x0000000670400000| PB 0x0000000670400000| Untracked |  0
| 450|0x0000000670800000, 0x0000000670800000, 0x0000000670c00000|  0%| F|  |TAMS 0x0000000670800000| PB 0x0000000670800000| Untracked |  0
| 451|0x0000000670c00000, 0x0000000670c00000, 0x0000000671000000|  0%| F|  |TAMS 0x0000000670c00000| PB 0x0000000670c00000| Untracked |  0
| 452|0x0000000671000000, 0x0000000671000000, 0x0000000671400000|  0%| F|  |TAMS 0x0000000671000000| PB 0x0000000671000000| Untracked |  0
| 453|0x0000000671400000, 0x0000000671400000, 0x0000000671800000|  0%| F|  |TAMS 0x0000000671400000| PB 0x0000000671400000| Untracked |  0
| 454|0x0000000671800000, 0x0000000671800000, 0x0000000671c00000|  0%| F|  |TAMS 0x0000000671800000| PB 0x0000000671800000| Untracked |  0
| 455|0x0000000671c00000, 0x0000000671c00000, 0x0000000672000000|  0%| F|  |TAMS 0x0000000671c00000| PB 0x0000000671c00000| Untracked |  0
| 456|0x0000000672000000, 0x0000000672000000, 0x0000000672400000|  0%| F|  |TAMS 0x0000000672000000| PB 0x0000000672000000| Untracked |  0
| 457|0x0000000672400000, 0x0000000672400000, 0x0000000672800000|  0%| F|  |TAMS 0x0000000672400000| PB 0x0000000672400000| Untracked |  0
| 458|0x0000000672800000, 0x0000000672800000, 0x0000000672c00000|  0%| F|  |TAMS 0x0000000672800000| PB 0x0000000672800000| Untracked |  0
| 459|0x0000000672c00000, 0x0000000672c00000, 0x0000000673000000|  0%| F|  |TAMS 0x0000000672c00000| PB 0x0000000672c00000| Untracked |  0
| 460|0x0000000673000000, 0x0000000673000000, 0x0000000673400000|  0%| F|  |TAMS 0x0000000673000000| PB 0x0000000673000000| Untracked |  0
| 461|0x0000000673400000, 0x0000000673400000, 0x0000000673800000|  0%| F|  |TAMS 0x0000000673400000| PB 0x0000000673400000| Untracked |  0
| 462|0x0000000673800000, 0x0000000673800000, 0x0000000673c00000|  0%| F|  |TAMS 0x0000000673800000| PB 0x0000000673800000| Untracked |  0
| 463|0x0000000673c00000, 0x0000000673c00000, 0x0000000674000000|  0%| F|  |TAMS 0x0000000673c00000| PB 0x0000000673c00000| Untracked |  0
| 464|0x0000000674000000, 0x0000000674000000, 0x0000000674400000|  0%| F|  |TAMS 0x0000000674000000| PB 0x0000000674000000| Untracked |  0
| 465|0x0000000674400000, 0x0000000674400000, 0x0000000674800000|  0%| F|  |TAMS 0x0000000674400000| PB 0x0000000674400000| Untracked |  0
| 466|0x0000000674800000, 0x0000000674800000, 0x0000000674c00000|  0%| F|  |TAMS 0x0000000674800000| PB 0x0000000674800000| Untracked |  0
| 467|0x0000000674c00000, 0x0000000674c00000, 0x0000000675000000|  0%| F|  |TAMS 0x0000000674c00000| PB 0x0000000674c00000| Untracked |  0
| 468|0x0000000675000000, 0x0000000675000000, 0x0000000675400000|  0%| F|  |TAMS 0x0000000675000000| PB 0x0000000675000000| Untracked |  0
| 469|0x0000000675400000, 0x0000000675400000, 0x0000000675800000|  0%| F|  |TAMS 0x0000000675400000| PB 0x0000000675400000| Untracked |  0
| 470|0x0000000675800000, 0x0000000675800000, 0x0000000675c00000|  0%| F|  |TAMS 0x0000000675800000| PB 0x0000000675800000| Untracked |  0
| 471|0x0000000675c00000, 0x0000000675c00000, 0x0000000676000000|  0%| F|  |TAMS 0x0000000675c00000| PB 0x0000000675c00000| Untracked |  0
| 472|0x0000000676000000, 0x0000000676000000, 0x0000000676400000|  0%| F|  |TAMS 0x0000000676000000| PB 0x0000000676000000| Untracked |  0
| 473|0x0000000676400000, 0x0000000676400000, 0x0000000676800000|  0%| F|  |TAMS 0x0000000676400000| PB 0x0000000676400000| Untracked |  0
| 474|0x0000000676800000, 0x0000000676800000, 0x0000000676c00000|  0%| F|  |TAMS 0x0000000676800000| PB 0x0000000676800000| Untracked |  0
| 475|0x0000000676c00000, 0x0000000676c00000, 0x0000000677000000|  0%| F|  |TAMS 0x0000000676c00000| PB 0x0000000676c00000| Untracked |  0
| 476|0x0000000677000000, 0x0000000677000000, 0x0000000677400000|  0%| F|  |TAMS 0x0000000677000000| PB 0x0000000677000000| Untracked |  0
| 477|0x0000000677400000, 0x0000000677400000, 0x0000000677800000|  0%| F|  |TAMS 0x0000000677400000| PB 0x0000000677400000| Untracked |  0
| 478|0x0000000677800000, 0x0000000677800000, 0x0000000677c00000|  0%| F|  |TAMS 0x0000000677800000| PB 0x0000000677800000| Untracked |  0
| 479|0x0000000677c00000, 0x0000000677c00000, 0x0000000678000000|  0%| F|  |TAMS 0x0000000677c00000| PB 0x0000000677c00000| Untracked |  0
| 480|0x0000000678000000, 0x0000000678000000, 0x0000000678400000|  0%| F|  |TAMS 0x0000000678000000| PB 0x0000000678000000| Untracked |  0
| 481|0x0000000678400000, 0x0000000678400000, 0x0000000678800000|  0%| F|  |TAMS 0x0000000678400000| PB 0x0000000678400000| Untracked |  0
| 482|0x0000000678800000, 0x0000000678800000, 0x0000000678c00000|  0%| F|  |TAMS 0x0000000678800000| PB 0x0000000678800000| Untracked |  0
| 483|0x0000000678c00000, 0x0000000678c00000, 0x0000000679000000|  0%| F|  |TAMS 0x0000000678c00000| PB 0x0000000678c00000| Untracked |  0
| 484|0x0000000679000000, 0x0000000679000000, 0x0000000679400000|  0%| F|  |TAMS 0x0000000679000000| PB 0x0000000679000000| Untracked |  0
| 485|0x0000000679400000, 0x0000000679400000, 0x0000000679800000|  0%| F|  |TAMS 0x0000000679400000| PB 0x0000000679400000| Untracked |  0
| 486|0x0000000679800000, 0x0000000679800000, 0x0000000679c00000|  0%| F|  |TAMS 0x0000000679800000| PB 0x0000000679800000| Untracked |  0
| 487|0x0000000679c00000, 0x0000000679c00000, 0x000000067a000000|  0%| F|  |TAMS 0x0000000679c00000| PB 0x0000000679c00000| Untracked |  0
| 488|0x000000067a000000, 0x000000067a000000, 0x000000067a400000|  0%| F|  |TAMS 0x000000067a000000| PB 0x000000067a000000| Untracked |  0
| 489|0x000000067a400000, 0x000000067a400000, 0x000000067a800000|  0%| F|  |TAMS 0x000000067a400000| PB 0x000000067a400000| Untracked |  0
| 490|0x000000067a800000, 0x000000067a800000, 0x000000067ac00000|  0%| F|  |TAMS 0x000000067a800000| PB 0x000000067a800000| Untracked |  0
| 491|0x000000067ac00000, 0x000000067ac00000, 0x000000067b000000|  0%| F|  |TAMS 0x000000067ac00000| PB 0x000000067ac00000| Untracked |  0
| 492|0x000000067b000000, 0x000000067b000000, 0x000000067b400000|  0%| F|  |TAMS 0x000000067b000000| PB 0x000000067b000000| Untracked |  0
| 493|0x000000067b400000, 0x000000067b400000, 0x000000067b800000|  0%| F|  |TAMS 0x000000067b400000| PB 0x000000067b400000| Untracked |  0
| 494|0x000000067b800000, 0x000000067b800000, 0x000000067bc00000|  0%| F|  |TAMS 0x000000067b800000| PB 0x000000067b800000| Untracked |  0
| 495|0x000000067bc00000, 0x000000067bc00000, 0x000000067c000000|  0%| F|  |TAMS 0x000000067bc00000| PB 0x000000067bc00000| Untracked |  0
| 496|0x000000067c000000, 0x000000067c000000, 0x000000067c400000|  0%| F|  |TAMS 0x000000067c000000| PB 0x000000067c000000| Untracked |  0
| 497|0x000000067c400000, 0x000000067c400000, 0x000000067c800000|  0%| F|  |TAMS 0x000000067c400000| PB 0x000000067c400000| Untracked |  0
| 498|0x000000067c800000, 0x000000067ca9e3f0, 0x000000067cc00000| 65%| S|CS|TAMS 0x000000067c800000| PB 0x000000067c800000| Complete |  0
| 499|0x000000067cc00000, 0x000000067d000000, 0x000000067d000000|100%| S|CS|TAMS 0x000000067cc00000| PB 0x000000067cc00000| Complete |  0
| 500|0x000000067d000000, 0x000000067d400000, 0x000000067d400000|100%| S|CS|TAMS 0x000000067d000000| PB 0x000000067d000000| Complete |  0
| 501|0x000000067d400000, 0x000000067d800000, 0x000000067d800000|100%| S|CS|TAMS 0x000000067d400000| PB 0x000000067d400000| Complete |  0
| 502|0x000000067d800000, 0x000000067d800000, 0x000000067dc00000|  0%| F|  |TAMS 0x000000067d800000| PB 0x000000067d800000| Untracked |  0
| 503|0x000000067dc00000, 0x000000067dc00000, 0x000000067e000000|  0%| F|  |TAMS 0x000000067dc00000| PB 0x000000067dc00000| Untracked |  0
| 504|0x000000067e000000, 0x000000067e000000, 0x000000067e400000|  0%| F|  |TAMS 0x000000067e000000| PB 0x000000067e000000| Untracked |  0
| 505|0x000000067e400000, 0x000000067e400000, 0x000000067e800000|  0%| F|  |TAMS 0x000000067e400000| PB 0x000000067e400000| Untracked |  0
| 506|0x000000067e800000, 0x000000067e800000, 0x000000067ec00000|  0%| F|  |TAMS 0x000000067e800000| PB 0x000000067e800000| Untracked |  0
| 507|0x000000067ec00000, 0x000000067ec00000, 0x000000067f000000|  0%| F|  |TAMS 0x000000067ec00000| PB 0x000000067ec00000| Untracked |  0
|2039|0x00000007fdc00000, 0x00000007fe000000, 0x00000007fe000000|100%| O|  |TAMS 0x00000007fe000000| PB 0x00000007fdc00000| Untracked |  0
|2040|0x00000007fe000000, 0x00000007fe400000, 0x00000007fe400000|100%| O|  |TAMS 0x00000007fe400000| PB 0x00000007fe000000| Untracked |  0
|2041|0x00000007fe400000, 0x00000007fe400000, 0x00000007fe800000|  0%| F|  |TAMS 0x00000007fe400000| PB 0x00000007fe400000| Untracked |  0
|2042|0x00000007fe800000, 0x00000007fec00000, 0x00000007fec00000|100%| O|  |TAMS 0x00000007fec00000| PB 0x00000007fe800000| Untracked |  0
|2043|0x00000007fec00000, 0x00000007fec00000, 0x00000007ff000000|  0%| F|  |TAMS 0x00000007fec00000| PB 0x00000007fec00000| Untracked |  0
|2044|0x00000007ff000000, 0x00000007ff000000, 0x00000007ff400000|  0%| F|  |TAMS 0x00000007ff000000| PB 0x00000007ff000000| Untracked |  0
|2045|0x00000007ff400000, 0x00000007ff400000, 0x00000007ff800000|  0%| F|  |TAMS 0x00000007ff400000| PB 0x00000007ff400000| Untracked |  0
|2046|0x00000007ff800000, 0x00000007ffc00000, 0x00000007ffc00000|100%| O|  |TAMS 0x00000007ffc00000| PB 0x00000007ff800000| Untracked |  0
|2047|0x00000007ffc00000, 0x0000000800000000, 0x0000000800000000|100%| O|  |TAMS 0x0000000800000000| PB 0x00000007ffc00000| Untracked |  0

Card table byte_map: [0x0000027534e80000,0x0000027535e80000] _byte_map_base: 0x0000027531e80000

Marking Bits: (CMBitMap*) 0x000002751080b5b0
 Bits: [0x0000027535e80000, 0x000002753de80000)

Polling page: 0x000002750ff20000

Metaspace:
Metaspace        used 307847K, committed 310912K, reserved 1376256K
 class space     used 41563K, committed 42944K, reserved 1048576K

Usage:
  Non-class:    260.04 MB used.
      Class:     40.59 MB used.
       Both:    300.63 MB used.

Virtual space:
  Non-class space:      320.00 MB reserved,     261.69 MB ( 82%) committed,  5 nodes.
      Class space:        1.00 GB reserved,      41.94 MB (  4%) committed,  1 nodes.
             Both:        1.31 GB reserved,     303.62 MB ( 23%) committed. 

Chunk freelists:
   Non-Class:  9.89 MB
       Class:  6.11 MB
        Both:  16.00 MB

MaxMetaspaceSize: 4.00 GB
CompressedClassSpaceSize: 1.00 GB
Initial GC threshold: 21.00 MB
Current GC threshold: 397.44 MB
CDS: off
 - commit_granule_bytes: 65536.
 - commit_granule_words: 8192.
 - virtual_space_node_default_size: 8388608.
 - enlarge_chunks_in_place: 1.
UseCompressedClassPointers 1, UseCompactObjectHeaders 0
Narrow klass pointer bits 32, Max shift 3
Narrow klass base: 0x0000000000000000, Narrow klass shift: 0
Encoding Range: [0x0000000000000000 - 0x0000000100000000), (4294967296 bytes)
Klass Range:    [0x00000000a9000000 - 0x00000000e9000000), (1073741824 bytes)
Klass ID Range:  [2835349504 - 3909091321) (1073741817)
No protection zone.


Internal statistics:

num_allocs_failed_limit: 673.
num_arena_births: 5208.
num_arena_deaths: 16.
num_vsnodes_births: 6.
num_vsnodes_deaths: 0.
num_space_committed: 4873.
num_space_uncommitted: 16.
num_chunks_returned_to_freelist: 801.
num_chunks_taken_from_freelist: 17744.
num_chunk_merges: 706.
num_chunk_splits: 13090.
num_chunks_enlarged: 8792.
num_inconsistent_stats: 0.

CodeHeap 'non-profiled nmethods': size=259328Kb used=26223Kb max_used=26223Kb free=233104Kb
 bounds [0x0000027523f10000, 0x00000275258b0000, 0x0000027533c50000]
CodeHeap 'profiled nmethods': size=259264Kb used=80721Kb max_used=80721Kb free=178542Kb
 bounds [0x0000027513c50000, 0x0000027518b30000, 0x0000027523980000]
CodeHeap 'non-nmethods': size=5696Kb used=2555Kb max_used=2644Kb free=3140Kb
 bounds [0x0000027523980000, 0x0000027523c30000, 0x0000027523f10000]
CodeCache: size=524288Kb, used=109499Kb, max_used=109588Kb, free=414786Kb
 total_blobs=49458, nmethods=48080, adapters=1277, full_count=0
Compilation: enabled, stopped_count=0, restarted_count=0

Compilation events (20 events):
Event: 234.563 Thread 0x0000027540651d80 51094       3       org.jetbrains.kotlin.fir.resolve.transformers.body.resolve.FirArrayOfCallTransformer::<init> (5 bytes)
Event: 234.563 Thread 0x0000027540651d80 nmethod 51094 0x0000027518b22588 code [0x0000027518b22680, 0x0000027518b22900]
Event: 234.566 Thread 0x0000027540651d80 51095       1       org.jetbrains.kotlin.fir.expressions.impl.FirAnnotationCallImpl::getAnnotationTypeRef (5 bytes)
Event: 234.566 Thread 0x0000027540651d80 nmethod 51095 0x00000275258a8b08 code [0x00000275258a8c00, 0x00000275258a8cc8]
Event: 234.573 Thread 0x0000027540648590 nmethod 51025 0x00000275258a8e08 code [0x00000275258a8f00, 0x00000275258ab0c8]
Event: 234.574 Thread 0x0000027540648590 51035       4       com.android.ide.common.gradle.Separator::toString (27 bytes)
Event: 234.575 Thread 0x0000027540648590 nmethod 51035 0x00000275258ab108 code [0x00000275258ab200, 0x00000275258ab470]
Event: 234.575 Thread 0x0000027540648590 51031       4       kotlinx.collections.immutable.implementations.immutableMap.PersistentHashMapBuilder::build (8 bytes)
Event: 234.577 Thread 0x0000027540648590 nmethod 51031 0x00000275258ab488 code [0x00000275258ab580, 0x00000275258abaa0]
Event: 234.577 Thread 0x0000027540648590 51032   !   4       java.util.AbstractSet::equals (45 bytes)
Event: 234.578 Thread 0x0000027540648590 nmethod 51032 0x00000275258abb08 code [0x00000275258abc00, 0x00000275258abe78]
Event: 234.580 Thread 0x0000027540651d80 51096       3       org.jetbrains.kotlin.fir.types.FirResolvedTypeRef::transform (22 bytes)
Event: 234.581 Thread 0x0000027540651d80 nmethod 51096 0x0000027518b22988 code [0x0000027518b22a80, 0x0000027518b23590]
Event: 234.581 Thread 0x0000027540651d80 51097       3       org.jetbrains.kotlin.util.OneElementArrayMap::get (17 bytes)
Event: 234.581 Thread 0x0000027540651d80 nmethod 51097 0x0000027518b23608 code [0x0000027518b23700, 0x0000027518b23880]
Event: 234.583 Thread 0x0000027540651d80 51098       3       org.jetbrains.kotlin.fir.builder.PsiRawFirBuilder::getAsText (9 bytes)
Event: 234.584 Thread 0x0000027540651d80 nmethod 51098 0x0000027518b23908 code [0x0000027518b23a00, 0x0000027518b24278]
Event: 234.585 Thread 0x0000027540648590 51099       4       org.gradle.internal.file.FileHierarchySet$Node::plusWithCommonPrefixLength (341 bytes)
Event: 234.586 Thread 0x0000027540651d80 51100       3       kotlinx.collections.immutable.implementations.persistentOrderedMap.LinkedValue::<init> (12 bytes)
Event: 234.586 Thread 0x0000027540651d80 nmethod 51100 0x0000027518b24308 code [0x0000027518b24400, 0x0000027518b24718]

GC Heap Usage History (20 events):
Event: 183.467 {heap After GC invocations=88 (full 0):
 garbage-first heap   total reserved 8388608K, committed 1421312K, used 332869K [0x0000000600000000, 0x0000000800000000)
  region size 4096K, 15 young (61440K), 15 survivors (61440K)
}
Event: 185.683 {heap Before GC invocations=88 (full 0):
 garbage-first heap   total reserved 8388608K, committed 1421312K, used 1123397K [0x0000000600000000, 0x0000000800000000)
  region size 4096K, 208 young (851968K), 15 survivors (61440K)
}
Event: 185.736 {heap After GC invocations=89 (full 0):
 garbage-first heap   total reserved 8388608K, committed 1421312K, used 336581K [0x0000000600000000, 0x0000000800000000)
  region size 4096K, 15 young (61440K), 15 survivors (61440K)
}
Event: 191.152 {heap Before GC invocations=89 (full 0):
 garbage-first heap   total reserved 8388608K, committed 1421312K, used 1127109K [0x0000000600000000, 0x0000000800000000)
  region size 4096K, 208 young (851968K), 15 survivors (61440K)
}
Event: 191.200 {heap After GC invocations=90 (full 0):
 garbage-first heap   total reserved 8388608K, committed 1421312K, used 321749K [0x0000000600000000, 0x0000000800000000)
  region size 4096K, 9 young (36864K), 9 survivors (36864K)
}
Event: 191.761 {heap Before GC invocations=90 (full 0):
 garbage-first heap   total reserved 8388608K, committed 1421312K, used 501973K [0x0000000600000000, 0x0000000800000000)
  region size 4096K, 54 young (221184K), 9 survivors (36864K)
}
Event: 191.921 {heap After GC invocations=91 (full 0):
 garbage-first heap   total reserved 8388608K, committed 1421312K, used 325828K [0x0000000600000000, 0x0000000800000000)
  region size 4096K, 10 young (40960K), 10 survivors (40960K)
}
Event: 194.676 {heap Before GC invocations=91 (full 0):
 garbage-first heap   total reserved 8388608K, committed 1421312K, used 1136836K [0x0000000600000000, 0x0000000800000000)
  region size 4096K, 208 young (851968K), 10 survivors (40960K)
}
Event: 194.708 {heap After GC invocations=92 (full 0):
 garbage-first heap   total reserved 8388608K, committed 1421312K, used 325605K [0x0000000600000000, 0x0000000800000000)
  region size 4096K, 10 young (40960K), 10 survivors (40960K)
}
Event: 205.896 {heap Before GC invocations=93 (full 0):
 garbage-first heap   total reserved 8388608K, committed 1093632K, used 976869K [0x0000000600000000, 0x0000000800000000)
  region size 4096K, 170 young (696320K), 10 survivors (40960K)
}
Event: 206.423 {heap After GC invocations=94 (full 0):
 garbage-first heap   total reserved 8388608K, committed 2117632K, used 403669K [0x0000000600000000, 0x0000000800000000)
  region size 4096K, 22 young (90112K), 22 survivors (90112K)
}
Event: 206.455 {heap Before GC invocations=94 (full 0):
 garbage-first heap   total reserved 8388608K, committed 2117632K, used 415957K [0x0000000600000000, 0x0000000800000000)
  region size 4096K, 25 young (102400K), 22 survivors (90112K)
}
Event: 206.724 {heap After GC invocations=95 (full 0):
 garbage-first heap   total reserved 8388608K, committed 2117632K, used 415957K [0x0000000600000000, 0x0000000800000000)
  region size 4096K, 2 young (8192K), 2 survivors (8192K)
}
Event: 214.100 {heap Before GC invocations=95 (full 0):
 garbage-first heap   total reserved 8388608K, committed 2117632K, used 1542357K [0x0000000600000000, 0x0000000800000000)
  region size 4096K, 276 young (1130496K), 2 survivors (8192K)
}
Event: 215.912 {heap After GC invocations=96 (full 0):
 garbage-first heap   total reserved 8388608K, committed 2117632K, used 667861K [0x0000000600000000, 0x0000000800000000)
  region size 4096K, 35 young (143360K), 35 survivors (143360K)
}
Event: 228.472 {heap Before GC invocations=96 (full 0):
 garbage-first heap   total reserved 8388608K, committed 2117632K, used 1675477K [0x0000000600000000, 0x0000000800000000)
  region size 4096K, 282 young (1155072K), 35 survivors (143360K)
}
Event: 232.413 {heap After GC invocations=97 (full 0):
 garbage-first heap   total reserved 8388608K, committed 2117632K, used 755925K [0x0000000600000000, 0x0000000800000000)
  region size 4096K, 21 young (86016K), 21 survivors (86016K)
}
Event: 232.661 {heap Before GC invocations=97 (full 0):
 garbage-first heap   total reserved 8388608K, committed 2117632K, used 772309K [0x0000000600000000, 0x0000000800000000)
  region size 4096K, 25 young (102400K), 21 survivors (86016K)
}
Event: 233.725 {heap After GC invocations=98 (full 0):
 garbage-first heap   total reserved 8388608K, committed 2117632K, used 768213K [0x0000000600000000, 0x0000000800000000)
  region size 4096K, 3 young (12288K), 3 survivors (12288K)
}
Event: 234.631 {heap Before GC invocations=98 (full 0):
 garbage-first heap   total reserved 8388608K, committed 2117632K, used 788693K [0x0000000600000000, 0x0000000800000000)
  region size 4096K, 10 young (40960K), 3 survivors (12288K)
}

Metaspace Usage History (20 events):
Event: 183.467 {metaspace After GC invocations=88 (full 0):
 Metaspace       used 187227K, committed 189952K, reserved 1245184K
  class space    used 25969K, committed 27200K, reserved 1048576K
}
Event: 185.683 {metaspace Before GC invocations=88 (full 0):
 Metaspace       used 187352K, committed 190144K, reserved 1245184K
  class space    used 25982K, committed 27264K, reserved 1048576K
}
Event: 185.736 {metaspace After GC invocations=89 (full 0):
 Metaspace       used 187352K, committed 190144K, reserved 1245184K
  class space    used 25982K, committed 27264K, reserved 1048576K
}
Event: 191.152 {metaspace Before GC invocations=89 (full 0):
 Metaspace       used 188874K, committed 191680K, reserved 1245184K
  class space    used 26114K, committed 27392K, reserved 1048576K
}
Event: 191.200 {metaspace After GC invocations=90 (full 0):
 Metaspace       used 188874K, committed 191680K, reserved 1245184K
  class space    used 26114K, committed 27392K, reserved 1048576K
}
Event: 191.761 {metaspace Before GC invocations=90 (full 0):
 Metaspace       used 189906K, committed 192640K, reserved 1245184K
  class space    used 26216K, committed 27456K, reserved 1048576K
}
Event: 191.921 {metaspace After GC invocations=91 (full 0):
 Metaspace       used 189906K, committed 192640K, reserved 1245184K
  class space    used 26216K, committed 27456K, reserved 1048576K
}
Event: 194.676 {metaspace Before GC invocations=91 (full 0):
 Metaspace       used 198557K, committed 201280K, reserved 1245184K
  class space    used 27105K, committed 28352K, reserved 1048576K
}
Event: 194.708 {metaspace After GC invocations=92 (full 0):
 Metaspace       used 198557K, committed 201280K, reserved 1245184K
  class space    used 27105K, committed 28352K, reserved 1048576K
}
Event: 205.896 {metaspace Before GC invocations=93 (full 0):
 Metaspace       used 240304K, committed 244160K, reserved 1310720K
  class space    used 33207K, committed 34688K, reserved 1048576K
}
Event: 206.423 {metaspace After GC invocations=94 (full 0):
 Metaspace       used 240304K, committed 244160K, reserved 1310720K
  class space    used 33207K, committed 34688K, reserved 1048576K
}
Event: 206.455 {metaspace Before GC invocations=94 (full 0):
 Metaspace       used 240330K, committed 244160K, reserved 1310720K
  class space    used 33230K, committed 34688K, reserved 1048576K
}
Event: 206.724 {metaspace After GC invocations=95 (full 0):
 Metaspace       used 240330K, committed 244160K, reserved 1310720K
  class space    used 33230K, committed 34688K, reserved 1048576K
}
Event: 214.102 {metaspace Before GC invocations=95 (full 0):
 Metaspace       used 264550K, committed 267392K, reserved 1310720K
  class space    used 36290K, committed 37568K, reserved 1048576K
}
Event: 215.912 {metaspace After GC invocations=96 (full 0):
 Metaspace       used 264550K, committed 267392K, reserved 1310720K
  class space    used 36290K, committed 37568K, reserved 1048576K
}
Event: 228.472 {metaspace Before GC invocations=96 (full 0):
 Metaspace       used 306137K, committed 309120K, reserved 1376256K
  class space    used 41350K, committed 42688K, reserved 1048576K
}
Event: 232.413 {metaspace After GC invocations=97 (full 0):
 Metaspace       used 306137K, committed 309120K, reserved 1376256K
  class space    used 41350K, committed 42688K, reserved 1048576K
}
Event: 232.661 {metaspace Before GC invocations=97 (full 0):
 Metaspace       used 306420K, committed 309376K, reserved 1376256K
  class space    used 41371K, committed 42688K, reserved 1048576K
}
Event: 233.725 {metaspace After GC invocations=98 (full 0):
 Metaspace       used 306420K, committed 309376K, reserved 1376256K
  class space    used 41371K, committed 42688K, reserved 1048576K
}
Event: 234.631 {metaspace Before GC invocations=98 (full 0):
 Metaspace       used 307847K, committed 310912K, reserved 1376256K
  class space    used 41563K, committed 42944K, reserved 1048576K
}

Dll operation events (3 events):
Event: 0.025 Loaded shared library C:\Program Files\Android\Android Studio\jbr\bin\java.dll
Event: 0.031 Loaded shared library C:\Program Files\Android\Android Studio\jbr\bin\zip.dll
Event: 2.299 Loaded shared library C:\Program Files\Android\Android Studio\jbr\bin\verify.dll

Deoptimization events (20 events):
Event: 234.479 Thread 0x000002754fc30d90 Uncommon trap: trap_request=0xffffffc6 fr.pc=0x0000027525600ee4 relative=0x00000000000002e4
Event: 234.479 Thread 0x000002754fc30d90 Uncommon trap: reason=bimorphic_or_optimized_type_check action=maybe_recompile pc=0x0000027525600ee4 method=com.android.tools.r8.internal.ts1.a()Ljava/lang/Object; @ 27 c2
Event: 234.479 Thread 0x000002754fc30d90 DEOPT PACKING pc=0x0000027525600ee4 sp=0x0000009f865fdad0
Event: 234.479 Thread 0x000002754fc30d90 DEOPT UNPACKING pc=0x0000027523a97682 sp=0x0000009f865fda00 mode 2
Event: 234.493 Thread 0x000002754fc30d90 Uncommon trap: trap_request=0xffffffde fr.pc=0x00000275255ca0d4 relative=0x0000000000000854
Event: 234.493 Thread 0x000002754fc30d90 Uncommon trap: reason=class_check action=maybe_recompile pc=0x00000275255ca0d4 method=com.android.tools.r8.graph.na.a(Ljava/util/function/Predicate;Ljava/util/function/Consumer;Lcom/android/tools/r8/graph/i3;)Lcom/android/tools/r8/internal/hj4; @ 2 c2
Event: 234.494 Thread 0x000002754fc30d90 DEOPT PACKING pc=0x00000275255ca0d4 sp=0x0000009f865fd160
Event: 234.494 Thread 0x000002754fc30d90 DEOPT UNPACKING pc=0x0000027523a97682 sp=0x0000009f865fd0a8 mode 2
Event: 234.494 Thread 0x000002754fc30d90 Uncommon trap: trap_request=0xffffffde fr.pc=0x00000275255ca0d4 relative=0x0000000000000854
Event: 234.494 Thread 0x000002754fc30d90 Uncommon trap: reason=class_check action=maybe_recompile pc=0x00000275255ca0d4 method=com.android.tools.r8.graph.na.a(Ljava/util/function/Predicate;Ljava/util/function/Consumer;Lcom/android/tools/r8/graph/i3;)Lcom/android/tools/r8/internal/hj4; @ 2 c2
Event: 234.494 Thread 0x000002754fc30d90 DEOPT PACKING pc=0x00000275255ca0d4 sp=0x0000009f865fd160
Event: 234.494 Thread 0x000002754fc30d90 DEOPT UNPACKING pc=0x0000027523a97682 sp=0x0000009f865fd0a8 mode 2
Event: 234.503 Thread 0x000002754fc30d90 Uncommon trap: trap_request=0xffffffc6 fr.pc=0x00000275255e83bc relative=0x000000000000033c
Event: 234.503 Thread 0x000002754fc30d90 Uncommon trap: reason=bimorphic_or_optimized_type_check action=maybe_recompile pc=0x00000275255e83bc method=com.android.tools.r8.internal.f21.a(I)Ljava/lang/Object; @ 9 c2
Event: 234.503 Thread 0x000002754fc30d90 DEOPT PACKING pc=0x00000275255e83bc sp=0x0000009f865fcf80
Event: 234.503 Thread 0x000002754fc30d90 DEOPT UNPACKING pc=0x0000027523a97682 sp=0x0000009f865fce48 mode 2
Event: 234.548 Thread 0x000002754fc30d90 Uncommon trap: trap_request=0xffffff6e fr.pc=0x0000027525377abc relative=0x000000000000113c
Event: 234.548 Thread 0x000002754fc30d90 Uncommon trap: reason=predicate action=maybe_recompile pc=0x0000027525377abc method=com.android.tools.r8.internal.xi.a(Ljava/io/InputStream;)[B @ 72 c2
Event: 234.548 Thread 0x000002754fc30d90 DEOPT PACKING pc=0x0000027525377abc sp=0x0000009f865fcac0
Event: 234.548 Thread 0x000002754fc30d90 DEOPT UNPACKING pc=0x0000027523a97682 sp=0x0000009f865fcaa0 mode 2

Classes loaded (20 events):
Event: 222.308 Loading class sun/security/ssl/PreSharedKeyExtension$PskIdentity
Event: 222.308 Loading class sun/security/ssl/PreSharedKeyExtension$PskIdentity done
Event: 222.308 Loading class javax/crypto/spec/HKDFParameterSpec$ExtractThenExpand
Event: 222.308 Loading class javax/crypto/spec/HKDFParameterSpec$ExtractThenExpand done
Event: 222.309 Loading class sun/security/ssl/PreSharedKeyExtension$CHPreSharedKeySpec
Event: 222.309 Loading class sun/security/ssl/PreSharedKeyExtension$CHPreSharedKeySpec done
Event: 222.309 Loading class sun/security/ssl/PreSharedKeyExtension$PartialClientHelloMessage
Event: 222.309 Loading class sun/security/ssl/PreSharedKeyExtension$PartialClientHelloMessage done
Event: 222.309 Loading class sun/security/ssl/SSLEngineOutputRecord
Event: 222.311 Loading class sun/security/ssl/SSLEngineOutputRecord done
Event: 222.311 Loading class sun/security/ssl/SSLEngineOutputRecord$HandshakeFragment
Event: 222.311 Loading class sun/security/ssl/SSLEngineOutputRecord$HandshakeFragment done
Event: 222.311 Loading class sun/security/ssl/SSLEngineOutputRecord$HandshakeMemo
Event: 222.311 Loading class sun/security/ssl/SSLEngineOutputRecord$RecordMemo
Event: 222.311 Loading class sun/security/ssl/SSLEngineOutputRecord$RecordMemo done
Event: 222.311 Loading class sun/security/ssl/SSLEngineOutputRecord$HandshakeMemo done
Event: 222.479 Loading class sun/security/ssl/PreSharedKeyExtension$SHPreSharedKeySpec
Event: 222.479 Loading class sun/security/ssl/PreSharedKeyExtension$SHPreSharedKeySpec done
Event: 233.755 Loading class javax/xml/stream/FactoryFinder
Event: 233.760 Loading class javax/xml/stream/FactoryFinder done

Classes unloaded (20 events):
Event: 205.034 Thread 0x000002753e04af60 Unloading class 0x00000000aa7bf4f8 'jdk/internal/jimage/ImageHeader'
Event: 205.034 Thread 0x000002753e04af60 Unloading class 0x00000000aa7bf280 'jdk/internal/jimage/BasicImageReader$2'
Event: 205.034 Thread 0x000002753e04af60 Unloading class 0x00000000aa7bf008 'jdk/internal/jimage/BasicImageReader$1'
Event: 205.035 Thread 0x000002753e04af60 Unloading class 0x00000000aa7bed58 'jdk/internal/jimage/ImageReader$Resource'
Event: 205.035 Thread 0x000002753e04af60 Unloading class 0x00000000aa7beaa8 'jdk/internal/jimage/ImageReader$LinkNode'
Event: 205.035 Thread 0x000002753e04af60 Unloading class 0x00000000aa7be7f8 'jdk/internal/jimage/ImageReader$Directory'
Event: 205.035 Thread 0x000002753e04af60 Unloading class 0x00000000aa7be548 'jdk/internal/jimage/ImageReader$Node'
Event: 205.035 Thread 0x000002753e04af60 Unloading class 0x00000000aa7be308 'jdk/internal/jimage/ImageStrings'
Event: 205.035 Thread 0x000002753e04af60 Unloading class 0x00000000aa7be000 'jdk/internal/jimage/ImageReader$SharedImageReader'
Event: 205.035 Thread 0x000002753e04af60 Unloading class 0x00000000aa7bdc30 'jdk/internal/jimage/BasicImageReader'
Event: 205.035 Thread 0x000002753e04af60 Unloading class 0x00000000aa7bd9c8 'jdk/internal/jimage/ImageReader'
Event: 205.035 Thread 0x000002753e04af60 Unloading class 0x00000000aa7bd758 'jdk/internal/jrtfs/SystemImage$2'
Event: 205.035 Thread 0x000002753e04af60 Unloading class 0x00000000aa7bd4f8 'jdk/internal/jrtfs/SystemImage$$Lambda+0x00000000aa7bd4f8'
Event: 205.035 Thread 0x000002753e04af60 Unloading class 0x00000000aa7bd280 'jdk/internal/jrtfs/ExplodedImage'
Event: 205.035 Thread 0x000002753e04af60 Unloading class 0x00000000aa7bd000 'jdk/internal/jrtfs/SystemImage$1'
Event: 205.035 Thread 0x000002753e04af60 Unloading class 0x00000000aa7bcd00 'jdk/internal/jrtfs/SystemImage'
Event: 205.035 Thread 0x000002753e04af60 Unloading class 0x00000000aa7bca58 'jdk/internal/jrtfs/JrtFileStore'
Event: 205.036 Thread 0x000002753e04af60 Unloading class 0x00000000aa7bc678 'jdk/internal/jrtfs/JrtPath'
Event: 205.036 Thread 0x000002753e04af60 Unloading class 0x00000000aa7bc338 'jdk/internal/jrtfs/JrtFileSystem'
Event: 205.036 Thread 0x000002753e04af60 Unloading class 0x00000000aa7bc000 'jdk/internal/jrtfs/JrtFileSystemProvider'

Classes redefined (0 events):
No events

Internal exceptions (20 events):
Event: 234.482 Thread 0x000002754fc34c10 Exception <a 'sun/nio/fs/WindowsException'{0x000000067de49ec0}> (0x000000067de49ec0) 
thrown [s\src\hotspot\share\prims\jni.cpp, line 535]
Event: 234.482 Thread 0x000002754fc34c10 Exception <a 'sun/nio/fs/WindowsException'{0x000000067de4ad68}> (0x000000067de4ad68) 
thrown [s\src\hotspot\share\prims\jni.cpp, line 535]
Event: 234.482 Thread 0x000002754fc34c10 Exception <a 'sun/nio/fs/WindowsException'{0x000000067de4bbd0}> (0x000000067de4bbd0) 
thrown [s\src\hotspot\share\prims\jni.cpp, line 535]
Event: 234.483 Thread 0x000002754fc34c10 Exception <a 'sun/nio/fs/WindowsException'{0x000000067de4d2b0}> (0x000000067de4d2b0) 
thrown [s\src\hotspot\share\prims\jni.cpp, line 535]
Event: 234.502 Thread 0x000002754fc34c10 Exception <a 'sun/nio/fs/WindowsException'{0x000000067de53318}> (0x000000067de53318) 
thrown [s\src\hotspot\share\prims\jni.cpp, line 535]
Event: 234.519 Thread 0x000002754fc34c10 Exception <a 'sun/nio/fs/WindowsException'{0x000000067de5fcb8}> (0x000000067de5fcb8) 
thrown [s\src\hotspot\share\prims\jni.cpp, line 535]
Event: 234.580 Thread 0x0000027547f83db0 Exception <a 'sun/nio/fs/WindowsException'{0x000000067d85c800}> (0x000000067d85c800) 
thrown [s\src\hotspot\share\prims\jni.cpp, line 535]
Event: 234.581 Thread 0x0000027547f83db0 Exception <a 'sun/nio/fs/WindowsException'{0x000000067d861510}> (0x000000067d861510) 
thrown [s\src\hotspot\share\prims\jni.cpp, line 535]
Event: 234.581 Thread 0x0000027547f83db0 Exception <a 'sun/nio/fs/WindowsException'{0x000000067d862418}> (0x000000067d862418) 
thrown [s\src\hotspot\share\prims\jni.cpp, line 535]
Event: 234.581 Thread 0x0000027547f83db0 Exception <a 'sun/nio/fs/WindowsException'{0x000000067d863060}> (0x000000067d863060) 
thrown [s\src\hotspot\share\prims\jni.cpp, line 535]
Event: 234.581 Thread 0x0000027547f83db0 Exception <a 'sun/nio/fs/WindowsException'{0x000000067d863e48}> (0x000000067d863e48) 
thrown [s\src\hotspot\share\prims\jni.cpp, line 535]
Event: 234.581 Thread 0x0000027547f83db0 Exception <a 'sun/nio/fs/WindowsException'{0x000000067da5ac80}> (0x000000067da5ac80) 
thrown [s\src\hotspot\share\prims\jni.cpp, line 535]
Event: 234.581 Thread 0x0000027547f83db0 Exception <a 'sun/nio/fs/WindowsException'{0x000000067da5ba20}> (0x000000067da5ba20) 
thrown [s\src\hotspot\share\prims\jni.cpp, line 535]
Event: 234.581 Thread 0x0000027547f83db0 Exception <a 'sun/nio/fs/WindowsException'{0x000000067da5c5a0}> (0x000000067da5c5a0) 
thrown [s\src\hotspot\share\prims\jni.cpp, line 535]
Event: 234.586 Thread 0x0000027547f83db0 Exception <a 'sun/nio/fs/WindowsException'{0x000000067da630c8}> (0x000000067da630c8) 
thrown [s\src\hotspot\share\prims\jni.cpp, line 535]
Event: 234.586 Thread 0x0000027547f83db0 Exception <a 'sun/nio/fs/WindowsException'{0x000000067da63fc0}> (0x000000067da63fc0) 
thrown [s\src\hotspot\share\prims\jni.cpp, line 535]
Event: 234.586 Thread 0x0000027547f83db0 Exception <a 'sun/nio/fs/WindowsException'{0x000000067da65078}> (0x000000067da65078) 
thrown [s\src\hotspot\share\prims\jni.cpp, line 535]
Event: 234.586 Thread 0x0000027547f83db0 Exception <a 'sun/nio/fs/WindowsException'{0x000000067da660e0}> (0x000000067da660e0) 
thrown [s\src\hotspot\share\prims\jni.cpp, line 535]
Event: 234.586 Thread 0x0000027547f83db0 Exception <a 'sun/nio/fs/WindowsException'{0x000000067da67378}> (0x000000067da67378) 
thrown [s\src\hotspot\share\prims\jni.cpp, line 535]
Event: 234.587 Thread 0x0000027547f83db0 Exception <a 'sun/nio/fs/WindowsException'{0x000000067da68ad8}> (0x000000067da68ad8) 
thrown [s\src\hotspot\share\prims\jni.cpp, line 535]

VM Operations (20 events):
Event: 232.483 Executing non-safepoint VM operation: HandshakeAllThreads (Deoptimize) done
Event: 232.550 Executing non-safepoint VM operation: HandshakeAllThreads (Deoptimize)
Event: 232.611 Executing non-safepoint VM operation: HandshakeAllThreads (Deoptimize) done
Event: 232.611 Executing safepoint VM operation: G1CollectForAllocation (G1 Evacuation Pause)
Event: 233.727 Executing safepoint VM operation: G1CollectForAllocation (G1 Evacuation Pause) done
Event: 233.741 Executing non-safepoint VM operation: HandshakeAllThreads (Deoptimize)
Event: 233.798 Executing non-safepoint VM operation: HandshakeAllThreads (Deoptimize) done
Event: 233.865 Executing non-safepoint VM operation: HandshakeAllThreads (Deoptimize)
Event: 233.959 Executing non-safepoint VM operation: HandshakeAllThreads (Deoptimize) done
Event: 233.968 Executing non-safepoint VM operation: HandshakeAllThreads (Deoptimize)
Event: 234.006 Executing non-safepoint VM operation: HandshakeAllThreads (Deoptimize) done
Event: 234.027 Executing non-safepoint VM operation: HandshakeAllThreads (Deoptimize)
Event: 234.057 Executing non-safepoint VM operation: HandshakeAllThreads (Deoptimize) done
Event: 234.114 Executing non-safepoint VM operation: HandshakeAllThreads (Deoptimize)
Event: 234.171 Executing non-safepoint VM operation: HandshakeAllThreads (Deoptimize) done
Event: 234.504 Executing non-safepoint VM operation: HandshakeAllThreads (Deoptimize)
Event: 234.531 Executing non-safepoint VM operation: HandshakeAllThreads (Deoptimize) done
Event: 234.550 Executing non-safepoint VM operation: HandshakeAllThreads (Deoptimize)
Event: 234.578 Executing non-safepoint VM operation: HandshakeAllThreads (Deoptimize) done
Event: 234.588 Executing safepoint VM operation: G1TryInitiateConcMark (G1 Humongous Allocation)

Memory protections (0 events):
No events

Nmethod flushes (20 events):
Event: 205.880 Thread 0x000002753e04af60 flushing  nmethod 0x00000275166a7b08
Event: 205.880 Thread 0x000002753e04af60 flushing  nmethod 0x00000275166a7e08
Event: 205.880 Thread 0x000002753e04af60 flushing  nmethod 0x00000275166a8108
Event: 205.880 Thread 0x000002753e04af60 flushing  nmethod 0x00000275166a8408
Event: 205.880 Thread 0x000002753e04af60 flushing  nmethod 0x00000275166a8888
Event: 205.880 Thread 0x000002753e04af60 flushing  nmethod 0x00000275166a9f88
Event: 205.880 Thread 0x000002753e04af60 flushing  nmethod 0x00000275166aa708
Event: 205.880 Thread 0x000002753e04af60 flushing  nmethod 0x00000275166ab508
Event: 205.880 Thread 0x000002753e04af60 flushing  nmethod 0x00000275166ab908
Event: 205.880 Thread 0x000002753e04af60 flushing  nmethod 0x00000275166da188
Event: 205.880 Thread 0x000002753e04af60 flushing  nmethod 0x00000275166dae08
Event: 205.880 Thread 0x000002753e04af60 flushing  nmethod 0x00000275166db108
Event: 205.880 Thread 0x000002753e04af60 flushing  nmethod 0x00000275166dbc08
Event: 205.880 Thread 0x000002753e04af60 flushing  nmethod 0x00000275166dbf08
Event: 205.880 Thread 0x000002753e04af60 flushing  nmethod 0x00000275166dd388
Event: 205.880 Thread 0x000002753e04af60 flushing  nmethod 0x00000275166dd808
Event: 205.880 Thread 0x000002753e04af60 flushing  nmethod 0x00000275166de188
Event: 205.880 Thread 0x000002753e04af60 flushing  nmethod 0x00000275166de988
Event: 205.880 Thread 0x000002753e04af60 flushing  nmethod 0x00000275166e4c08
Event: 205.880 Thread 0x000002753e04af60 flushing  nmethod 0x00000275166e6e88

Events (20 events):
Event: 224.108 Thread 0x000002755dbf2e20 Thread exited: 0x000002755dbf2e20
Event: 224.903 Thread 0x00000275510b23e0 Thread added: 0x000002755dbf2e20
Event: 224.903 Thread 0x000002755dbf2e20 Thread exited: 0x000002755dbf2e20
Event: 224.946 Thread 0x000002755c181380 Thread exited: 0x000002755c181380
Event: 225.169 Thread 0x00000275510b23e0 Thread added: 0x000002755dbf93b0
Event: 225.298 Thread 0x0000027540648590 Thread added: 0x000002755df6c200
Event: 225.299 Thread 0x000002755dbf93b0 Thread exited: 0x000002755dbf93b0
Event: 227.439 Thread 0x0000027552a96cc0 Thread added: 0x000002755dbfd230
Event: 227.451 Thread 0x000002754fc34c10 Thread added: 0x000002755dbfda00
Event: 227.459 Thread 0x000002755dbfda00 Thread exited: 0x000002755dbfda00
Event: 228.336 Thread 0x000002754fc34c10 Thread added: 0x000002755dc037c0
Event: 228.353 Thread 0x000002755dc037c0 Thread exited: 0x000002755dc037c0
Event: 232.438 Thread 0x00000275510b7200 Thread exited: 0x00000275510b7200
Event: 232.441 Thread 0x00000275510aed30 Thread exited: 0x00000275510aed30
Event: 232.510 Thread 0x000002754fc34c10 Thread added: 0x000002755dc04760
Event: 232.523 Thread 0x000002755dc04760 Thread exited: 0x000002755dc04760
Event: 234.076 Thread 0x000002754fc34c10 Thread added: 0x000002755dc08db0
Event: 234.077 Thread 0x000002755dc08db0 Thread exited: 0x000002755dc08db0
Event: 234.341 Thread 0x000002754fc34c10 Thread added: 0x000002755dc066a0
Event: 234.407 Thread 0x000002755dc066a0 Thread exited: 0x000002755dc066a0


Dynamic libraries:
0x00007ff6cc220000 - 0x00007ff6cc22a000 	C:\Program Files\Android\Android Studio\jbr\bin\java.exe
0x00007ffc8a640000 - 0x00007ffc8a8a6000 	C:\WINDOWS\SYSTEM32\ntdll.dll
0x00007ffc89410000 - 0x00007ffc894d9000 	C:\WINDOWS\System32\KERNEL32.DLL
0x00007ffc87c70000 - 0x00007ffc8806f000 	C:\WINDOWS\System32\KERNELBASE.dll
0x00007ffc87850000 - 0x00007ffc8799c000 	C:\WINDOWS\System32\ucrtbase.dll
0x00007ffc827a0000 - 0x00007ffc827b6000 	C:\Program Files\Android\Android Studio\jbr\bin\jli.dll
0x00007ffc73340000 - 0x00007ffc7335b000 	C:\Program Files\Android\Android Studio\jbr\bin\VCRUNTIME140.dll
0x00007ffc8a320000 - 0x00007ffc8a4e6000 	C:\WINDOWS\System32\USER32.dll
0x00007ffc881b0000 - 0x00007ffc881d7000 	C:\WINDOWS\System32\win32u.dll
0x00007ffc88370000 - 0x00007ffc8839b000 	C:\WINDOWS\System32\GDI32.dll
0x00007ffc88080000 - 0x00007ffc881a9000 	C:\WINDOWS\System32\gdi32full.dll
0x00007ffc78770000 - 0x00007ffc78a01000 	C:\WINDOWS\WinSxS\amd64_microsoft.windows.common-controls_6595b64144ccf1df_6.0.26100.8972_none_3e0da176e32f9d4b\COMCTL32.dll
0x00007ffc879b0000 - 0x00007ffc87a53000 	C:\WINDOWS\System32\msvcp_win.dll
0x00007ffc8a510000 - 0x00007ffc8a5b9000 	C:\WINDOWS\System32\msvcrt.dll
0x00007ffc8a5c0000 - 0x00007ffc8a5f2000 	C:\WINDOWS\System32\IMM32.DLL
0x00007ffc84630000 - 0x00007ffc8463c000 	C:\Program Files\Android\Android Studio\jbr\bin\vcruntime140_1.dll
0x00007ffc344f0000 - 0x00007ffc3457d000 	C:\Program Files\Android\Android Studio\jbr\bin\msvcp140.dll
0x00007ffbce380000 - 0x00007ffbcf25a000 	C:\Program Files\Android\Android Studio\jbr\bin\server\jvm.dll
0x00007ffc88f90000 - 0x00007ffc8904c000 	C:\WINDOWS\System32\ADVAPI32.dll
0x00007ffc88570000 - 0x00007ffc8861a000 	C:\WINDOWS\System32\sechost.dll
0x00007ffc883a0000 - 0x00007ffc884b8000 	C:\WINDOWS\System32\RPCRT4.dll
0x00007ffc88b40000 - 0x00007ffc88bc2000 	C:\WINDOWS\System32\WS2_32.dll
0x00007ffc876b0000 - 0x00007ffc8770e000 	C:\WINDOWS\SYSTEM32\POWRPROF.dll
0x00007ffc78a10000 - 0x00007ffc78a46000 	C:\WINDOWS\SYSTEM32\WINMM.dll
0x00007ffc81700000 - 0x00007ffc8170b000 	C:\WINDOWS\SYSTEM32\VERSION.dll
0x00007ffc87690000 - 0x00007ffc876a5000 	C:\WINDOWS\SYSTEM32\UMPDC.dll
0x00007ffc86500000 - 0x00007ffc8651b000 	C:\WINDOWS\SYSTEM32\kernel.appcore.dll
0x00007ffc845f0000 - 0x00007ffc845fa000 	C:\Program Files\Android\Android Studio\jbr\bin\jimage.dll
0x00007ffc78ab0000 - 0x00007ffc78cf2000 	C:\WINDOWS\SYSTEM32\DBGHELP.DLL
0x00007ffc887b0000 - 0x00007ffc88b35000 	C:\WINDOWS\System32\combase.dll
0x00007ffc88cd0000 - 0x00007ffc88da9000 	C:\WINDOWS\System32\OLEAUT32.dll
0x00007ffc62ff0000 - 0x00007ffc6302b000 	C:\WINDOWS\SYSTEM32\dbgcore.DLL
0x00007ffc87a60000 - 0x00007ffc87b0c000 	C:\WINDOWS\System32\bcryptPrimitives.dll
0x00007ffc82790000 - 0x00007ffc8279e000 	C:\Program Files\Android\Android Studio\jbr\bin\instrument.dll
0x00007ffc68dc0000 - 0x00007ffc68ddf000 	C:\Program Files\Android\Android Studio\jbr\bin\java.dll
0x00007ffc89270000 - 0x00007ffc89409000 	C:\WINDOWS\System32\ole32.dll
0x00007ffc89520000 - 0x00007ffc89ca8000 	C:\WINDOWS\System32\SHELL32.dll
0x00007ffc68da0000 - 0x00007ffc68db7000 	C:\Program Files\Android\Android Studio\jbr\bin\zip.dll
0x00007ffc852e0000 - 0x00007ffc85b7b000 	C:\WINDOWS\SYSTEM32\windows.storage.dll
0x00007ffc890e0000 - 0x00007ffc891d9000 	C:\WINDOWS\System32\SHCORE.dll
0x00007ffc8a220000 - 0x00007ffc8a286000 	C:\WINDOWS\System32\shlwapi.dll
0x00007ffc87770000 - 0x00007ffc87799000 	C:\WINDOWS\SYSTEM32\profapi.dll
0x00007ffc7f5c0000 - 0x00007ffc7f5d0000 	C:\Program Files\Android\Android Studio\jbr\bin\net.dll
0x00007ffc86a90000 - 0x00007ffc86afc000 	C:\WINDOWS\system32\mswsock.dll
0x00007ffc645b0000 - 0x00007ffc645c6000 	C:\Program Files\Android\Android Studio\jbr\bin\nio.dll
0x00007ffc775b0000 - 0x00007ffc775c0000 	C:\Program Files\Android\Android Studio\jbr\bin\verify.dll
0x00007ffc63d10000 - 0x00007ffc63d37000 	C:\Users\DELL\.gradle\native\660c5614fbf4a5f2a75b1949f50a0caf5cd603558e7d8a26e50b933a0cfb79d1\windows-amd64\native-platform.dll
0x00007ffc345c0000 - 0x00007ffc34637000 	C:\Users\DELL\.gradle\native\0.2.8\x86_64-windows-gnu\gradle-fileevents.dll
0x00007ffc77c30000 - 0x00007ffc77c39000 	C:\Program Files\Android\Android Studio\jbr\bin\management.dll
0x00007ffc775d0000 - 0x00007ffc775db000 	C:\Program Files\Android\Android Studio\jbr\bin\management_ext.dll
0x00007ffc8a500000 - 0x00007ffc8a508000 	C:\WINDOWS\System32\PSAPI.DLL
0x00007ffc85eb0000 - 0x00007ffc85ee3000 	C:\WINDOWS\SYSTEM32\IPHLPAPI.DLL
0x00007ffc8a4f0000 - 0x00007ffc8a4fa000 	C:\WINDOWS\System32\NSI.dll
0x00007ffc7a1d0000 - 0x00007ffc7a1d9000 	C:\Program Files\Android\Android Studio\jbr\bin\extnet.dll
0x00007ffc86eb0000 - 0x00007ffc86ecb000 	C:\WINDOWS\SYSTEM32\CRYPTSP.dll
0x00007ffc86460000 - 0x00007ffc86499000 	C:\WINDOWS\system32\rsaenh.dll
0x00007ffc86b40000 - 0x00007ffc86b72000 	C:\WINDOWS\SYSTEM32\USERENV.dll
0x00007ffc87740000 - 0x00007ffc8776a000 	C:\WINDOWS\SYSTEM32\bcrypt.dll
0x00007ffc86cf0000 - 0x00007ffc86cfc000 	C:\WINDOWS\SYSTEM32\CRYPTBASE.dll
0x00007ffbd0e50000 - 0x00007ffbd0e58000 	C:\WINDOWS\system32\wshunix.dll
0x00007ffc86630000 - 0x00007ffc86666000 	C:\WINDOWS\SYSTEM32\ntmarta.dll
0x00007ffc81c10000 - 0x00007ffc81c17000 	C:\Program Files\Android\Android Studio\jbr\bin\rmi.dll
0x00007ffc2e100000 - 0x00007ffc2e28a000 	C:\Program Files\Android\Android Studio\jbr\bin\awt.dll
0x00007ffc84c10000 - 0x00007ffc84c3f000 	C:\WINDOWS\SYSTEM32\dwmapi.dll
0x00007ffc613e0000 - 0x00007ffc61423000 	C:\Program Files\Android\Android Studio\jbr\bin\nvdaControllerClient.dll
0x00007ffc765e0000 - 0x00007ffc76655000 	C:\WINDOWS\SYSTEM32\OLEACC.dll
0x00007ffc84730000 - 0x00007ffc847cf000 	C:\WINDOWS\SYSTEM32\apphelp.dll
0x00007ffc84960000 - 0x00007ffc84a08000 	C:\WINDOWS\system32\uxtheme.dll
0x00007ffc88640000 - 0x00007ffc8879d000 	C:\WINDOWS\System32\MSCTF.dll
0x00007ffc85ef0000 - 0x00007ffc86048000 	C:\WINDOWS\SYSTEM32\DNSAPI.dll
0x00007ffc86890000 - 0x00007ffc8689d000 	C:\WINDOWS\SYSTEM32\DSPARSE.dll
0x00007ffc7af00000 - 0x00007ffc7af0b000 	C:\Windows\System32\rasadhlp.dll
0x00007ffc7fbc0000 - 0x00007ffc7fc46000 	C:\WINDOWS\System32\fwpuclnt.dll

JVMTI agents:
C:\Users\DELL\.gradle\wrapper\dists\gradle-9.3.1-all\9ot9r568e8zfvvd4mn8rbu1j0\gradle-9.3.1\lib\agents\gradle-instrumentation-agent-9.3.1.jar path:C:\Program Files\Android\Android Studio\jbr\bin\instrument.dll, loaded, initialized, instrumentlib options:none

dbghelp: loaded successfully - version: 4.0.5 - missing functions: none
symbol engine: initialized successfully - sym options: 0x614 - pdb path: .;C:\Program Files\Android\Android Studio\jbr\bin;C:\WINDOWS\SYSTEM32;C:\WINDOWS\WinSxS\amd64_microsoft.windows.common-controls_6595b64144ccf1df_6.0.26100.8972_none_3e0da176e32f9d4b;C:\Program Files\Android\Android Studio\jbr\bin\server;C:\Users\DELL\.gradle\native\660c5614fbf4a5f2a75b1949f50a0caf5cd603558e7d8a26e50b933a0cfb79d1\windows-amd64;C:\Users\DELL\.gradle\native\0.2.8\x86_64-windows-gnu

VM Arguments:
jvm_args: --add-opens=java.base/java.lang=ALL-UNNAMED --add-opens=java.base/java.lang.invoke=ALL-UNNAMED --add-opens=java.base/java.util=ALL-UNNAMED --add-opens=java.prefs/java.util.prefs=ALL-UNNAMED --add-exports=jdk.compiler/com.sun.tools.javac.api=ALL-UNNAMED --add-exports=jdk.compiler/com.sun.tools.javac.util=ALL-UNNAMED --add-opens=java.base/java.util=ALL-UNNAMED --add-opens=java.prefs/java.util.prefs=ALL-UNNAMED --add-opens=java.base/java.nio.charset=ALL-UNNAMED --add-opens=java.base/java.net=ALL-UNNAMED --add-opens=java.base/java.util.concurrent=ALL-UNNAMED --add-opens=java.base/java.util.concurrent.atomic=ALL-UNNAMED --add-opens=java.xml/javax.xml.namespace=ALL-UNNAMED --add-opens=java.base/java.time=ALL-UNNAMED --enable-native-access=ALL-UNNAMED -XX:MaxMetaspaceSize=4G -XX:ReservedCodeCacheSize=512m -XX:+HeapDumpOnOutOfMemoryError -Xmx8G -Dfile.encoding=UTF-8 -Duser.country=US -Duser.language=en -Duser.variant -javaagent:C:\Users\DELL\.gradle\wrapper\dists\gradle-9.3.1-all\9ot9r568e8zfvvd4mn8rbu1j0\gradle-9.3.1\lib\agents\gradle-instrumentation-agent-9.3.1.jar 
java_command: org.gradle.launcher.daemon.bootstrap.GradleDaemon 9.3.1
java_class_path (initial): C:\Users\DELL\.gradle\wrapper\dists\gradle-9.3.1-all\9ot9r568e8zfvvd4mn8rbu1j0\gradle-9.3.1\lib\gradle-daemon-main-9.3.1.jar
Launcher Type: SUN_STANDARD

[Global flags]
     intx CICompilerCount                          = 3                                         {product} {ergonomic}
     uint ConcGCThreads                            = 1                                         {product} {ergonomic}
     uint G1ConcRefinementThreads                  = 4                                         {product} {ergonomic}
   size_t G1HeapRegionSize                         = 4194304                                   {product} {ergonomic}
     bool HeapDumpOnOutOfMemoryError               = true                                   {manageable} {command line}
   size_t InitialHeapSize                          = 134217728                                 {product} {ergonomic}
   size_t MarkStackSize                            = 4194304                                   {product} {ergonomic}
   size_t MarkStackSizeMax                         = 536870912                                 {product} {ergonomic}
   size_t MaxHeapSize                              = 8589934592                                {product} {command line}
   size_t MaxMetaspaceSize                         = 4294967296                                {product} {command line}
   size_t MaxNewSize                               = 5150605312                                {product} {ergonomic}
   size_t MinHeapDeltaBytes                        = 4194304                                   {product} {ergonomic}
   size_t MinHeapSize                              = 8388608                                   {product} {ergonomic}
    uintx NonNMethodCodeHeapSize                   = 5832704                                {pd product} {ergonomic}
    uintx NonProfiledCodeHeapSize                  = 265551872                              {pd product} {ergonomic}
    uintx ProfiledCodeHeapSize                     = 265486336                              {pd product} {ergonomic}
    uintx ReservedCodeCacheSize                    = 536870912                              {pd product} {command line, ergonomic}
     bool SegmentedCodeCache                       = true                                      {product} {ergonomic}
   size_t SoftMaxHeapSize                          = 8589934592                             {manageable} {ergonomic}
     bool UseCompressedOops                        = true                           {product lp64_product} {ergonomic}
     bool UseG1GC                                  = true                                      {product} {ergonomic}
     bool UseLargePagesIndividualAllocation        = false                                  {pd product} {ergonomic}

Logging:
Log output configuration:
 #0: stdout all=warning uptime,level,tags foldmultilines=false
 #1: stderr all=off uptime,level,tags foldmultilines=false

Release file:
JAVA_VERSION="25.0.2" 
MODULES="java.base java.compiler java.datatransfer java.xml java.prefs java.desktop java.instrument java.logging java.management java.security.sasl java.naming java.rmi java.management.rmi java.net.http java.scripting java.security.jgss java.transaction.xa java.sql java.sql.rowset java.xml.crypto java.se java.smartcardio jdk.accessibility jdk.internal.jvmstat jdk.attach jdk.charsets jdk.internal.opt jdk.zipfs jdk.compiler jdk.crypto.cryptoki jdk.crypto.ec jdk.dynalink jdk.hotspot.agent jdk.httpserver jdk.internal.ed jdk.internal.le jdk.internal.md jdk.internal.vm.ci jdk.jartool jdk.javadoc jdk.jcmd jdk.jdeps jdk.jdwp.agent jdk.jdi jdk.jfr jdk.jlink jdk.localedata jdk.management jdk.management.agent jdk.management.jfr jdk.naming.dns jdk.naming.rmi jdk.net jdk.sctp jdk.security.auth jdk.security.jgss jdk.unsupported jdk.unsupported.desktop jdk.xml.dom" 
IMPLEMENTOR="JetBrains s.r.o." 
JAVA_RUNTIME_VERSION="25.0.2+-15348964-b329.117" 
LIBC="default" 
OS_ARCH="x86_64" 
OS_NAME="Windows" 
SOURCE=".:git:3cf398e84a39" 

Environment Variables:
JAVA_HOME=C:\Program Files\Android\Android Studio\jbr
CLASSPATH=C:\Users\DELL\humsafar_khoj\android\\gradle\wrapper\gradle-wrapper.jar
PATH=C:\Program Files\Android\Android Studio\jbr\bin;C:\Python314\Scripts\;C:\Python314\;C:\Program Files\Python310\Scripts\;C:\Program Files\Python310\;C:\Program Files (x86)\Common Files\Oracle\Java\java8path;C:\Program Files (x86)\Common Files\Oracle\Java\javapath;C:\WINDOWS\system32;C:\WINDOWS;C:\WINDOWS\System32\Wbem;C:\WINDOWS\System32\WindowsPowerShell\v1.0\;C:\WINDOWS\System32\OpenSSH\;C:\Program Files (x86)\Common Files\Adobe\AGL;C:\Android;C:\Windows\System32;C:\Program Files\Git\cmd;C:\Program Files\nodejs\;C:\ProgramData\chocolatey\bin;C:\Program Files\Android\Android Studio\jbr\bin;C:\Users\DELL\AppData\Local\Microsoft\WindowsApps;C:\Users\DELL\AppData\Local\Python\bin;C:\flutter\bin;C:\Users\DELL\AppData\Roaming\npm;C:\flutter\bin\mingit\cmd
USERNAME=DELL
OS=Windows_NT
PROCESSOR_IDENTIFIER=Intel64 Family 6 Model 158 Stepping 11, GenuineIntel
TMP=C:\Users\DELL\AppData\Local\Temp
TEMP=C:\Users\DELL\AppData\Local\Temp




Compilation memory statistics disabled.

Periodic native trim disabled

JNI global refs:
JNI global refs: 55, weak refs: 0

JNI global refs memory usage: 835, weak refs: 833

Process memory usage:
Resident Set Size: 2375988K (28% of 8207608K total physical memory with 430556K free physical memory)

OOME stack traces (most recent first):
Classloader memory used:
Loader java.net.URLClassLoader                                                         : 108 M
Loader org.gradle.internal.classloader.VisitableURLClassLoader$InstrumentingVisitableURLClassLoader: 78465 K
Loader org.gradle.internal.classloader.VisitableURLClassLoader                         : 50792 K
Loader bootstrap                                                                       : 39660 K
Loader org.gradle.initialization.MixInLegacyTypesClassLoader                           : 14284 K
Loader jdk.internal.loader.ClassLoaders$AppClassLoader                                 : 10763 K
Loader org.gradle.groovy.scripts.internal.DefaultScriptCompilationHandler$ScriptClassLoader: 696 K
Loader jdk.internal.loader.ClassLoaders$PlatformClassLoader                            : 668 K
Loader jdk.internal.jrtfs.JrtFileSystemProvider$JrtFsLoader                            : 570 K
Loader com.intellij.util.lang.UrlClassLoader                                           : 551 K
Loader org.gradle.internal.classloader.VisitableURLClassLoader                         : 459 K
Loader sun.reflect.misc.MethodUtil                                                     : 2968 B

Classes loaded by more than one classloader:
Class Program                                                                         : loaded 17 times (x 74B)
Class Build_gradle                                                                    : loaded 10 times (x 128B)
Class Build_gradle$2                                                                  : loaded 6 times (x 76B)
Class org.gradle.kotlin.dsl.ImplementationConfigurationAccessorsKt                    : loaded 5 times (x 73B)
Class Build_gradle$1                                                                  : loaded 5 times (x 76B)
Class org.gradle.kotlin.dsl.Accessors2sci8yewa96g0fyfhouaecr70Kt                      : loaded 4 times (x 73B)
Class Build_gradle$3                                                                  : loaded 4 times (x 77B)
Class org.gradle.kotlin.dsl.TestImplementationConfigurationAccessorsKt                : loaded 4 times (x 73B)
Class org.jetbrains.kotlin.util.capitalizeDecapitalize.CapitalizeDecapitalizeKt       : loaded 4 times (x 73B)
Class com.google.common.base.PairwiseEquivalence                                      : loaded 3 times (x 85B)
Class com.google.common.base.Equivalence$Identity                                     : loaded 3 times (x 84B)
Class com.google.common.collect.RegularImmutableMap$KeySet                            : loaded 3 times (x 154B)
Class kotlin.reflect.KMutableProperty2                                                : loaded 3 times (x 72B)
Class com.google.common.io.ByteSource                                                 : loaded 3 times (x 86B)
Class kotlin.io.TextStreamsKt                                                         : loaded 3 times (x 73B)
Class kotlin.sequences.DropTakeSequence                                               : loaded 3 times (x 72B)
Class kotlin.reflect.KMutableProperty1                                                : loaded 3 times (x 72B)
Class kotlin.text.MatchGroupCollection                                                : loaded 3 times (x 72B)
Class kotlin.text.MatcherMatchResult                                                  : loaded 3 times (x 82B)
Class kotlin.sequences.FlatteningSequence                                             : loaded 3 times (x 77B)
Class com.google.common.collect.ImmutableList$SubList                                 : loaded 3 times (x 211B)
Class kotlin.text.StringsKt__StringsKt                                                : loaded 3 times (x 73B)
Class kotlin.NotImplementedError                                                      : loaded 3 times (x 84B)
Class jdk.internal.jrtfs.JrtDirectoryStream                                           : loaded 3 times (x 91B)
Class com.google.common.collect.ImmutableSet$SetBuilderImpl                           : loaded 3 times (x 78B)
Class kotlin.reflect.KClassifier                                                      : loaded 3 times (x 72B)
Class kotlin.reflect.KMutableProperty0                                                : loaded 3 times (x 72B)
Class kotlin.collections.CollectionsKt                                                : loaded 3 times (x 73B)
Class androidx.fragment.lint.UseRequireInsteadOfGetKt                                 : loaded 3 times (x 73B)
Class com.google.common.collect.ImmutableList                                         : loaded 3 times (x 208B)
Class org.objectweb.asm.ClassReader                                                   : loaded 3 times (x 96B)
Class com.google.common.collect.ImmutableSet$EmptySetBuilderImpl                      : loaded 3 times (x 78B)
Class androidx.activity.lint.ActivityResultFragmentVersionDetector$Companion          : loaded 3 times (x 73B)
Class kotlin.jvm.internal.markers.KMappedMarker                                       : loaded 3 times (x 72B)
Class [Lkotlin.reflect.KProperty;                                                     : loaded 3 times (x 71B)
Class androidx.fragment.lint.UnsafeFragmentLifecycleObserverDetector$Issues           : loaded 3 times (x 73B)
Class kotlin.sequences.ConstrainedOnceSequence                                        : loaded 3 times (x 77B)
Class com.google.common.io.ByteStreams$1                                              : loaded 3 times (x 87B)
Class com.google.common.base.CharMatcher$InRange                                      : loaded 3 times (x 113B)
Class [Lkotlin.jvm.functions.Function1;                                               : loaded 3 times (x 71B)
Class org.jetbrains.kotlin.cli.common.messages.MessageRenderer                        : loaded 3 times (x 72B)
Class com.google.common.collect.ImmutableSet$Builder                                  : loaded 3 times (x 87B)
Class androidx.fragment.lint.FragmentTagDetector$Companion                            : loaded 3 times (x 73B)
Class [Lcom.google.common.collect.MapMakerInternalMap$Segment;                        : loaded 3 times (x 71B)
Class com.google.common.collect.Maps$BiMapConverter                                   : loaded 3 times (x 92B)
Class kotlin.NoWhenBranchMatchedException                                             : loaded 3 times (x 84B)
Class kotlin.reflect.jvm.internal.impl.builtins.CompanionObjectMapping                : loaded 3 times (x 73B)
Class kotlin.jvm.internal.MutablePropertyReference0                                   : loaded 3 times (x 139B)
Class kotlin.Lazy                                                                     : loaded 3 times (x 72B)
Class kotlin.reflect.jvm.internal.impl.resolve.jvm.JvmClassName                       : loaded 3 times (x 77B)
Class kotlin.jvm.internal.CollectionToArray                                           : loaded 3 times (x 73B)
Class kotlin.io.FilesKt__FileTreeWalkKt                                               : loaded 3 times (x 73B)
Class kotlin.sequences.FilteringSequence$iterator$1                                   : loaded 3 times (x 81B)
Class kotlin.collections.CollectionsKt__ReversedViewsKt                               : loaded 3 times (x 73B)
Class kotlin.sequences.SequencesKt__SequenceBuilderKt                                 : loaded 3 times (x 73B)
Class [Lcom.google.common.base.AbstractIterator$State;                                : loaded 3 times (x 71B)
Class com.google.common.base.CharMatcher$IsEither                                     : loaded 3 times (x 113B)
Class jdk.internal.jimage.BasicImageReader                                            : loaded 3 times (x 97B)
Class kotlin.jvm.functions.Function19                                                 : loaded 3 times (x 72B)
Class com.google.common.collect.ImmutableMapEntrySet$RegularEntrySet                  : loaded 3 times (x 154B)
Class kotlin.reflect.KMutableProperty$Setter                                          : loaded 3 times (x 72B)
Class kotlin.text.StringsKt__StringBuilderKt                                          : loaded 3 times (x 73B)
Class kotlin.jvm.internal.CallableReference$NoReceiver                                : loaded 3 times (x 73B)
Class kotlin.jvm.functions.Function18                                                 : loaded 3 times (x 72B)
Class com.google.common.base.CharMatcher$NamedFastMatcher                             : loaded 3 times (x 114B)
Class com.google.common.base.CharMatcher$1                                            : loaded 3 times (x 115B)
Class kotlin.collections.ArraysKt__ArraysJVMKt                                        : loaded 3 times (x 73B)
Class kotlin.jvm.functions.Function17                                                 : loaded 3 times (x 72B)
Class org.objectweb.asm.MethodVisitor                                                 : loaded 3 times (x 107B)
Class com.google.common.collect.MapMakerInternalMap$InternalEntryHelper               : loaded 3 times (x 72B)
Class kotlin.InitializedLazyImpl                                                      : loaded 3 times (x 78B)
Class com.google.common.collect.RangeGwtSerializationDependencies                     : loaded 3 times (x 73B)
Class com.google.common.base.Joiner$2                                                 : loaded 3 times (x 81B)
Class com.google.common.base.CharMatcher                                              : loaded 3 times (x 113B)
Class kotlin.collections.SetsKt__SetsKt                                               : loaded 3 times (x 73B)
Class kotlin.LazyKt                                                                   : loaded 3 times (x 73B)
Class kotlin.jvm.functions.Function16                                                 : loaded 3 times (x 72B)
Class org.objectweb.asm.Label                                                         : loaded 3 times (x 75B)
Class com.google.common.base.Joiner$1                                                 : loaded 3 times (x 82B)
Class org.jetbrains.kotlin.cli.common.arguments.CommonToolArguments                   : loaded 3 times (x 75B)
Class com.google.common.base.Preconditions                                            : loaded 3 times (x 73B)
Class kotlin.collections.ArraysKt                                                     : loaded 3 times (x 73B)
Class kotlin.text.CharsKt__CharKt                                                     : loaded 3 times (x 73B)
Class com.google.common.collect.Hashing                                               : loaded 3 times (x 73B)
Class kotlin.jvm.functions.Function15                                                 : loaded 3 times (x 72B)
Class com.google.common.base.Equivalence$Equals                                       : loaded 3 times (x 84B)
Class com.google.common.collect.ImmutableList$1                                       : loaded 3 times (x 99B)
Class com.google.common.hash.PrimitiveSink                                            : loaded 3 times (x 72B)
Class com.google.common.base.PatternCompiler                                          : loaded 3 times (x 72B)
Class kotlin.jvm.internal.PropertyReference1Impl                                      : loaded 3 times (x 129B)
Class kotlin.jvm.internal.MutablePropertyReference1                                   : loaded 3 times (x 139B)
Class kotlin.SafePublicationLazyImpl$Companion                                        : loaded 3 times (x 73B)
Class com.google.common.base.CharMatcher$Is                                           : loaded 3 times (x 113B)
Class com.google.common.base.CharMatcher$Negated                                      : loaded 3 times (x 115B)
Class com.google.common.collect.ImmutableEnumSet                                      : loaded 3 times (x 148B)
Class kotlin.ranges.RangesKt___RangesKt                                               : loaded 3 times (x 73B)
Class kotlin.jvm.functions.Function14                                                 : loaded 3 times (x 72B)
Class com.google.common.collect.RegularImmutableBiMap                                 : loaded 3 times (x 150B)
Class kotlin.KotlinNullPointerException                                               : loaded 3 times (x 84B)
Class kotlin.text.Charsets                                                            : loaded 3 times (x 73B)
Class kotlin.ranges.OpenEndRange                                                      : loaded 3 times (x 72B)
Class org.jetbrains.kotlin.cli.common.CompilerSystemProperties$Companion              : loaded 3 times (x 73B)
Class kotlin.jvm.functions.Function13                                                 : loaded 3 times (x 72B)
Class com.google.common.collect.MapMakerInternalMap$1                                 : loaded 3 times (x 85B)
Class jdk.internal.jrtfs.JrtFileSystem                                                : loaded 3 times (x 104B)
Class kotlin.collections.CollectionsKt__IterablesKt                                   : loaded 3 times (x 73B)
Class kotlin.collections.MapsKt                                                       : loaded 3 times (x 73B)
Class kotlin.jvm.functions.Function12                                                 : loaded 3 times (x 72B)
Class com.google.common.collect.RegularImmutableMap$BucketOverflowException           : loaded 3 times (x 84B)
Class org.objectweb.asm.MethodWriter                                                  : loaded 3 times (x 107B)
Class com.google.common.io.ByteStreams$LimitedInputStream                             : loaded 3 times (x 94B)
Class kotlin.jvm.internal.Intrinsics                                                  : loaded 3 times (x 73B)
Class kotlin.reflect.KAnnotatedElement                                                : loaded 3 times (x 72B)
Class kotlin.text.MatcherMatchResult$groups$1                                         : loaded 3 times (x 153B)
Class kotlin.collections.EmptyMap                                                     : loaded 3 times (x 110B)
Class com.google.common.io.ByteArrayDataOutput                                        : loaded 3 times (x 72B)
Class kotlin.ranges.IntRange$Companion                                                : loaded 3 times (x 73B)
Class kotlin.jvm.functions.Function11                                                 : loaded 3 times (x 72B)
Class kotlin.jvm.internal.markers.KMutableCollection                                  : loaded 3 times (x 72B)
Class [Lkotlin.LazyThreadSafetyMode;                                                  : loaded 3 times (x 71B)
Class com.google.common.collect.ImmutableSet$RegularSetBuilderImpl                    : loaded 3 times (x 78B)
Class kotlin.reflect.jvm.internal.EmptyContainerForLocal                              : loaded 3 times (x 86B)
Class [Lkotlin.reflect.KClassifier;                                                   : loaded 3 times (x 71B)
Class kotlin.collections.builders.MapBuilder                                          : loaded 3 times (x 114B)
Class com.google.common.collect.RegularImmutableMap                                   : loaded 3 times (x 122B)
Class com.google.common.collect.ImmutableMap$MapViewOfValuesAsSingletonSets           : loaded 3 times (x 128B)
Class kotlin.reflect.jvm.internal.ReflectProperties$Val                               : loaded 3 times (x 76B)
Class kotlin.jvm.internal.MutablePropertyReference2                                   : loaded 3 times (x 139B)
Class kotlin.ranges.IntProgression$Companion                                          : loaded 3 times (x 73B)
Class kotlin.jvm.functions.Function9                                                  : loaded 3 times (x 72B)
Class kotlin.jvm.functions.Function10                                                 : loaded 3 times (x 72B)
Class kotlin.annotation.MustBeDocumented                                              : loaded 3 times (x 72B)
Class com.google.common.collect.ImmutableMapKeySet                                    : loaded 3 times (x 154B)
Class kotlin.enums.EnumEntriesKt                                                      : loaded 3 times (x 73B)
Class kotlin.text.StringsKt___StringsKt                                               : loaded 3 times (x 73B)
Class kotlin.collections.CollectionsKt__MutableCollectionsJVMKt                       : loaded 3 times (x 73B)
Class kotlin.reflect.jvm.internal.impl.name.FqNameUnsafe                              : loaded 3 times (x 74B)
Class kotlin.jvm.functions.Function8                                                  : loaded 3 times (x 72B)
Class kotlin.collections.builders.MapBuilder$Companion                                : loaded 3 times (x 73B)
Class org.jetbrains.kotlin.cli.common.arguments.CommonCompilerArguments               : loaded 3 times (x 76B)
Class kotlin.collections.MapsKt__MapWithDefaultKt                                     : loaded 3 times (x 73B)
Class kotlin.reflect.jvm.internal.KPropertyImpl$Companion                             : loaded 3 times (x 73B)
Class kotlin.reflect.jvm.internal.impl.name.Name                                      : loaded 3 times (x 77B)
Class kotlin.jvm.functions.Function7                                                  : loaded 3 times (x 72B)
Class com.google.common.io.Files                                                      : loaded 3 times (x 73B)
Class androidx.fragment.lint.AttachAndDetachInSameTransactionDetector                 : loaded 3 times (x 172B)
Class com.google.common.collect.SortedMapDifference                                   : loaded 3 times (x 72B)
Class kotlin.collections.ArraysKt___ArraysKt                                          : loaded 3 times (x 73B)
Class kotlin.collections.MapsKt___MapsKt                                              : loaded 3 times (x 73B)
Class kotlin.io.FilesKt                                                               : loaded 3 times (x 73B)
Class kotlin.reflect.jvm.internal.KTypeParameterOwnerImpl                             : loaded 3 times (x 72B)
Class kotlin.jvm.functions.Function6                                                  : loaded 3 times (x 72B)
Class [Lcom.google.common.collect.MapMakerInternalMap$Strength;                       : loaded 3 times (x 71B)
Class jdk.internal.jimage.ImageStrings                                                : loaded 3 times (x 72B)
Class com.google.common.collect.UnmodifiableListIterator                              : loaded 3 times (x 97B)
Class org.objectweb.asm.ClassVisitor                                                  : loaded 3 times (x 90B)
Class kotlin.text.StringsKt___StringsJvmKt                                            : loaded 3 times (x 73B)
Class kotlin.reflect.KDeclarationContainer                                            : loaded 3 times (x 72B)
Class com.google.common.collect.CollectPreconditions                                  : loaded 3 times (x 73B)
Class kotlin.sequences.TransformingSequence                                           : loaded 3 times (x 77B)
Class kotlin.jvm.functions.Function5                                                  : loaded 3 times (x 72B)
Class kotlin.annotation.Retention                                                     : loaded 3 times (x 72B)
Class org.jetbrains.kotlin.cli.common.arguments.K2JVMCompilerArguments                : loaded 3 times (x 77B)
Class kotlin.collections.CollectionsKt___CollectionsKt                                : loaded 3 times (x 73B)
Class kotlin.collections.EmptySet                                                     : loaded 3 times (x 124B)
Class kotlin.reflect.jvm.internal.KClassImpl$Data                                     : loaded 3 times (x 74B)
Class kotlin.jvm.functions.Function4                                                  : loaded 3 times (x 72B)
Class kotlin.reflect.jvm.internal.impl.builtins.PrimitiveType$Companion               : loaded 3 times (x 73B)
Class kotlin.annotation.Target                                                        : loaded 3 times (x 72B)
Class com.google.common.collect.ImmutableEntry                                        : loaded 3 times (x 84B)
Class [Lcom.google.common.collect.AbstractMapEntry;                                   : loaded 3 times (x 71B)
Class androidx.activity.lint.ActivityResultFragmentVersionDetector$createUastHandler$1: loaded 3 times (x 129B)
Class androidx.annotation.experimental.lint.ExperimentalIssueRegistry                 : loaded 3 times (x 84B)
Class com.google.common.base.CharMatcher$NegatedFastMatcher                           : loaded 3 times (x 115B)
Class kotlin.collections.MapsKt___MapsJvmKt                                           : loaded 3 times (x 73B)
Class kotlin.jvm.functions.Function3                                                  : loaded 3 times (x 72B)
Class kotlin.reflect.jvm.internal.KDeclarationContainerImpl$Data                      : loaded 3 times (x 74B)
Class com.google.common.collect.MapMakerInternalMap$WeakValueReference                : loaded 3 times (x 72B)
Class org.jetbrains.kotlin.incremental.IncrementalCompilationFeatures                 : loaded 3 times (x 73B)
Class kotlin.jvm.functions.Function2                                                  : loaded 3 times (x 72B)
Class com.google.common.collect.ImmutableMap                                          : loaded 3 times (x 122B)
Class com.google.common.base.Predicate                                                : loaded 3 times (x 72B)
Class kotlin.jvm.internal.markers.KMutableIterator                                    : loaded 3 times (x 72B)
Class com.google.common.collect.Sets                                                  : loaded 3 times (x 73B)
Class com.google.common.base.CharMatcher$FastMatcher                                  : loaded 3 times (x 113B)
Class kotlin.jvm.functions.Function1                                                  : loaded 3 times (x 72B)
Class kotlin.reflect.jvm.internal.impl.load.java.JvmAnnotationNames                   : loaded 3 times (x 73B)
Class kotlin.collections.AbstractMutableList                                          : loaded 3 times (x 208B)
Class com.google.common.collect.MapMakerInternalMap                                   : loaded 3 times (x 162B)
Class kotlin.properties.ReadWriteProperty                                             : loaded 3 times (x 72B)
Class com.google.common.base.Strings                                                  : loaded 3 times (x 73B)
Class Settings_gradle                                                                 : loaded 3 times (x 126B)
Class com.google.common.base.Platform$JdkPatternCompiler                              : loaded 3 times (x 77B)
Class kotlin.sequences.FlatteningSequence$iterator$1                                  : loaded 3 times (x 81B)
Class kotlin.jvm.functions.Function0                                                  : loaded 3 times (x 72B)
Class kotlin.collections.ArraysUtilJVM                                                : loaded 3 times (x 73B)
Class kotlin.reflect.jvm.internal.KClassImpl                                          : loaded 3 times (x 117B)
Class org.objectweb.asm.Context                                                       : loaded 3 times (x 74B)
Class kotlin.ranges.RangesKt                                                          : loaded 3 times (x 73B)
Class org.objectweb.asm.Attribute                                                     : loaded 3 times (x 79B)
Class com.google.common.base.CharMatcher$Or                                           : loaded 3 times (x 114B)
Class com.google.common.collect.MapMakerInternalMap$Strength                          : loaded 3 times (x 82B)
Class kotlin.io.LinesSequence                                                         : loaded 3 times (x 77B)
Class kotlin.sequences.SequencesKt___SequencesJvmKt                                   : loaded 3 times (x 73B)
Class kotlin.reflect.jvm.internal.impl.name.FqName                                    : loaded 3 times (x 74B)
Class [Lkotlin.reflect.KClass;                                                        : loaded 3 times (x 71B)
Class com.google.common.io.Closer$Suppressor                                          : loaded 3 times (x 72B)
Class kotlin.Unit                                                                     : loaded 3 times (x 73B)
Class kotlin.TuplesKt                                                                 : loaded 3 times (x 73B)
Class com.google.common.io.LineProcessor                                              : loaded 3 times (x 72B)
Class kotlin.jvm.internal.markers.KMutableIterable                                    : loaded 3 times (x 72B)
Class androidx.fragment.lint.UseRequireInsteadOfGet$Companion                         : loaded 3 times (x 73B)
Class kotlin.jvm.internal.FunctionReferenceImpl                                       : loaded 3 times (x 124B)
Class kotlin.collections.CollectionsKt___CollectionsJvmKt                             : loaded 3 times (x 73B)
Class kotlin.reflect.jvm.internal.ReflectProperties$Val$1                             : loaded 3 times (x 73B)
Class com.google.common.collect.ImmutableSet                                          : loaded 3 times (x 147B)
Class com.google.common.base.CharMatcher$BitSetMatcher                                : loaded 3 times (x 114B)
Class com.google.common.io.Closer                                                     : loaded 3 times (x 80B)
Class org.jetbrains.kotlin.config.ApiVersion$Companion                                : loaded 3 times (x 73B)
Class kotlin.reflect.KType                                                            : loaded 3 times (x 72B)
Class com.google.common.collect.RegularImmutableMap$Values                            : loaded 3 times (x 209B)
Class com.google.common.base.AbstractIterator                                         : loaded 3 times (x 82B)
Class kotlin.text.CharsKt__CharJVMKt                                                  : loaded 3 times (x 73B)
Class kotlin.sequences.FilteringSequence                                              : loaded 3 times (x 77B)
Class kotlin.text.MatchGroup                                                          : loaded 3 times (x 74B)
Class kotlin.sequences.SequencesKt__SequencesKt                                       : loaded 3 times (x 73B)
Class kotlin.collections.SetsKt___SetsKt                                              : loaded 3 times (x 73B)
Class com.google.common.math.IntMath$1                                                : loaded 3 times (x 73B)
Class kotlin.ranges.RangesKt__RangesKt                                                : loaded 3 times (x 73B)
Class kotlin.jvm.internal.ClassBasedDeclarationContainer                              : loaded 3 times (x 72B)
Class [Lkotlin.reflect.jvm.internal.impl.resolve.jvm.JvmPrimitiveType;                : loaded 3 times (x 71B)
Class com.google.common.io.Files$FileByteSink                                         : loaded 3 times (x 79B)
Class kotlin.sequences.SequencesKt__SequencesKt$sequenceOf$1$1                        : loaded 3 times (x 81B)
Class kotlin.UNINITIALIZED_VALUE                                                      : loaded 3 times (x 73B)
Class kotlin.jvm.internal.ReflectionFactory                                           : loaded 3 times (x 93B)
Class com.google.common.graph.SuccessorsFunction                                      : loaded 3 times (x 72B)
Class kotlin.KotlinVersion$Companion                                                  : loaded 3 times (x 73B)
Class org.objectweb.asm.Type                                                          : loaded 3 times (x 74B)
Class kotlin.ranges.IntProgressionIterator                                            : loaded 3 times (x 84B)
Class com.google.common.collect.Sets$SetView                                          : loaded 3 times (x 140B)
Class kotlin.text.StringsKt__StringBuilderJVMKt                                       : loaded 3 times (x 73B)
Class kotlin.sequences.SequencesKt___SequencesKt                                      : loaded 3 times (x 73B)
Class kotlin.text.Regex                                                               : loaded 3 times (x 74B)
Class com.google.common.base.CharMatcher$None                                         : loaded 3 times (x 114B)
Class kotlin.collections.AbstractList$Companion                                       : loaded 3 times (x 73B)
Class kotlin.LazyKt__LazyKt                                                           : loaded 3 times (x 73B)
Class kotlin.Triple                                                                   : loaded 3 times (x 74B)
Class androidx.fragment.lint.OnCreateDialogIncorrectCallbackDetector$Issues           : loaded 3 times (x 73B)
Class kotlin.reflect.jvm.internal.RuntimeTypeMapper                                   : loaded 3 times (x 73B)
Class jdk.internal.jimage.ImageReader$Directory                                       : loaded 3 times (x 86B)
Class kotlin.collections.AbstractCollection                                           : loaded 3 times (x 119B)
Class kotlin.collections.AbstractList                                                 : loaded 3 times (x 199B)
Class com.google.common.collect.Maps$8                                                : loaded 3 times (x 84B)
Class kotlin.sequences.SequencesKt__SequencesJVMKt                                    : loaded 3 times (x 73B)
Class androidx.annotation.experimental.lint.AnnotationRetentionDetector               : loaded 3 times (x 174B)
Class com.google.common.collect.RegularImmutableSet                                   : loaded 3 times (x 150B)
Class kotlin.text.StringsKt__RegexExtensionsKt                                        : loaded 3 times (x 73B)
Class kotlin.SynchronizedLazyImpl                                                     : loaded 3 times (x 78B)
Class kotlin.collections.EmptyIterator                                                : loaded 3 times (x 91B)
Class kotlin.jvm.internal.SpreadBuilder                                               : loaded 3 times (x 78B)
Class com.google.common.base.Platform                                                 : loaded 3 times (x 73B)
Class org.jetbrains.kotlin.build.report.metrics.BuildPerformanceMetric                : loaded 3 times (x 74B)
Class kotlin.jvm.internal.ArrayIterator                                               : loaded 3 times (x 81B)
Class kotlin.LazyThreadSafetyMode                                                     : loaded 3 times (x 81B)
Class kotlin.reflect.full.IllegalPropertyDelegateAccessException                      : loaded 3 times (x 84B)
Class [Lkotlin.reflect.jvm.internal.impl.builtins.jvm.JavaToKotlinClassMap$PlatformMutabilityMapping;: loaded 3 times (x 71B)
Class androidx.fragment.lint.AttachAndDetachInSameTransactionDetector$Issues          : loaded 3 times (x 73B)
Class jdk.internal.jimage.ImageReader$SharedImageReader$LocationVisitor               : loaded 3 times (x 72B)
Class kotlin.LazyKt__LazyJVMKt$WhenMappings                                           : loaded 3 times (x 73B)
Class kotlin.UnsafeLazyImpl                                                           : loaded 3 times (x 78B)
Class kotlin.jvm.internal.PropertyReference2                                          : loaded 3 times (x 129B)
Class kotlin.jvm.internal.MutablePropertyReference                                    : loaded 3 times (x 121B)
Class [Lcom.google.common.collect.ImmutableEntry;                                     : loaded 3 times (x 71B)
Class [Lcom.google.common.collect.ImmutableMapEntry;                                  : loaded 3 times (x 71B)
Class kotlin.reflect.jvm.internal.KProperty1Impl                                      : loaded 3 times (x 130B)
Class com.google.common.collect.MapMaker                                              : loaded 3 times (x 74B)
Class androidx.fragment.lint.OnCreateDialogIncorrectCallbackDetector                  : loaded 3 times (x 172B)
Class com.google.common.collect.Maps                                                  : loaded 3 times (x 73B)
Class kotlin.jvm.internal.PropertyReference1                                          : loaded 3 times (x 129B)
Class kotlin.reflect.full.IllegalCallableAccessException                              : loaded 3 times (x 84B)
Class kotlin.jvm.internal.DefaultConstructorMarker                                    : loaded 3 times (x 73B)
Class androidx.fragment.lint.UnsafeRepeatOnLifecycleDetector                          : loaded 3 times (x 173B)
Class androidx.annotation.experimental.lint.AnnotationRetentionDetector$Companion     : loaded 3 times (x 73B)
Class kotlin.sequences.EmptySequence                                                  : loaded 3 times (x 80B)
Class kotlin.jvm.internal.PropertyReference0                                          : loaded 3 times (x 129B)
Class androidx.annotation.experimental.lint.ExperimentalDetector                      : loaded 3 times (x 173B)
Class com.google.common.base.Splitter$Strategy                                        : loaded 3 times (x 72B)
Class jdk.internal.jrtfs.JrtPath                                                      : loaded 3 times (x 124B)
Class jdk.internal.jimage.ImageBufferCache                                            : loaded 3 times (x 73B)
Class kotlin.reflect.jvm.internal.KDeclarationContainerImpl$Companion                 : loaded 3 times (x 73B)
Class [Lorg.jetbrains.kotlin.cli.common.CompilerSystemProperties;                     : loaded 3 times (x 71B)
Class com.google.common.collect.RegularImmutableList                                  : loaded 3 times (x 215B)
Class com.google.common.collect.IndexedImmutableSet$1                                 : loaded 3 times (x 215B)
Class kotlin.enums.EnumEntries                                                        : loaded 3 times (x 72B)
Class com.google.common.base.Function                                                 : loaded 3 times (x 72B)
Class com.google.common.collect.ListMultimap                                          : loaded 3 times (x 72B)
Class com.google.common.collect.ImmutableMapEntry$NonTerminalImmutableMapEntry        : loaded 3 times (x 87B)
Class com.google.common.base.Equivalence                                              : loaded 3 times (x 84B)
Class androidx.activity.lint.ActivityIssueRegistry                                    : loaded 3 times (x 84B)
Class kotlin.ranges.IntRange                                                          : loaded 3 times (x 95B)
Class kotlin.reflect.jvm.internal.impl.descriptors.runtime.structure.ReflectClassUtilKt: loaded 3 times (x 73B)
Class kotlin.properties.ReadOnlyProperty                                              : loaded 3 times (x 72B)
Class com.google.common.collect.ImmutableMapEntry                                     : loaded 3 times (x 87B)
Class com.google.common.collect.MapMakerInternalMap$InternalEntry                     : loaded 3 times (x 72B)
Class kotlin.text.StringsKt__AppendableKt                                             : loaded 3 times (x 73B)
Class com.google.common.collect.ImmutableEnumMap                                      : loaded 3 times (x 128B)
Class kotlin.jvm.internal.markers.KMutableMap                                         : loaded 3 times (x 72B)
Class kotlin.jvm.internal.CallableReference                                           : loaded 3 times (x 108B)
Class com.google.common.math.IntMath                                                  : loaded 3 times (x 73B)
Class kotlin.collections.AbstractList$IteratorImpl                                    : loaded 3 times (x 84B)
Class [Lorg.jetbrains.kotlin.build.report.metrics.ValueType;                          : loaded 3 times (x 71B)
Class com.google.common.base.CommonPattern                                            : loaded 3 times (x 76B)
Class com.google.common.base.CharMatcher$IsNot                                        : loaded 3 times (x 113B)
Class kotlin.reflect.jvm.internal.impl.builtins.PrimitiveType                         : loaded 3 times (x 81B)
Class kotlin.ranges.IntProgression                                                    : loaded 3 times (x 83B)
Class jdk.internal.jrtfs.JrtFileAttributes                                            : loaded 3 times (x 85B)
Class [Lkotlin.sequences.Sequence;                                                    : loaded 3 times (x 71B)
Class org.jetbrains.kotlin.cli.common.CompilerSystemProperties$value$2                : loaded 3 times (x 127B)
Class kotlin.jvm.internal.MutablePropertyReference1Impl                               : loaded 3 times (x 139B)
Class jdk.internal.jimage.ImageReader$Resource                                        : loaded 3 times (x 86B)
Class jdk.internal.jimage.decompressor.Decompressor                                   : loaded 3 times (x 74B)
Class com.google.common.collect.Maps$EntryTransformer                                 : loaded 3 times (x 72B)
Class kotlin.text.StringsKt__StringNumberConversionsKt                                : loaded 3 times (x 73B)
Class kotlin.text.MatchNamedGroupCollection                                           : loaded 3 times (x 72B)
Class kotlin.io.FilesKt__FileReadWriteKt                                              : loaded 3 times (x 73B)
Class [Lkotlin.Pair;                                                                  : loaded 3 times (x 71B)
Class kotlin.jvm.internal.markers.KMutableList                                        : loaded 3 times (x 72B)
Class androidx.fragment.lint.UseRequireInsteadOfGet                                   : loaded 3 times (x 172B)
Class kotlin.reflect.jvm.internal.KCallableImpl                                       : loaded 3 times (x 107B)
Class kotlin.reflect.KProperty$Accessor                                               : loaded 3 times (x 72B)
Class [Lkotlin.reflect.KCallable;                                                     : loaded 3 times (x 71B)
Class kotlin.LazyKt__LazyJVMKt                                                        : loaded 3 times (x 73B)
Class kotlin.jvm.internal.ArrayIteratorKt                                             : loaded 3 times (x 73B)
Class com.google.common.base.Splitter                                                 : loaded 3 times (x 74B)
Class com.google.common.collect.Sets$1                                                : loaded 3 times (x 141B)
Class org.jetbrains.kotlin.incremental.ClasspathChanges                               : loaded 3 times (x 73B)
Class org.gradle.kotlin.dsl.Accessors7t09xqv4rp34sow31xff10e9cKt                      : loaded 3 times (x 73B)
Class kotlin.text.StringsKt                                                           : loaded 3 times (x 73B)
Class com.google.common.collect.ImmutableAsList                                       : loaded 3 times (x 211B)
Class com.google.common.base.FunctionalEquivalence                                    : loaded 3 times (x 85B)
Class kotlin.jvm.internal.markers.KMutableSet                                         : loaded 3 times (x 72B)
Class jdk.internal.jimage.BasicImageReader$1                                          : loaded 3 times (x 79B)
Class com.google.common.collect.Lists                                                 : loaded 3 times (x 73B)
Class com.google.common.base.Converter                                                : loaded 3 times (x 92B)
Class kotlin.sequences.SequencesKt                                                    : loaded 3 times (x 73B)
Class kotlin.collections.CollectionsKt__IteratorsKt                                   : loaded 3 times (x 73B)
Class com.google.common.collect.ImmutableSet$CachingAsList                            : loaded 3 times (x 150B)
Class kotlin.reflect.jvm.internal.impl.name.SpecialNames                              : loaded 3 times (x 73B)
Class kotlin.KotlinVersionCurrentValue                                                : loaded 3 times (x 73B)
Class kotlin.collections.builders.MapBuilder$Itr                                      : loaded 3 times (x 74B)
Class kotlin.collections.IndexedValue                                                 : loaded 3 times (x 74B)
Class androidx.fragment.lint.UseGetLayoutInflater                                     : loaded 3 times (x 172B)
Class jdk.internal.jimage.ImageReader$Node                                            : loaded 3 times (x 86B)
Class com.google.common.collect.ImmutableCollection                                   : loaded 3 times (x 127B)
Class com.google.common.base.CharMatcher$AnyOf                                        : loaded 3 times (x 114B)
Class kotlin.collections.CollectionsKt__CollectionsJVMKt                              : loaded 3 times (x 73B)
Class kotlin.io.FilesKt__UtilsKt                                                      : loaded 3 times (x 73B)
Class com.google.common.base.CharMatcher$ForPredicate                                 : loaded 3 times (x 114B)
Class kotlin.collections.builders.MapBuilder$EntryRef                                 : loaded 3 times (x 83B)
Class kotlin.text.RegexKt                                                             : loaded 3 times (x 73B)
Class kotlin.reflect.jvm.internal.KDeclarationContainerImpl                           : loaded 3 times (x 86B)
Class com.google.common.base.Splitter$SplittingIterator                               : loaded 3 times (x 85B)
Class com.google.common.collect.ImmutableSet$JdkBackedSetBuilderImpl                  : loaded 3 times (x 78B)
Class com.google.common.collect.MapMakerInternalMap$Strength$1                        : loaded 3 times (x 82B)
Class kotlin.sequences.SequencesKt__SequencesKt$sequenceOf$$inlined$Sequence$1        : loaded 3 times (x 77B)
Class jdk.internal.jimage.ImageReader$SharedImageReader                               : loaded 3 times (x 97B)
Class kotlin.reflect.jvm.internal.impl.builtins.jvm.JavaToKotlinClassMap$PlatformMutabilityMapping: loaded 3 times (x 74B)
Class kotlin.SafePublicationLazyImpl                                                  : loaded 3 times (x 78B)
Class kotlin.reflect.jvm.internal.ReflectProperties                                   : loaded 3 times (x 73B)
Class com.google.common.collect.ImmutableBiMap                                        : loaded 3 times (x 145B)
Class jdk.internal.jimage.ImageReader                                                 : loaded 3 times (x 77B)
Class kotlin.text.MatchResult                                                         : loaded 3 times (x 72B)
Class kotlin.sequences.Sequence                                                       : loaded 3 times (x 72B)
Class kotlin.text.StringsKt__StringNumberConversionsJVMKt                             : loaded 3 times (x 73B)
Class com.google.common.collect.Sets$2                                                : loaded 3 times (x 141B)
Class kotlin.reflect.KProperty$Getter                                                 : loaded 3 times (x 72B)
Class kotlin.UninitializedPropertyAccessException                                     : loaded 3 times (x 84B)
Class com.google.common.collect.ImmutableMap$IteratorBasedImmutableMap                : loaded 3 times (x 128B)
Class com.google.common.collect.SingletonImmutableSet                                 : loaded 3 times (x 148B)
Class kotlin.Metadata                                                                 : loaded 3 times (x 72B)
Class kotlin.collections.AbstractMutableSet                                           : loaded 3 times (x 144B)
Class kotlin.properties.Delegates                                                     : loaded 3 times (x 73B)
Class jdk.internal.jimage.ImageStringsReader                                          : loaded 3 times (x 82B)
Class kotlin.jvm.internal.markers.KMutableMap$Entry                                   : loaded 3 times (x 72B)
Class org.jetbrains.kotlin.cli.common.arguments.Freezable                             : loaded 3 times (x 74B)
Class org.jetbrains.kotlin.daemon.common.MultiModuleICSettings                        : loaded 3 times (x 74B)
Class kotlin.jvm.internal.Lambda                                                      : loaded 3 times (x 77B)
Class kotlin.collections.MapsKt__MapsKt                                               : loaded 3 times (x 73B)
Class [Lkotlin.reflect.KDeclarationContainer;                                         : loaded 3 times (x 71B)
Class com.google.common.base.JdkPattern                                               : loaded 3 times (x 77B)
Class kotlin.reflect.KFunction                                                        : loaded 3 times (x 72B)
Class [Lkotlin.reflect.jvm.internal.impl.name.FqName;                                 : loaded 3 times (x 71B)
Class com.google.common.io.Files$FileByteSource                                       : loaded 3 times (x 87B)
Class com.google.common.collect.ImmutableList$ReverseImmutableList                    : loaded 3 times (x 211B)
Class kotlin.sequences.GeneratorSequence                                              : loaded 3 times (x 77B)
Class kotlin.text.StringsKt__IndentKt                                                 : loaded 3 times (x 73B)
Class kotlin.collections.SetsKt                                                       : loaded 3 times (x 73B)
Class com.google.common.io.ByteSink                                                   : loaded 3 times (x 78B)
Class com.google.common.collect.MapMakerInternalMap$Strength$2                        : loaded 3 times (x 82B)
Class kotlin.jvm.functions.Function20                                                 : loaded 3 times (x 72B)
Class com.google.common.collect.SingletonImmutableList                                : loaded 3 times (x 209B)
Class kotlin.text.StringsKt__StringsJVMKt                                             : loaded 3 times (x 73B)
Class kotlin.reflect.jvm.internal.impl.resolve.jvm.JvmPrimitiveType                   : loaded 3 times (x 81B)
Class kotlin.collections.IntIterator                                                  : loaded 3 times (x 84B)
Class org.jetbrains.kotlin.cli.common.CompilerSystemProperties                        : loaded 3 times (x 81B)
Class kotlin.collections.CollectionsKt___CollectionsKt$asSequence$$inlined$Sequence$1 : loaded 3 times (x 77B)
Class com.google.common.base.AbstractIterator$State                                   : loaded 3 times (x 81B)
Class com.google.common.collect.Sets$3                                                : loaded 3 times (x 141B)
Class jdk.internal.jrtfs.SystemImage                                                  : loaded 3 times (x 76B)
Class org.jetbrains.kotlin.build.report.metrics.GradleBuildPerformanceMetric          : loaded 3 times (x 74B)
Class com.google.common.collect.MapMakerInternalMap$Segment                           : loaded 3 times (x 143B)
Class com.google.common.collect.Multimap                                              : loaded 3 times (x 72B)
Class kotlin.ranges.ClosedRange                                                       : loaded 3 times (x 72B)
Class com.google.common.primitives.IntsMethodsForWeb                                  : loaded 3 times (x 73B)
Class org.jetbrains.kotlin.cli.common.messages.MessageCollector                       : loaded 3 times (x 72B)
Class kotlin.reflect.KProperty                                                        : loaded 3 times (x 72B)
Class kotlin.jvm.internal.Reflection                                                  : loaded 3 times (x 73B)
Class kotlin.reflect.jvm.internal.KPropertyImpl                                       : loaded 3 times (x 117B)
Class kotlin.jvm.JvmClassMappingKt                                                    : loaded 3 times (x 73B)
Class kotlin.annotation.AnnotationTarget                                              : loaded 3 times (x 81B)
Class [Lkotlin.reflect.KAnnotatedElement;                                             : loaded 3 times (x 71B)
Class kotlin.reflect.jvm.internal.ReflectProperties$LazySoftVal                       : loaded 3 times (x 80B)
Class kotlin.reflect.jvm.internal.impl.builtins.StandardNames                         : loaded 3 times (x 73B)
Class [Lkotlin.reflect.jvm.internal.impl.builtins.PrimitiveType;                      : loaded 3 times (x 71B)
Class org.jetbrains.kotlin.build.report.metrics.BuildMetricsReporter                  : loaded 3 times (x 72B)
Class com.google.common.base.NullnessCasts                                            : loaded 3 times (x 73B)
Class com.google.common.io.ByteArrayDataInput                                         : loaded 3 times (x 72B)
Class com.google.common.collect.ImmutableMap$Builder                                  : loaded 3 times (x 84B)
Class kotlin.collections.IndexingIterator                                             : loaded 3 times (x 81B)
Class jdk.internal.jimage.ImageHeader                                                 : loaded 3 times (x 73B)
Class org.jetbrains.kotlin.config.ApiVersion                                          : loaded 3 times (x 88B)
Class com.google.common.collect.MapMakerInternalMap$StrongValueEntry                  : loaded 3 times (x 72B)
Class kotlin.jvm.internal.PropertyReference                                           : loaded 3 times (x 117B)
Class kotlin.jvm.functions.Function21                                                 : loaded 3 times (x 72B)
Class kotlin.reflect.jvm.internal.impl.name.ClassId                                   : loaded 3 times (x 74B)
Class com.google.common.collect.Sets$4                                                : loaded 3 times (x 141B)
Class kotlin.internal.ProgressionUtilKt                                               : loaded 3 times (x 73B)
Class kotlin.reflect.KMutableProperty                                                 : loaded 3 times (x 72B)
Class kotlin.reflect.jvm.internal.KClassifierImpl                                     : loaded 3 times (x 72B)
Class kotlin.KotlinVersion                                                            : loaded 3 times (x 76B)
Class androidx.fragment.lint.UnsafeRepeatOnLifecycleDetector$Companion                : loaded 3 times (x 73B)
Class kotlin.Function                                                                 : loaded 3 times (x 72B)
Class kotlin.collections.SetsKt__SetsJVMKt                                            : loaded 3 times (x 73B)
Class kotlin.reflect.jvm.internal.KotlinReflectionInternalError                       : loaded 3 times (x 84B)
Class kotlin.reflect.jvm.internal.impl.builtins.jvm.JavaToKotlinClassMap              : loaded 3 times (x 73B)
Class com.google.common.collect.ImmutableMapEntrySet                                  : loaded 3 times (x 154B)
Class kotlin.collections.ArraysKt__ArraysKt                                           : loaded 3 times (x 73B)
Class com.google.common.math.MathPreconditions                                        : loaded 3 times (x 73B)
Class com.google.common.collect.AbstractIndexedListIterator                           : loaded 3 times (x 98B)
Class com.google.common.collect.ObjectArrays                                          : loaded 3 times (x 73B)
Class kotlin.collections.IndexingIterable                                             : loaded 3 times (x 81B)
Class androidx.fragment.lint.FragmentIssueRegistry                                    : loaded 3 times (x 84B)
Class com.google.common.primitives.Ints                                               : loaded 3 times (x 73B)
Class jdk.internal.jimage.ImageBufferCache$2                                          : loaded 3 times (x 93B)
Class com.google.common.collect.BiMap                                                 : loaded 3 times (x 72B)
Class kotlin.reflect.jvm.internal.impl.builtins.StandardNames$FqNames                 : loaded 3 times (x 73B)
Class kotlin.collections.builders.ListBuilderKt                                       : loaded 3 times (x 73B)
Class com.google.common.collect.ImmutableMap$1                                        : loaded 3 times (x 83B)
Class androidx.annotation.experimental.lint.ExperimentalDetector$Companion            : loaded 3 times (x 73B)
Class kotlin.collections.builders.MapBuilderEntries                                   : loaded 3 times (x 147B)
Class com.google.common.collect.IndexedImmutableSet                                   : loaded 3 times (x 154B)
Class jdk.internal.jimage.ImageBufferCache$1                                          : loaded 3 times (x 84B)
Class com.google.common.base.CharMatcher$And                                          : loaded 3 times (x 114B)
Class kotlin.collections.ArraysKt___ArraysKt$asSequence$$inlined$Sequence$1           : loaded 3 times (x 77B)
Class kotlin.collections.EmptyList                                                    : loaded 3 times (x 176B)
Class kotlin.collections.MapsKt__MapsJVMKt                                            : loaded 3 times (x 73B)
Class kotlin.reflect.jvm.internal.ReflectionFactoryImpl                               : loaded 3 times (x 93B)
Class com.google.common.collect.ImmutableBiMap$Builder                                : loaded 3 times (x 84B)
Class androidx.activity.lint.ActivityResultFragmentVersionDetector                    : loaded 3 times (x 183B)
Class kotlin.collections.builders.MapBuilder$EntriesItr                               : loaded 3 times (x 83B)
Class androidx.fragment.lint.UseGetLayoutInflater$Issues                              : loaded 3 times (x 73B)
Class jdk.internal.jimage.ImageLocation                                               : loaded 3 times (x 92B)
Class jdk.internal.jrtfs.JrtDirectoryStream$1                                         : loaded 3 times (x 85B)
Class kotlin.jvm.functions.Function22                                                 : loaded 3 times (x 72B)
Class com.google.common.collect.Lists$StringAsImmutableList                           : loaded 3 times (x 209B)
Class kotlin.reflect.jvm.internal.KMutableProperty1Impl                               : loaded 3 times (x 137B)
Class kotlin.text.CharsKt                                                             : loaded 3 times (x 73B)
Class kotlin.io.LinesSequence$iterator$1                                              : loaded 3 times (x 81B)
Class kotlin.collections.AbstractIterator                                             : loaded 3 times (x 85B)
Class com.google.common.collect.Range                                                 : loaded 3 times (x 89B)
Class androidx.fragment.lint.FragmentTagDetector                                      : loaded 3 times (x 156B)
Class org.jetbrains.kotlin.build.report.metrics.ValueType                             : loaded 3 times (x 81B)
Class kotlin.reflect.KCallable                                                        : loaded 3 times (x 72B)
Class kotlin.io.FilesKt__FilePathComponentsKt                                         : loaded 3 times (x 73B)
Class com.google.common.collect.RegularImmutableAsList                                : loaded 3 times (x 219B)
Class kotlin.reflect.jvm.internal.impl.utils.CollectionsKt                            : loaded 3 times (x 73B)
Class kotlin.collections.CollectionsKt__MutableCollectionsKt                          : loaded 3 times (x 73B)
Class kotlin.io.CloseableKt                                                           : loaded 3 times (x 73B)
Class kotlin.reflect.KProperty2                                                       : loaded 3 times (x 72B)
Class kotlin.sequences.GeneratorSequence$iterator$1                                   : loaded 3 times (x 81B)
Class jdk.internal.jrtfs.JrtFileSystemProvider                                        : loaded 3 times (x 103B)
Class [Lkotlin.Function;                                                              : loaded 3 times (x 71B)
Class kotlin.sequences.TransformingSequence$iterator$1                                : loaded 3 times (x 81B)
Class kotlin.Pair                                                                     : loaded 3 times (x 74B)
Class kotlin.reflect.KProperty1                                                       : loaded 3 times (x 72B)
Class kotlin.reflect.KClass                                                           : loaded 3 times (x 72B)
Class com.google.common.collect.AbstractMapEntry                                      : loaded 3 times (x 83B)
Class com.google.common.collect.SingletonImmutableBiMap                               : loaded 3 times (x 145B)
Class kotlin.jvm.KotlinReflectionNotSupportedError                                    : loaded 3 times (x 84B)
Class com.google.common.collect.UnmodifiableIterator                                  : loaded 3 times (x 82B)
Class kotlin.reflect.KProperty0                                                       : loaded 3 times (x 72B)
Class com.google.common.io.ByteStreams                                                : loaded 3 times (x 73B)
Class [Lorg.objectweb.asm.Attribute;                                                  : loaded 3 times (x 71B)
Class [Lorg.objectweb.asm.Type;                                                       : loaded 3 times (x 71B)
Class androidx.fragment.lint.UnsafeFragmentLifecycleObserverDetector                  : loaded 3 times (x 173B)
Class jdk.internal.jrtfs.SystemImage$2                                                : loaded 3 times (x 78B)
Class kotlin.collections.CollectionsKt__IteratorsJVMKt                                : loaded 3 times (x 73B)
Class kotlin.reflect.jvm.internal.impl.name.FqNamesUtilKt                             : loaded 3 times (x 73B)
Class com.google.common.base.MoreObjects                                              : loaded 3 times (x 73B)
Class com.google.common.base.Joiner                                                   : loaded 3 times (x 81B)
Class kotlin.collections.builders.AbstractMapBuilderEntrySet                          : loaded 3 times (x 146B)
Class jdk.internal.jrtfs.SystemImage$1                                                : loaded 3 times (x 80B)
Class kotlin.enums.EnumEntriesList                                                    : loaded 3 times (x 225B)
Class kotlin.reflect.KTypeParameter                                                   : loaded 3 times (x 72B)
Class kotlin.jvm.internal.FunctionBase                                                : loaded 3 times (x 72B)
Class kotlin.jvm.internal.FunctionReference                                           : loaded 3 times (x 124B)
Class com.google.common.collect.ImmutableCollection$Builder                           : loaded 3 times (x 78B)
Class kotlin.collections.CollectionsKt__CollectionsKt                                 : loaded 3 times (x 73B)
Class kotlin.collections.ArraysKt___ArraysJvmKt                                       : loaded 3 times (x 73B)
Class com.google.common.base.Splitter$1                                               : loaded 3 times (x 79B)
Class kotlin.text.StringsKt__RegexExtensionsJVMKt                                     : loaded 3 times (x 73B)
Class com.google.common.collect.MapDifference                                         : loaded 3 times (x 72B)
Class [Lkotlin.annotation.AnnotationTarget;                                           : loaded 3 times (x 71B)
Class kotlin.text.Regex$Companion                                                     : loaded 3 times (x 73B)
Class kotlin._Assertions                                                              : loaded 3 times (x 73B)
Class kotlin.reflect.jvm.internal.impl.load.java.JavaDescriptorVisibilities$1         : loaded 2 times (x 78B)
Class [Lkotlin.reflect.jvm.internal.impl.load.java.typeEnhancement.TypeComponentPosition;: loaded 2 times (x 71B)
Class kotlin.reflect.jvm.internal.impl.load.java.components.JavaAnnotationMapper      : loaded 2 times (x 73B)
Class kotlin.reflect.jvm.internal.impl.resolve.scopes.receivers.ThisClassReceiver     : loaded 2 times (x 72B)
Class kotlin.reflect.jvm.internal.impl.serialization.deserialization.MemberDeserializer: loaded 2 times (x 74B)
Class kotlin.reflect.jvm.internal.impl.serialization.deserialization.ClassDeserializer: loaded 2 times (x 74B)
Class kotlin.reflect.jvm.internal.impl.types.KotlinTypeFactory$EMPTY_REFINED_TYPE_FACTORY$1: loaded 2 times (x 80B)
Class kotlin.reflect.jvm.internal.impl.utils.WrappedValues                            : loaded 2 times (x 73B)
Class kotlin.reflect.jvm.internal.impl.descriptors.ModuleCapability                   : loaded 2 times (x 74B)
Class kotlin.reflect.jvm.internal.impl.storage.LockBasedStorageManager$ExceptionHandlingStrategy: loaded 2 times (x 72B)
Class build_7u0kfvamlf7y7ybyzko2fhg2y$_run_closure1                                   : loaded 2 times (x 140B)
Class com.google.common.collect.Interners$InternerImpl                                : loaded 2 times (x 77B)
Class com.google.common.collect.Interner                                              : loaded 2 times (x 72B)
Class com.google.common.collect.AllEqualOrdering                                      : loaded 2 times (x 116B)
Class com.google.common.collect.TransformedIterator                                   : loaded 2 times (x 82B)
Class org.jetbrains.kotlin.gradle.tasks.KotlinJavaToolchain$JdkSetter                 : loaded 2 times (x 72B)
Class org.jetbrains.kotlin.gradle.plugin.mpp.KotlinUsages$KotlinCinteropDisambiguation: loaded 2 times (x 78B)
Class org.jetbrains.kotlin.gradle.plugin.KotlinPluginInMultipleProjectsHolder         : loaded 2 times (x 74B)
Class org.jetbrains.kotlin.gradle.report.BuildReportType$Companion                    : loaded 2 times (x 73B)
Class com.google.common.cache.LocalCache$Strength$3                                   : loaded 2 times (x 83B)
Class com.google.protobuf.CodedOutputStream$HeapNioEncoder                            : loaded 2 times (x 112B)
Class com.google.protobuf.ByteString$ByteArrayCopier                                  : loaded 2 times (x 72B)
Class org.codehaus.groovy.runtime.wrappers.PojoWrapper                                : loaded 2 times (x 90B)
Class org.codehaus.groovy.control.messages.SyntaxErrorMessage                         : loaded 2 times (x 76B)
Class org.codehaus.groovy.runtime.metaclass.MetaMethodIndex$EntryIterator             : loaded 2 times (x 72B)
Class groovy.lang.MetaClassImpl$8                                                     : loaded 2 times (x 79B)
Class org.codehaus.groovy.runtime.metaclass.MissingMethodExecutionFailed              : loaded 2 times (x 94B)
Class org.apache.groovy.util.SystemUtil                                               : loaded 2 times (x 73B)
Class [Lorg.jetbrains.kotlin.config.LanguageFeature;                                  : loaded 2 times (x 71B)
Class org.jetbrains.kotlin.config.LanguageFeatureBehaviorAfterSinceVersion            : loaded 2 times (x 73B)
Class kotlin.reflect.jvm.internal.impl.builtins.functions.FunctionTypeKind            : loaded 2 times (x 74B)
Class kotlin.reflect.jvm.internal.calls.Caller                                        : loaded 2 times (x 72B)
Class kotlin.reflect.jvm.internal.impl.metadata.jvm.deserialization.JvmMemberSignature$Field: loaded 2 times (x 77B)
Class com.android.utils.Pair                                                          : loaded 2 times (x 74B)
Class jdk.internal.jimage.ImageReader$LinkNode                                        : loaded 2 times (x 86B)
Class kotlin.reflect.jvm.internal.impl.load.java.JavaDescriptorVisibilities$2         : loaded 2 times (x 78B)
Class kotlin.reflect.jvm.internal.impl.types.TypeCheckerState                         : loaded 2 times (x 77B)
Class kotlin.reflect.jvm.internal.impl.types.IndexedParametersSubstitution            : loaded 2 times (x 80B)
Class kotlin.reflect.jvm.internal.impl.load.java.structure.JavaClass                  : loaded 2 times (x 72B)
Class kotlin.reflect.jvm.internal.impl.descriptors.impl.AbstractReceiverParameterDescriptor: loaded 2 times (x 139B)
Class kotlin.reflect.jvm.internal.impl.descriptors.DescriptorVisibility               : loaded 2 times (x 77B)
Class kotlin.reflect.jvm.internal.impl.descriptors.Modality$Companion                 : loaded 2 times (x 73B)
Class kotlin.reflect.jvm.internal.impl.load.kotlin.DeserializedDescriptorResolver$Companion: loaded 2 times (x 73B)
Class com.google.common.reflect.Invokable                                             : loaded 2 times (x 105B)
Class com.google.common.collect.MapMaker$Dummy                                        : loaded 2 times (x 81B)
Class org.jetbrains.kotlin.gradle.tasks.KotlinCompilerPluginData$InputsOutputsState   : loaded 2 times (x 74B)
Class org.jetbrains.kotlin.gradle.plugin.sources.FragmentConsistencyChecks$optInAnnotationsCheck$1: loaded 2 times (x 81B)
Class org.jetbrains.kotlin.gradle.plugin.mpp.compilationImpl.DefaultKotlinCompilationFriendPathsResolver$CompositeFriendArtifactResolver: loaded 2 times (x 77B)
Class org.objectweb.asm.FieldWriter                                                   : loaded 2 times (x 79B)
Class [Lorg.jetbrains.kotlin.gradle.dsl.JvmTarget;                                    : loaded 2 times (x 71B)
Class org.jetbrains.kotlin.gradle.plugin.mpp.KotlinUsages$KotlinMetadataCompatibility : loaded 2 times (x 78B)
Class org.jetbrains.kotlin.gradle.utils.ConfigurationsKt$maybeCreateResolvable$1      : loaded 2 times (x 80B)
Class org.jetbrains.kotlin.gradle.plugin.StatisticsBuildFlowManager$Companion         : loaded 2 times (x 73B)
Class org.jetbrains.kotlin.statistics.metrics.StringMetrics$Companion                 : loaded 2 times (x 73B)
Class org.jetbrains.kotlin.gradle.internal.properties.PropertiesBuildService$property$1$1: loaded 2 times (x 77B)
Class org.jetbrains.kotlin.tooling.core.Extras$Type                                   : loaded 2 times (x 74B)
Class org.jetbrains.kotlin.gradle.plugin.mpp.AbstractKotlinCompilationToRunnableFiles : loaded 2 times (x 198B)
Class com.google.common.cache.CacheBuilder$NullListener                               : loaded 2 times (x 84B)
Class org.gradle.internal.classpath.TransformedClassPath                              : loaded 2 times (x 98B)
Class org.gradle.internal.classloader.InstrumentingClassLoader                        : loaded 2 times (x 72B)
Class com.google.protobuf.AbstractParser                                              : loaded 2 times (x 152B)
Class jdk.internal.jrtfs.JrtFileStore                                                 : loaded 2 times (x 85B)
Class org.codehaus.groovy.control.CompilationUnit$IPrimaryClassNodeOperation          : loaded 2 times (x 72B)
Class org.codehaus.groovy.ast.expr.CastExpression                                     : loaded 2 times (x 135B)
Class groovy.lang.MetaClassImpl$9                                                     : loaded 2 times (x 79B)
Class org.codehaus.groovy.ast.FieldNode                                               : loaded 2 times (x 163B)
Class org.codehaus.groovy.vmplugin.VMPluginFactory                                    : loaded 2 times (x 73B)
Class groovy.lang.MetaObjectProtocol                                                  : loaded 2 times (x 72B)
Class groovy.lang.Writable                                                            : loaded 2 times (x 72B)
Class com.android.utils.PositionXmlParser                                             : loaded 2 times (x 73B)
Class com.android.tools.lint.model.LintModelSerialization$TargetFile                  : loaded 2 times (x 81B)
Class it.unimi.dsi.fastutil.longs.LongSet                                             : loaded 2 times (x 72B)
Class kotlin.reflect.jvm.internal.impl.name.StandardClassIds                          : loaded 2 times (x 73B)
Class [Lkotlin.coroutines.intrinsics.CoroutineSingletons;                             : loaded 2 times (x 71B)
Class kotlinx.coroutines.DisposableHandle                                             : loaded 2 times (x 72B)
Class it.unimi.dsi.fastutil.objects.ReferenceCollection                               : loaded 2 times (x 72B)
Class com.android.tools.lint.model.DefaultLintModelArtifact                           : loaded 2 times (x 86B)
Class com.android.tools.lint.model.LintModelModuleLibrary                             : loaded 2 times (x 72B)
Class kotlinx.coroutines.DispatchedTask                                               : loaded 2 times (x 82B)
Class it.unimi.dsi.fastutil.ints.IntIterator                                          : loaded 2 times (x 72B)
Class org.objectweb.asm.Handle                                                        : loaded 2 times (x 74B)
Class kotlin.reflect.jvm.KTypesJvm                                                    : loaded 2 times (x 73B)
Class kotlin.reflect.jvm.internal.impl.load.java.JavaDescriptorVisibilities$3         : loaded 2 times (x 78B)
Class [Lkotlin.reflect.jvm.internal.impl.resolve.OverridingUtil$OverrideCompatibilityInfo$Result;: loaded 2 times (x 71B)
Class kotlin.reflect.jvm.internal.impl.metadata.ProtoBuf$QualifiedNameTable$QualifiedName: loaded 2 times (x 98B)
Class kotlin.reflect.jvm.internal.impl.load.java.lazy.LazyJavaAnnotations             : loaded 2 times (x 87B)
Class kotlin.reflect.jvm.internal.impl.descriptors.deserialization.ClassDescriptorFactory: loaded 2 times (x 72B)
Class kotlin.reflect.jvm.internal.impl.protobuf.GeneratedMessageLite$ExtendableMessage: loaded 2 times (x 101B)
Class [Lkotlin.reflect.jvm.internal.impl.renderer.AnnotationArgumentsRenderingPolicy; : loaded 2 times (x 71B)
Class kotlin.reflect.jvm.internal.impl.load.java.components.SignaturePropagator$1     : loaded 2 times (x 77B)
Class com.google.common.collect.ImmutableListMultimap                                 : loaded 2 times (x 178B)
Class com.google.common.collect.ImmutableRangeSet$AsSet                               : loaded 2 times (x 302B)
Class org.jetbrains.kotlin.gradle.plugin.sources.FragmentConsistencyChecks$optInAnnotationsCheck$2: loaded 2 times (x 80B)
Class org.jetbrains.kotlin.gradle.plugin.statistics.BuildFusServiceKt                 : loaded 2 times (x 73B)
Class org.jetbrains.kotlin.gradle.plugin.BuildFinishedListenerService$Companion       : loaded 2 times (x 73B)
Class org.jetbrains.kotlin.gradle.plugin.BuildFinishedListenerService                 : loaded 2 times (x 82B)
Class org.jetbrains.kotlin.gradle.plugin.KotlinBaseApiPlugin$kotlinExtension$2        : loaded 2 times (x 81B)
Class com.google.common.cache.CacheLoader$FunctionToCacheLoader                       : loaded 2 times (x 77B)
Class com.google.common.collect.Iterators$ArrayItr                                    : loaded 2 times (x 99B)
Class org.codehaus.groovy.reflection.GroovyClassValue                                 : loaded 2 times (x 72B)
Class com.google.common.collect.ImmutableMapEntry$NonTerminalImmutableBiMapEntry      : loaded 2 times (x 87B)
Class org.codehaus.groovy.GroovyBugError                                              : loaded 2 times (x 86B)
Class com.google.protobuf.UnsafeUtil$MemoryAccessor                                   : loaded 2 times (x 93B)
Class com.google.wireless.android.sdk.stats.JavaProcessStats$1                        : loaded 2 times (x 153B)
Class com.google.protobuf.GeneratedMessage$GeneratedExtension                         : loaded 2 times (x 89B)
Class org.codehaus.groovy.runtime.metaclass.MetaMethodIndex$Entry                     : loaded 2 times (x 74B)
Class org.codehaus.groovy.runtime.metaclass.MethodMetaProperty$GetBeanMethodMetaProperty: loaded 2 times (x 80B)
Class org.codehaus.groovy.ast.expr.ConstantExpression                                 : loaded 2 times (x 136B)
Class org.codehaus.groovy.reflection.GeneratedMetaMethod                              : loaded 2 times (x 98B)
Class org.jetbrains.kotlin.config.LanguageFeature                                     : loaded 2 times (x 81B)
Class kotlin.collections.builders.ListBuilder$Companion                               : loaded 2 times (x 73B)
Class kotlin.collections.builders.ListBuilder                                         : loaded 2 times (x 209B)
Class groovy.lang.MetaClassImpl$7                                                     : loaded 2 times (x 79B)
Class kotlin.reflect.jvm.internal.impl.name.StandardClassIdsKt                        : loaded 2 times (x 73B)
Class kotlinx.coroutines.scheduling.CoroutineScheduler$Companion                      : loaded 2 times (x 73B)
Class org.codehaus.groovy.transform.ErrorCollecting                                   : loaded 2 times (x 72B)
Class kotlin.comparisons.ComparisonsKt___ComparisonsJvmKt                             : loaded 2 times (x 73B)
Class com.google.protobuf.MessageLiteOrBuilder                                        : loaded 2 times (x 72B)
Class org.jetbrains.kotlin.incremental.IncrementalCompilationFeatures$Companion       : loaded 2 times (x 73B)
Class kotlin.reflect.jvm.internal.impl.descriptors.impl.LazyClassReceiverParameterDescriptor: loaded 2 times (x 139B)
Class kotlin.reflect.jvm.internal.impl.metadata.ProtoBuf$QualifiedNameTable$QualifiedName$Kind$1: loaded 2 times (x 76B)
Class kotlin.reflect.jvm.internal.impl.serialization.deserialization.ClassDeserializer$ClassKey: loaded 2 times (x 74B)
Class kotlin.reflect.jvm.internal.impl.metadata.ProtoBuf$Type$1                       : loaded 2 times (x 89B)
Class kotlin.reflect.jvm.internal.impl.descriptors.PropertySetterDescriptor           : loaded 2 times (x 72B)
Class kotlin.reflect.jvm.internal.impl.descriptors.impl.VariableDescriptorWithInitializerImpl: loaded 2 times (x 144B)
Class kotlin.reflect.jvm.internal.impl.renderer.DescriptorRendererOptionsImpl         : loaded 2 times (x 94B)
Class kotlin.reflect.jvm.internal.impl.load.java.JavaClassesTracker$Default           : loaded 2 times (x 76B)
Class com.google.common.collect.EmptyImmutableListMultimap                            : loaded 2 times (x 178B)
Class com.google.common.collect.BaseImmutableMultimap                                 : loaded 2 times (x 125B)
Class org.jetbrains.kotlin.gradle.plugin.statistics.BuildFusService$onFinish$2        : loaded 2 times (x 81B)
Class org.jetbrains.kotlin.gradle.tasks.AbstractKotlinCompileTool$sources$1           : loaded 2 times (x 81B)
Class org.jetbrains.kotlin.gradle.tasks.configuration.TaskConfigAction                : loaded 2 times (x 74B)
Class org.jetbrains.kotlin.gradle.plugin.KotlinSourceSetTree                          : loaded 2 times (x 74B)
Class org.jetbrains.kotlin.gradle.plugin.sources.KotlinSourceSetFactory               : loaded 2 times (x 82B)
Class org.jetbrains.kotlin.gradle.targets.native.toolchain.KotlinNativeBundleBuildService$Parameters_Decorated: loaded 2 times (x 141B)
Class org.jetbrains.kotlin.gradle.internal.ClassLoadersCachingBuildService$Companion  : loaded 2 times (x 73B)
Class org.jetbrains.kotlin.gradle.internal.IdeaKt$isInIdeaSync$1                      : loaded 2 times (x 76B)
Class com.google.protobuf.Internal$FloatList                                          : loaded 2 times (x 72B)
Class com.google.protobuf.ByteString$ByteIterator                                     : loaded 2 times (x 72B)
Class com.google.common.hash.MessageDigestHashFunction$MessageDigestHasher            : loaded 2 times (x 149B)
Class com.google.wireless.android.sdk.stats.AndroidStudioEvent$IdeBrand               : loaded 2 times (x 89B)
Class com.google.gson.stream.JsonWriter                                               : loaded 2 times (x 100B)
Class org.codehaus.groovy.syntax.Token                                                : loaded 2 times (x 113B)
Class org.codehaus.groovy.control.CompilerConfiguration                               : loaded 2 times (x 124B)
Class org.codehaus.groovy.ast.expr.ClosureExpression                                  : loaded 2 times (x 135B)
Class com.google.protobuf.Internal$BooleanList                                        : loaded 2 times (x 72B)
Class com.google.protobuf.InvalidProtocolBufferException$InvalidWireTypeException     : loaded 2 times (x 89B)
Class com.google.common.cache.LocalCache$Strength$2                                   : loaded 2 times (x 83B)
Class kotlin.Result                                                                   : loaded 2 times (x 74B)
Class kotlinx.coroutines.internal.ThreadState                                         : loaded 2 times (x 74B)
Class kotlinx.coroutines.scheduling.NanoTimeSource                                    : loaded 2 times (x 74B)
Class org.jetbrains.kotlin.config.LanguageOrApiVersion                                : loaded 2 times (x 72B)
Class it.unimi.dsi.fastutil.ints.IntCollection                                        : loaded 2 times (x 72B)
Class com.google.common.base.Splitter$5                                               : loaded 2 times (x 82B)
Class com.google.common.util.concurrent.SettableFuture                                : loaded 2 times (x 116B)
Class org.jetbrains.kotlin.cli.common.arguments.PreprocessCommandLineArgumentsKt      : loaded 2 times (x 73B)
Class kotlin.reflect.jvm.internal.impl.descriptors.java.JavaVisibilities$ProtectedStaticVisibility: loaded 2 times (x 77B)
Class kotlin.reflect.jvm.internal.impl.descriptors.Visibilities                       : loaded 2 times (x 73B)
Class kotlin.reflect.jvm.internal.impl.serialization.deserialization.descriptors.DeserializedClassDescriptor$DeserializedClassMemberScope$generateFakeOverrides$1: loaded 2 times (x 79B)
Class kotlin.reflect.jvm.internal.impl.serialization.deserialization.descriptors.DeserializedClassDescriptor$DeserializedClassTypeConstructor: loaded 2 times (x 99B)
Class kotlin.reflect.jvm.internal.impl.load.kotlin.header.ReadKotlinClassHeaderAnnotationVisitor$KotlinMetadataArgumentVisitor: loaded 2 times (x 88B)
Class kotlin.reflect.jvm.internal.impl.utils.SmartList                                : loaded 2 times (x 201B)
Class [Lkotlin.reflect.jvm.internal.impl.incremental.components.NoLookupLocation;     : loaded 2 times (x 71B)
Class org.jetbrains.kotlin.gradle.plugin.BuildEventsListenerRegistryHolder$Companion  : loaded 2 times (x 73B)
Class org.jetbrains.kotlin.gradle.utils.ProviderApiUtilsKt$mapOrNull$1$1              : loaded 2 times (x 77B)
Class [Lorg.jetbrains.kotlin.build.report.metrics.BuildAttribute;                     : loaded 2 times (x 71B)
Class org.jetbrains.kotlin.gradle.plugin.mpp.InternalKotlinCompilationKt              : loaded 2 times (x 73B)
Class org.jetbrains.kotlin.gradle.plugin.mpp.compilationImpl.KotlinCompilationImpl$attributes$2: loaded 2 times (x 81B)
Class org.jetbrains.kotlin.gradle.tasks.configuration.AbstractKotlinCompileConfig     : loaded 2 times (x 74B)
Class com.google.common.collect.Platform                                              : loaded 2 times (x 73B)
Class org.jetbrains.kotlin.gradle.plugin.StatisticsBuildFlowManager$subscribeForBuildResultAndConfigurationTimeMetrics$1$1: loaded 2 times (x 76B)
Class org.jetbrains.kotlin.gradle.plugin.statistics.BuildFinishBuildService$Parameters: loaded 2 times (x 72B)
Class org.jetbrains.kotlin.gradle.utils.IsolatedKotlinClasspathClassCastException     : loaded 2 times (x 84B)
Class org.gradle.internal.service.ServiceLocator                                      : loaded 2 times (x 72B)
Class [Lorg.jetbrains.kotlin.statistics.metrics.StringMetrics;                        : loaded 2 times (x 71B)
Class org.codehaus.groovy.vmplugin.v9.ClassFinder                                     : loaded 2 times (x 73B)
Class org.codehaus.groovy.ast.ImportNode                                              : loaded 2 times (x 132B)
Class groovy.transform.Internal                                                       : loaded 2 times (x 72B)
Class org.codehaus.groovy.runtime.metaclass.NewStaticMetaMethod                       : loaded 2 times (x 101B)
Class org.codehaus.groovy.runtime.CurriedClosure                                      : loaded 2 times (x 134B)
Class org.codehaus.groovy.runtime.ComposedClosure                                     : loaded 2 times (x 134B)
Class org.jetbrains.kotlin.gradle.plugin.statistics.BuildFusService$Companion$registerIfAbsentImpl$generalConfigurationMetricsProvider$1: loaded 2 times (x 77B)
Class kotlin.reflect.jvm.internal.KProperty2Impl$$Lambda$0                            : loaded 2 times (x 78B)
Class org.jetbrains.kotlin.gradle.plugin.mpp.compilationImpl.factory.KotlinCompilationImplFactory$KotlinCompilerOptionsFactory: loaded 2 times (x 72B)
Class org.jetbrains.kotlin.gradle.plugin.LanguageSettingsBuilder                      : loaded 2 times (x 72B)
Class org.jetbrains.kotlin.gradle.plugin.mpp.compilationImpl.KotlinCompilationTaskNamesContainer: loaded 2 times (x 74B)
Class com.android.tools.lint.model.LintModelModuleType                                : loaded 2 times (x 81B)
Class org.jetbrains.kotlin.gradle.plugin.mpp.KotlinCompilationsKt$addSourcesToKotlinCompileTask$configureAction$2: loaded 2 times (x 81B)
Class kotlin.reflect.jvm.internal.impl.descriptors.ModuleDescriptor                   : loaded 2 times (x 72B)
Class [Lkotlin.reflect.jvm.internal.impl.storage.LockBasedStorageManager$NotValue;    : loaded 2 times (x 71B)
Class kotlin.reflect.jvm.internal.impl.load.java.SpecialGenericSignatures$Companion$NameAndSignature: loaded 2 times (x 74B)
Class kotlin.reflect.jvm.internal.impl.descriptors.impl.ValueParameterDescriptorImpl  : loaded 2 times (x 166B)
Class kotlin.reflect.jvm.internal.impl.load.java.structure.JavaTypeParameterListOwner : loaded 2 times (x 72B)
Class kotlin.reflect.jvm.internal.impl.metadata.deserialization.NameResolverImpl      : loaded 2 times (x 79B)
Class kotlin.reflect.jvm.internal.impl.metadata.deserialization.VersionSpecificBehaviorKt: loaded 2 times (x 73B)
Class [Lkotlin.reflect.jvm.internal.impl.descriptors.impl.DeclarationDescriptorImpl;  : loaded 2 times (x 71B)
Class [Lkotlin.reflect.jvm.internal.impl.metadata.ProtoBuf$Annotation$Argument$Value$Type;: loaded 2 times (x 71B)
Class kotlin.reflect.jvm.internal.impl.metadata.jvm.JvmProtoBuf$JvmFieldSignature     : loaded 2 times (x 98B)
Class kotlin.reflect.jvm.internal.impl.protobuf.SmallSortedMap                        : loaded 2 times (x 130B)
Class kotlin.reflect.jvm.internal.impl.protobuf.LazyField                             : loaded 2 times (x 79B)
Class kotlin.reflect.jvm.internal.impl.storage.DefaultSimpleLock                      : loaded 2 times (x 80B)
Class com.google.common.collect.ImmutableSortedMap$Builder                            : loaded 2 times (x 92B)
Class com.google.common.collect.HashBiMap$BiEntry                                     : loaded 2 times (x 84B)
Class org.jetbrains.kotlin.gradle.tasks.DefaultKotlinJavaToolchain$DefaultJavaToolchainSetter$useAsConvention$1: loaded 2 times (x 77B)
Class org.jetbrains.kotlin.gradle.plugin.KotlinCompilerArgumentsProducer$CreateCompilerArgumentsContext: loaded 2 times (x 72B)
Class com.google.common.base.Ascii                                                    : loaded 2 times (x 73B)
Class org.jetbrains.kotlin.gradle.plugin.statistics.KotlinBuildStatsLoggerService$Companion: loaded 2 times (x 73B)
Class com.google.common.cache.LocalCache$1                                            : loaded 2 times (x 91B)
Class com.google.common.collect.Iterators$SingletonIterator                           : loaded 2 times (x 83B)
Class com.google.protobuf.UnsafeUtil$1                                                : loaded 2 times (x 78B)
Class com.google.protobuf.CodedOutputStream$AbstractBufferedEncoder                   : loaded 2 times (x 111B)
Class org.codehaus.groovy.ast.stmt.EmptyStatement                                     : loaded 2 times (x 112B)
Class org.codehaus.groovy.runtime.InvokerHelper$NullScript                            : loaded 2 times (x 97B)
Class org.codehaus.groovy.vmplugin.v9.Java9                                           : loaded 2 times (x 111B)
Class kotlin.reflect.jvm.internal.impl.descriptors.impl.DeclarationDescriptorImpl     : loaded 2 times (x 90B)
Class kotlin.reflect.jvm.internal.KProperty2Impl$$Lambda$1                            : loaded 2 times (x 78B)
Class kotlin.reflect.jvm.internal.impl.load.java.JavaTypeEnhancementState             : loaded 2 times (x 74B)
Class kotlinx.coroutines.scheduling.GlobalQueue                                       : loaded 2 times (x 74B)
Class kotlin.reflect.jvm.internal.impl.load.kotlin.JavaClassDataFinder                : loaded 2 times (x 77B)
Class com.android.tools.lint.model.LintModelDependency                                : loaded 2 times (x 72B)
Class kotlin.reflect.jvm.internal.impl.serialization.deserialization.DeserializationConfiguration$Default: loaded 2 times (x 81B)
Class kotlin.reflect.jvm.internal.impl.load.java.structure.JavaPrimitiveType          : loaded 2 times (x 72B)
Class kotlin.reflect.jvm.internal.impl.serialization.deserialization.descriptors.DescriptorWithContainerSource: loaded 2 times (x 72B)
Class kotlin.reflect.jvm.internal.impl.metadata.ProtoBuf$Annotation$Argument$Value$Builder: loaded 2 times (x 93B)
Class kotlin.reflect.jvm.internal.impl.metadata.jvm.JvmProtoBuf$StringTableTypes      : loaded 2 times (x 98B)
Class kotlin.reflect.jvm.internal.impl.descriptors.Visibilities$Inherited             : loaded 2 times (x 77B)
Class kotlin.reflect.jvm.internal.impl.load.java.NullabilityAnnotationStates$Companion: loaded 2 times (x 73B)
Class kotlin.reflect.jvm.internal.impl.load.kotlin.KotlinClassFinder                  : loaded 2 times (x 72B)
Class com.google.common.reflect.TypeToken$SimpleTypeToken                             : loaded 2 times (x 75B)
Class com.google.common.io.CharSource$StringCharSource                                : loaded 2 times (x 88B)
Class com.google.common.io.ByteSource$ByteArrayByteSource                             : loaded 2 times (x 87B)
Class com.google.common.collect.MapMakerInternalMap$AbstractStrongKeyEntry            : loaded 2 times (x 82B)
Class com.google.common.collect.AbstractSetMultimap                                   : loaded 2 times (x 175B)
Class com.google.common.collect.Sets$ImprovedAbstractSet                              : loaded 2 times (x 137B)
Class com.google.common.collect.ImmutableList$Builder                                 : loaded 2 times (x 79B)
Class com.google.common.collect.AbstractMultimap                                      : loaded 2 times (x 125B)
Class org.jetbrains.kotlin.gradle.plugin.KotlinTargetPreset                           : loaded 2 times (x 72B)
Class org.jetbrains.kotlin.gradle.utils.FileUtilsKt$localProperties$1                 : loaded 2 times (x 77B)
Class org.jetbrains.kotlin.gradle.dsl.HasConfigurableKotlinCompilerOptions            : loaded 2 times (x 72B)
Class com.google.common.cache.LocalCache$2                                            : loaded 2 times (x 144B)
Class com.google.protobuf.CodedOutputStream                                           : loaded 2 times (x 111B)
Class com.google.common.hash.AbstractHashFunction                                     : loaded 2 times (x 97B)
Class com.android.utils.DateProvider$1                                                : loaded 2 times (x 77B)
Class [Lorg.codehaus.groovy.reflection.CachedConstructor;                             : loaded 2 times (x 71B)
Class org.codehaus.groovy.ast.expr.Expression                                         : loaded 2 times (x 129B)
Class org.codehaus.groovy.util.ManagedReference$1                                     : loaded 2 times (x 78B)
Class org.codehaus.groovy.util.ReferenceType                                          : loaded 2 times (x 82B)
Class it.unimi.dsi.fastutil.objects.Object2IntFunction                                : loaded 2 times (x 72B)
Class [Lcom.android.resources.ResourceType$Kind;                                      : loaded 2 times (x 71B)
Class it.unimi.dsi.fastutil.ints.IntSpliterator                                       : loaded 2 times (x 72B)
Class kotlin.reflect.jvm.internal.impl.renderer.ExcludedTypeAnnotations               : loaded 2 times (x 73B)
Class kotlin.reflect.jvm.internal.CacheByClass                                        : loaded 2 times (x 75B)
Class kotlin.coroutines.CoroutineContext$Element                                      : loaded 2 times (x 72B)
Class org.jetbrains.kotlin.config.MavenComparableVersion$IntegerItem                  : loaded 2 times (x 82B)
Class kotlin.reflect.jvm.internal.impl.protobuf.GeneratedMessageLite                  : loaded 2 times (x 95B)
Class kotlin.reflect.jvm.internal.impl.metadata.ProtoBuf$Constructor$1                : loaded 2 times (x 89B)
Class kotlin.reflect.jvm.internal.impl.protobuf.Internal$EnumLiteMap                  : loaded 2 times (x 72B)
Class kotlin.reflect.jvm.internal.impl.serialization.deserialization.ErrorReporter$1  : loaded 2 times (x 77B)
Class kotlin.reflect.jvm.internal.impl.resolve.DescriptorFactory                      : loaded 2 times (x 73B)
Class kotlin.reflect.jvm.internal.impl.metadata.ProtoBuf$Annotation$Argument$1        : loaded 2 times (x 89B)
Class kotlin.reflect.jvm.internal.impl.types.SimpleTypeImpl                           : loaded 2 times (x 91B)
Class kotlin.reflect.jvm.internal.impl.renderer.DescriptorRendererImpl                : loaded 2 times (x 101B)
Class kotlin.reflect.jvm.internal.impl.renderer.DescriptorRenderer$Companion          : loaded 2 times (x 73B)
Class kotlin.reflect.jvm.internal.impl.storage.LockBasedStorageManager$MapBasedMemoizedFunctionToNotNull: loaded 2 times (x 86B)
Class com.google.common.collect.ImmutableRangeSet$1                                   : loaded 2 times (x 212B)
Class org.jetbrains.kotlin.gradle.tasks.DefaultKotlinJavaToolchain_Decorated          : loaded 2 times (x 124B)
Class org.jetbrains.kotlin.gradle.plugin.mpp.HasBinaries                              : loaded 2 times (x 72B)
Class org.jetbrains.kotlin.gradle.dsl.KotlinCommonOptions                             : loaded 2 times (x 72B)
Class org.jetbrains.kotlin.gradle.targets.native.toolchain.UsesKotlinNativeBundleBuildService: loaded 2 times (x 72B)
Class org.jetbrains.kotlin.gradle.plugin.KotlinCompilerArgumentsProducer              : loaded 2 times (x 72B)
Class kotlin.reflect.jvm.internal.impl.metadata.jvm.deserialization.BitEncoding       : loaded 2 times (x 73B)
Class com.google.protobuf.Descriptors$FieldDescriptor                                 : loaded 2 times (x 90B)
Class kotlin.reflect.jvm.internal.impl.types.RawType                                  : loaded 2 times (x 72B)
Class org.codehaus.groovy.ast.expr.TernaryExpression                                  : loaded 2 times (x 132B)
Class groovy.lang.MetaClassRegistryChangeEvent                                        : loaded 2 times (x 81B)
Class org.codehaus.groovy.vmplugin.v8.PluginDefaultGroovyMethods                      : loaded 2 times (x 73B)
Class org.jetbrains.kotlin.cli.common.messages.CompilerMessageSeverity                : loaded 2 times (x 81B)
Class kotlinx.coroutines.internal.SystemPropsKt                                       : loaded 2 times (x 73B)
Class org.jetbrains.kotlin.cli.common.messages.MessageCollector$Companion             : loaded 2 times (x 73B)
Class com.android.tools.lint.model.LintModelSeverity                                  : loaded 2 times (x 81B)
Class kotlin.coroutines.jvm.internal.ContinuationImpl                                 : loaded 2 times (x 89B)
Class com.android.io.CancellableFileIo                                                : loaded 2 times (x 73B)
Class org.jetbrains.kotlin.build.report.metrics.RUN_COMPILATION_IN_WORKER             : loaded 2 times (x 74B)
Class kotlin.reflect.jvm.internal.impl.types.model.TypeSystemInferenceExtensionContext: loaded 2 times (x 72B)
Class [Lkotlin.reflect.jvm.internal.impl.descriptors.TypeParameterDescriptor;         : loaded 2 times (x 71B)
Class kotlin.reflect.jvm.internal.impl.serialization.deserialization.descriptors.DeserializedContainerAbiStability: loaded 2 times (x 81B)
Class [Lkotlin.reflect.jvm.internal.impl.metadata.ProtoBuf$Type$Argument$Projection;  : loaded 2 times (x 71B)
Class kotlin.reflect.jvm.internal.impl.descriptors.runtime.structure.ReflectJavaPackage: loaded 2 times (x 84B)
Class kotlin.reflect.jvm.internal.impl.serialization.deserialization.AnnotationAndConstantLoaderImpl: loaded 2 times (x 86B)
Class kotlin.reflect.jvm.internal.impl.metadata.ProtoBuf$Annotation$1                 : loaded 2 times (x 89B)
Class kotlin.reflect.jvm.internal.impl.resolve.scopes.MemberScope$Empty               : loaded 2 times (x 94B)
Class kotlin.reflect.jvm.internal.impl.storage.LockBasedStorageManager$LockBasedNotNullLazyValue: loaded 2 times (x 86B)
Class com.google.common.base.Optional                                                 : loaded 2 times (x 82B)
Class org.jetbrains.kotlin.build.report.metrics.BuildTimes$Companion                  : loaded 2 times (x 73B)
Class org.jetbrains.kotlin.gradle.plugin.sources.FragmentConsistencyChecker           : loaded 2 times (x 74B)
Class org.jetbrains.kotlin.gradle.tasks.configuration.BaseKotlinCompileConfig$1$classpathConfiguration$1: loaded 2 times (x 77B)
Class org.jetbrains.kotlin.gradle.dsl.DefaultToolchainSupport_Decorated               : loaded 2 times (x 122B)
Class org.jetbrains.kotlin.gradle.internal.properties.NativePropertiesLoader$jvmArgs$1: loaded 2 times (x 77B)
Class org.jetbrains.kotlin.gradle.report.BuildMetricsService$Companion                : loaded 2 times (x 73B)
Class org.jetbrains.kotlin.gradle.tasks.KotlinCompileTool                             : loaded 2 times (x 72B)
Class org.jetbrains.kotlin.gradle.plugin.VariantImplementationFactories$Parameters_Decorated: loaded 2 times (x 132B)
Class org.jetbrains.kotlin.gradle.plugin.statistics.BuildFinishBuildService$Parameters_Decorated: loaded 2 times (x 144B)
Class org.jetbrains.kotlin.gradle.plugin.PropertiesProvider$PropertyNames             : loaded 2 times (x 73B)
Class org.jetbrains.kotlin.gradle.utils.SingleAction$PerformedActions                 : loaded 2 times (x 74B)
Class org.jetbrains.kotlin.gradle.utils.GradleUtilsKt                                 : loaded 2 times (x 73B)
Class org.jetbrains.kotlin.gradle.plugin.HasProject                                   : loaded 2 times (x 72B)
Class com.google.common.util.concurrent.AbstractFuture$Trusted                        : loaded 2 times (x 72B)
Class com.google.common.collect.Iterators                                             : loaded 2 times (x 73B)
Class com.google.protobuf.CodedOutputStream$OutOfSpaceException                       : loaded 2 times (x 84B)
Class com.android.tools.analytics.StubbableLazy                                       : loaded 2 times (x 78B)
Class com.google.protobuf.Internal$EnumLite                                           : loaded 2 times (x 72B)
Class kotlin.collections.MutableMapWithDefault                                        : loaded 2 times (x 72B)
Class org.codehaus.groovy.ast.stmt.ThrowStatement                                     : loaded 2 times (x 114B)
Class groovy.lang.MetaArrayLengthProperty                                             : loaded 2 times (x 79B)
Class org.codehaus.groovy.runtime.EncodingGroovyMethods                               : loaded 2 times (x 73B)
Class org.codehaus.groovy.util.ComplexKeyHashMap$EntryIterator                        : loaded 2 times (x 72B)
Class kotlin.coroutines.jvm.internal.SuspendLambda                                    : loaded 2 times (x 93B)
Class org.jetbrains.kotlin.config.KotlinCompilerVersion                               : loaded 2 times (x 73B)
Class kotlin.reflect.jvm.internal.impl.builtins.functions.FunctionTypeKind$SuspendFunction: loaded 2 times (x 74B)
Class kotlin.jvm.internal.PropertyReference2Impl                                      : loaded 2 times (x 129B)
Class kotlin.coroutines.ContinuationInterceptor$Key                                   : loaded 2 times (x 73B)
Class kotlin.text.DelimitedRangesSequence$iterator$1                                  : loaded 2 times (x 81B)
Class it.unimi.dsi.fastutil.Function                                                  : loaded 2 times (x 72B)
Class com.android.tools.lint.model.DefaultLintModelLibraryResolver                    : loaded 2 times (x 78B)
Class it.unimi.dsi.fastutil.objects.ObjectSpliterator                                 : loaded 2 times (x 72B)
Class kotlin.collections.MapWithDefault                                               : loaded 2 times (x 72B)
Class [Lcom.android.resources.ResourceType;                                           : loaded 2 times (x 71B)
Class kotlin.reflect.jvm.internal.impl.descriptors.impl.PropertySetterDescriptorImpl  : loaded 2 times (x 193B)
Class kotlin.reflect.jvm.internal.impl.serialization.deserialization.AnnotatedCallableKind: loaded 2 times (x 81B)
Class kotlin.reflect.jvm.internal.KDeclarationContainerImpl$MemberBelonginess         : loaded 2 times (x 81B)
Class kotlin.reflect.jvm.internal.impl.serialization.deserialization.ProtoEnumFlagsUtilsKt: loaded 2 times (x 73B)
Class kotlin.reflect.jvm.internal.impl.resolve.scopes.receivers.ReceiverValue         : loaded 2 times (x 72B)
Class kotlin.reflect.jvm.internal.impl.descriptors.impl.ClassDescriptorImpl           : loaded 2 times (x 177B)
Class kotlin.reflect.jvm.internal.impl.descriptors.CallableMemberDescriptor           : loaded 2 times (x 72B)
Class kotlin.reflect.jvm.internal.impl.descriptors.Substitutable                      : loaded 2 times (x 72B)
Class kotlin.reflect.jvm.internal.impl.descriptors.Modality                           : loaded 2 times (x 81B)
Class kotlin.reflect.jvm.internal.impl.storage.LockBasedStorageManager$NotValue       : loaded 2 times (x 81B)
Class kotlin.reflect.jvm.internal.ModuleByClassLoaderKt                               : loaded 2 times (x 73B)
Class build_eoimdris1x73otyh0h3qjep6t                                                 : loaded 2 times (x 174B)
Class com.google.common.collect.ExplicitOrdering                                      : loaded 2 times (x 117B)
Class com.google.common.io.ByteSink$AsCharSink                                        : loaded 2 times (x 82B)
Class org.jetbrains.kotlin.tooling.core.KotlinToolingVersion                          : loaded 2 times (x 77B)
Class org.jetbrains.kotlin.gradle.plugin.mpp.compilationImpl.factory.KotlinCompilationImplFactory$KotlinCompilationTaskNamesContainerFactory: loaded 2 times (x 72B)
Class org.jetbrains.kotlin.gradle.plugin.diagnostics.ToolingDiagnosticRenderingOptionsKt$isAttachedToTerminal$1: loaded 2 times (x 76B)
Class org.jetbrains.kotlin.gradle.tasks.configuration.BaseKotlinCompileConfig         : loaded 2 times (x 74B)
Class org.jetbrains.kotlin.gradle.ExperimentalKotlinGradlePluginApi                   : loaded 2 times (x 72B)
Class org.jetbrains.kotlin.gradle.dsl.KotlinAndroidProjectExtension                   : loaded 2 times (x 148B)
Class org.jetbrains.kotlin.gradle.internal.properties.NativePropertiesLoader          : loaded 2 times (x 85B)
Class org.jetbrains.kotlin.gradle.plugin.KotlinGradleBuildServices$Parameters$Inject_ : loaded 2 times (x 108B)
Class org.jetbrains.kotlin.statistics.metrics.NumberAnonymizationPolicy$SAFE          : loaded 2 times (x 87B)
Class org.jetbrains.kotlin.gradle.plugin.statistics.BuildFusService                   : loaded 2 times (x 86B)
Class com.google.common.util.concurrent.UncheckedExecutionException                   : loaded 2 times (x 84B)
Class org.codehaus.groovy.reflection.stdclasses.NumberCachedClass                     : loaded 2 times (x 97B)
Class org.codehaus.groovy.reflection.stdclasses.CharacterCachedClass                  : loaded 2 times (x 97B)
Class com.google.protobuf.ByteOutput                                                  : loaded 2 times (x 78B)
Class kotlin.jvm.internal.Ref$IntRef                                                  : loaded 2 times (x 73B)
Class groovy.lang.MissingMethodException                                              : loaded 2 times (x 93B)
Class org.jetbrains.kotlin.config.MavenComparableVersion                              : loaded 2 times (x 80B)
Class com.android.tools.lint.model.LintModelModuleLoader                              : loaded 2 times (x 72B)
Class kotlin.io.FileTreeWalk$FileTreeWalkIterator$WhenMappings                        : loaded 2 times (x 73B)
Class kotlin.reflect.jvm.internal.impl.load.java.lazy.descriptors.JavaDescriptorUtilKt: loaded 2 times (x 73B)
Class kotlin.reflect.jvm.internal.impl.descriptors.DescriptorUtilKt                   : loaded 2 times (x 73B)
Class kotlin.reflect.jvm.internal.impl.resolve.MemberComparator$NameAndTypeMemberComparator: loaded 2 times (x 93B)
Class kotlin.reflect.jvm.internal.impl.renderer.DescriptorRendererModifier            : loaded 2 times (x 81B)
Class kotlin.reflect.jvm.internal.impl.resolve.constants.ConstantValue                : loaded 2 times (x 76B)
Class kotlin.reflect.jvm.internal.impl.load.java.lazy.ModuleClassResolver             : loaded 2 times (x 72B)
Class kotlin.reflect.jvm.internal.impl.descriptors.annotations.Annotations            : loaded 2 times (x 72B)
Class kotlin.reflect.jvm.internal.impl.descriptors.annotations.Annotated              : loaded 2 times (x 72B)
Class org.jetbrains.kotlin.gradle.tasks.KotlinCompile$scriptSources$1                 : loaded 2 times (x 77B)
Class org.jetbrains.kotlin.build.report.metrics.BuildAttribute$Companion              : loaded 2 times (x 73B)
Class org.jetbrains.kotlin.gradle.plugin.diagnostics.IsAttachedToTerminalValueSource$Inject_: loaded 2 times (x 102B)
Class org.jetbrains.kotlin.gradle.plugin.diagnostics.ToolingDiagnosticRenderingOptionsKt$isAttachedToTerminal$2: loaded 2 times (x 76B)
Class org.jetbrains.kotlin.gradle.utils.FutureImpl                                    : loaded 2 times (x 82B)
Class org.jetbrains.kotlin.gradle.dsl.abi.AbiValidationLegacyDumpExtension            : loaded 2 times (x 72B)
Class org.jetbrains.kotlin.gradle.internal.properties.NativePropertiesLoader$isToolchainEnabled$1: loaded 2 times (x 77B)
Class [Lorg.jetbrains.kotlin.statistics.metrics.NumericalMetrics;                     : loaded 2 times (x 71B)
Class org.jetbrains.kotlin.gradle.plugin.mpp.KotlinJvmAndroidCompilation              : loaded 2 times (x 199B)
Class org.codehaus.groovy.runtime.dgmimpl.NumberNumberDiv                             : loaded 2 times (x 116B)
Class org.codehaus.groovy.runtime.dgmimpl.arrays.BooleanArrayPutAtMetaMethod          : loaded 2 times (x 99B)
Class com.google.protobuf.UnsafeUtil$Android32MemoryAccessor                          : loaded 2 times (x 93B)
Class com.google.protobuf.Extension$ExtensionType                                     : loaded 2 times (x 81B)
Class com.google.protobuf.AbstractMessageLite$Builder$LimitedInputStream              : loaded 2 times (x 94B)
Class org.codehaus.groovy.runtime.memoize.EvictableCache                              : loaded 2 times (x 72B)
Class org.codehaus.groovy.ast.stmt.ReturnStatement                                    : loaded 2 times (x 115B)
Class kotlin.collections.builders.SetBuilder$Companion                                : loaded 2 times (x 73B)
Class it.unimi.dsi.fastutil.ints.IntArraySet                                          : loaded 2 times (x 237B)
Class kotlin.time.DurationUnitKt__DurationUnitJvmKt                                   : loaded 2 times (x 73B)
Class org.codehaus.groovy.runtime.RangeInfo                                           : loaded 2 times (x 73B)
Class com.android.ide.common.gradle.Separator                                         : loaded 2 times (x 81B)
Class com.android.tools.lint.model.LintModelSourceProvider                            : loaded 2 times (x 72B)
Class org.codehaus.groovy.runtime.metaclass.MethodMetaProperty$GetMethodMetaProperty  : loaded 2 times (x 80B)
Class groovy.lang.MetaClassImpl$6                                                     : loaded 2 times (x 79B)
Class [Lcom.android.prefs.VariableValue;                                              : loaded 2 times (x 71B)
Class kotlin.annotation.AnnotationRetention                                           : loaded 2 times (x 81B)
Class com.android.tools.lint.model.PathVariables$Companion                            : loaded 2 times (x 73B)
Class com.android.tools.analytics.UsageTrackerWriter                                  : loaded 2 times (x 84B)
Class com.android.manifmerger.ManifestMerger2$MergeFailureException                   : loaded 2 times (x 84B)
Class com.google.protobuf.ExtensionRegistry                                           : loaded 2 times (x 89B)
Class kotlin.reflect.KClasses                                                         : loaded 2 times (x 73B)
Class org.jetbrains.kotlin.cli.common.arguments.Disables                              : loaded 2 times (x 72B)
Class kotlin.reflect.jvm.internal.impl.load.java.descriptors.JavaCallableMemberDescriptor: loaded 2 times (x 72B)
Class kotlin.reflect.jvm.internal.impl.metadata.jvm.JvmProtoBuf$JvmPropertySignature$Builder: loaded 2 times (x 93B)
Class kotlin.reflect.jvm.internal.impl.metadata.jvm.JvmProtoBuf$StringTableTypes$Record$Operation$1: loaded 2 times (x 76B)
Class kotlin.reflect.jvm.internal.impl.protobuf.AbstractMessageLite$Builder$LimitedInputStream: loaded 2 times (x 94B)
Class kotlin.reflect.jvm.internal.impl.load.java.lazy.types.JavaTypeResolver          : loaded 2 times (x 74B)
Class kotlin.reflect.jvm.internal.impl.descriptors.deserialization.AdditionalClassPartsProvider: loaded 2 times (x 72B)
Class kotlin.reflect.jvm.internal.impl.descriptors.runtime.components.RuntimeSourceElementFactory: loaded 2 times (x 76B)
Class build_chzb4lao361kydy19dek8nrgq$_run_closure1$_closure3                         : loaded 2 times (x 140B)
Class com.google.common.collect.HashMultimapGwtSerializationDependencies              : loaded 2 times (x 175B)
Class com.google.common.collect.AbstractMapBasedMultimap$KeySet$1                     : loaded 2 times (x 84B)
Class [Lorg.jetbrains.kotlin.gradle.plugin.HasKotlinDependencies;                     : loaded 2 times (x 71B)
Class org.jetbrains.kotlin.gradle.plugin.mpp.compilationImpl.factory.KotlinCompilationImplFactory$PostConfigure$Companion: loaded 2 times (x 73B)
Class org.jetbrains.kotlin.gradle.tasks.CompileUsingKotlinDaemonWithNormalization     : loaded 2 times (x 72B)
Class org.objectweb.asm.ClassWriter                                                   : loaded 2 times (x 107B)
Class org.jetbrains.kotlin.gradle.tasks.DefaultKotlinJavaToolchain$Companion$wireJvmTargetToToolchain$1: loaded 2 times (x 77B)
Class org.jetbrains.kotlin.gradle.plugin.KotlinPlatformType                           : loaded 2 times (x 84B)
Class org.jetbrains.kotlin.gradle.plugin.KotlinGradleBuildServices$Companion          : loaded 2 times (x 73B)
Class org.jetbrains.kotlin.gradle.internal.properties.PropertiesBuildServiceKt        : loaded 2 times (x 73B)
Class com.google.common.cache.CacheLoader$UnsupportedLoadingOperationException        : loaded 2 times (x 84B)
Class org.gradle.internal.classloader.ClasspathUtil$1                                 : loaded 2 times (x 78B)
Class com.android.tools.analytics.JournalingUsageTracker$State                        : loaded 2 times (x 81B)
Class com.google.gson.TypeAdapter                                                     : loaded 2 times (x 75B)
Class groovyjarjarasm.asm.ClassVisitor                                                : loaded 2 times (x 90B)
Class groovy.lang.MetaClassImpl$MethodIndexAction                                     : loaded 2 times (x 77B)
Class org.codehaus.groovy.runtime.GroovyCategorySupport$CategoryMethod                : loaded 2 times (x 105B)
Class org.codehaus.groovy.runtime.dgmimpl.arrays.DoubleArrayPutAtMetaMethod           : loaded 2 times (x 99B)
Class com.google.protobuf.Utf8$UnpairedSurrogateException                             : loaded 2 times (x 84B)
Class com.google.common.cache.LocalCache$Strength$1                                   : loaded 2 times (x 83B)
Class org.jetbrains.kotlin.gradle.plugin.mpp.AbstractKotlinTarget                     : loaded 2 times (x 149B)
Class org.jetbrains.kotlin.gradle.internal.properties.NativePropertiesLoader$kotlinNativeVersion$1: loaded 2 times (x 77B)
Class it.unimi.dsi.fastutil.objects.ObjectOpenHashSet                                 : loaded 2 times (x 189B)
Class kotlin.coroutines.ContinuationKt                                                : loaded 2 times (x 73B)
Class kotlin.concurrent.atomics.AtomicsKt__Atomics_jvmKt                              : loaded 2 times (x 73B)
Class kotlinx.coroutines.JobSupport                                                   : loaded 2 times (x 134B)
Class com.android.tools.lint.model.LintModelDependencyGraph                           : loaded 2 times (x 72B)
Class org.jetbrains.kotlin.gradle.dsl.KotlinSingleTargetExtension                     : loaded 2 times (x 132B)
Class org.jetbrains.kotlin.gradle.targets.android.internal.InternalKotlinTargetPreset : loaded 2 times (x 72B)
Class kotlin.reflect.jvm.internal.impl.load.java.SpecialGenericSignatures$TypeSafeBarrierDescription$MAP_GET_OR_DEFAULT: loaded 2 times (x 81B)
Class kotlin.reflect.jvm.internal.impl.descriptors.runtime.structure.ReflectJavaType  : loaded 2 times (x 86B)
Class kotlin.reflect.jvm.internal.impl.descriptors.ParameterDescriptor                : loaded 2 times (x 72B)
Class kotlin.reflect.jvm.internal.impl.serialization.deserialization.ContractDeserializer: loaded 2 times (x 72B)
Class kotlin.reflect.jvm.internal.WeakClassLoaderBox                                  : loaded 2 times (x 74B)
Class org.jetbrains.kotlin.gradle.plugin.diagnostics.DiagnosticGroup$KotlinDiagnosticGroup: loaded 2 times (x 83B)
Class com.google.common.collect.FluentIterable$1                                      : loaded 2 times (x 83B)
Class com.google.common.base.Objects                                                  : loaded 2 times (x 73B)
Class org.jetbrains.kotlin.gradle.plugin.diagnostics.ToolingDiagnosticRenderingOptions$Companion: loaded 2 times (x 73B)
Class org.jetbrains.kotlin.gradle.dsl.KotlinJvmCompilerOptionsHelper                  : loaded 2 times (x 73B)
Class com.google.common.collect.AbstractMapBasedMultimap$Itr                          : loaded 2 times (x 85B)
Class org.objectweb.asm.FieldVisitor                                                  : loaded 2 times (x 79B)
Class org.jetbrains.kotlin.gradle.tasks.DefaultKotlinJavaToolchain$Companion$wireJvmTargetToToolchain$2: loaded 2 times (x 77B)
Class org.jetbrains.kotlin.gradle.plugin.ProjectLocalConfigurations$ProjectLocalDisambiguation: loaded 2 times (x 78B)
Class org.jetbrains.kotlin.gradle.internal.properties.PropertiesBuildService$NullableStringGradleProperty: loaded 2 times (x 78B)
Class org.jetbrains.kotlin.gradle.targets.native.KonanPropertiesBuildService          : loaded 2 times (x 78B)
Class org.jetbrains.kotlin.gradle.plugin.KotlinGradleBuildServices$detectKotlinPluginLoadedInMultipleProjects$onRegister$1$1: loaded 2 times (x 77B)
Class org.jetbrains.kotlin.gradle.internal.properties.PropertiesBuildService$Inject_  : loaded 2 times (x 98B)
Class org.jetbrains.kotlin.gradle.plugin.internal.ConfigurationCacheStartParameterAccessor$Factory: loaded 2 times (x 72B)
Class org.gradle.api.internal.classpath.DefaultModuleRegistry$DefaultModule           : loaded 2 times (x 88B)
Class com.google.protobuf.CodedInputStream$IterableDirectByteBufferDecoder            : loaded 2 times (x 121B)
Class com.google.protobuf.Internal$DoubleList                                         : loaded 2 times (x 72B)
Class org.codehaus.groovy.classgen.BytecodeExpression                                 : loaded 2 times (x 130B)
Class groovy.lang.Reference                                                           : loaded 2 times (x 88B)
Class org.codehaus.groovy.ast.PropertyNode                                            : loaded 2 times (x 156B)
Class org.apache.groovy.io.StringBuilderWriter                                        : loaded 2 times (x 102B)
Class org.codehaus.groovy.reflection.stdclasses.ObjectCachedClass                     : loaded 2 times (x 97B)
Class org.codehaus.groovy.ast.GroovyCodeVisitor                                       : loaded 2 times (x 72B)
Class kotlin.reflect.jvm.internal.ClassValueCache                                     : loaded 2 times (x 76B)
Class kotlin.ResultKt                                                                 : loaded 2 times (x 73B)
Class org.objectweb.asm.ModuleVisitor                                                 : loaded 2 times (x 83B)
Class org.jetbrains.kotlin.name.ClassId                                               : loaded 2 times (x 74B)
Class com.android.tools.lint.model.DefaultLintModelDependencies                       : loaded 2 times (x 80B)
Class com.android.ide.common.repository.AgpVersion                                    : loaded 2 times (x 77B)
Class kotlin.reflect.jvm.internal.impl.descriptors.impl.PropertyGetterDescriptorImpl  : loaded 2 times (x 193B)
Class kotlin.reflect.jvm.internal.impl.types.TypeSubstitutor                          : loaded 2 times (x 81B)
Class kotlin.reflect.jvm.internal.impl.resolve.scopes.receivers.ImplicitReceiver      : loaded 2 times (x 72B)
Class kotlin.reflect.jvm.internal.impl.protobuf.SmallSortedMap$EntryIterator          : loaded 2 times (x 85B)
Class kotlin.reflect.jvm.internal.impl.serialization.deserialization.ProtoEnumFlags   : loaded 2 times (x 73B)
Class kotlin.reflect.jvm.internal.impl.descriptors.runtime.components.ReflectAnnotationSource: loaded 2 times (x 77B)
Class kotlin.reflect.jvm.internal.impl.storage.LockBasedStorageManager$KeyWithComputation: loaded 2 times (x 74B)
Class kotlin.reflect.jvm.internal.impl.metadata.ProtoBuf$Property                     : loaded 2 times (x 103B)
Class kotlin.reflect.jvm.internal.impl.descriptors.SupertypeLoopChecker$EMPTY         : loaded 2 times (x 76B)
Class com.google.common.collect.FluentIterable$2                                      : loaded 2 times (x 83B)
Class com.google.common.base.Absent                                                   : loaded 2 times (x 82B)
Class com.google.common.collect.NullsFirstOrdering                                    : loaded 2 times (x 117B)
Class org.jetbrains.kotlin.gradle.plugin.mpp.compilationImpl.KotlinCompilationSourceSetInclusion$DefaultAddSourcesToCompileTask$addSources$1: loaded 2 times (x 81B)
Class org.jetbrains.kotlin.tooling.core.ExtrasUtilsKt                                 : loaded 2 times (x 73B)
Class org.jetbrains.kotlin.buildtools.api.ExperimentalBuildToolsApi                   : loaded 2 times (x 72B)
Class org.jetbrains.kotlin.gradle.targets.native.KonanPropertiesBuildService$Companion$registerIfAbsent$2$1$1: loaded 2 times (x 77B)
Class org.jetbrains.kotlin.gradle.utils.ResourceUtilsKt                               : loaded 2 times (x 73B)
Class org.jetbrains.kotlin.gradle.plugin.KotlinPluginWrapperKt$kotlinPluginVersionFromResources$1: loaded 2 times (x 80B)
Class com.google.common.collect.AbstractIterator                                      : loaded 2 times (x 84B)
Class org.jetbrains.kotlin.gradle.tasks.KotlinCompile$ScriptFilterSpec                : loaded 2 times (x 77B)
Class org.codehaus.groovy.ast.tools.GeneralUtils                                      : loaded 2 times (x 73B)
Class org.codehaus.groovy.runtime.dgmimpl.arrays.BooleanArrayGetAtMetaMethod          : loaded 2 times (x 99B)
Class kotlin.reflect.jvm.internal.impl.types.KotlinType                               : loaded 2 times (x 83B)
Class kotlin.reflect.jvm.internal.impl.load.java.lazy.TypeParameterResolver$EMPTY     : loaded 2 times (x 76B)
Class kotlin.reflect.jvm.internal.impl.types.TypeSubstitution$Companion               : loaded 2 times (x 73B)
Class com.android.utils.SdkUtils                                                      : loaded 2 times (x 73B)
Class kotlin.reflect.jvm.internal.KProperty2Impl                                      : loaded 2 times (x 130B)
Class kotlin.Result$Failure                                                           : loaded 2 times (x 74B)
Class kotlinx.coroutines.ExecutorCoroutineDispatcher                                  : loaded 2 times (x 110B)
Class kotlin.reflect.jvm.internal.impl.descriptors.PackageViewDescriptor              : loaded 2 times (x 72B)
Class [Lkotlin.reflect.jvm.internal.impl.descriptors.ClassKind;                       : loaded 2 times (x 71B)
Class kotlin.reflect.jvm.internal.impl.metadata.ProtoBuf$Visibility                   : loaded 2 times (x 84B)
Class kotlin.reflect.jvm.internal.impl.builtins.jvm.JvmBuiltInClassDescriptorFactory  : loaded 2 times (x 79B)
Class kotlin.reflect.jvm.internal.impl.metadata.ProtoBuf$ConstructorOrBuilder         : loaded 2 times (x 72B)
Class kotlin.reflect.jvm.internal.impl.types.TypeSubstitution                         : loaded 2 times (x 79B)
Class kotlin.reflect.jvm.internal.impl.load.java.typeEnhancement.SignatureEnhancement : loaded 2 times (x 74B)
Class kotlin.reflect.jvm.internal.impl.load.java.NullabilityAnnotationStatesImpl      : loaded 2 times (x 77B)
Class com.google.common.collect.FluentIterable$3                                      : loaded 2 times (x 83B)
Class org.jetbrains.kotlin.gradle.tasks.UsesKotlinJavaToolchain$DefaultImpls          : loaded 2 times (x 73B)
Class org.jetbrains.kotlin.build.report.metrics.BuildAttributeKind$Companion          : loaded 2 times (x 73B)
Class org.jetbrains.kotlin.gradle.plugin.mpp.compilationImpl.KotlinCompilationSourceSetInclusion$DefaultAddSourcesToCompileTask$addSources$2: loaded 2 times (x 81B)
Class org.jetbrains.kotlin.gradle.plugin.KotlinCompilationOutput                      : loaded 2 times (x 72B)
Class org.jetbrains.kotlin.gradle.tasks.AbstractKotlinCompile                         : loaded 2 times (x 461B)
Class com.google.common.collect.Multiset                                              : loaded 2 times (x 72B)
Class com.google.common.collect.ArrayListMultimapGwtSerializationDependencies         : loaded 2 times (x 173B)
Class org.jetbrains.kotlin.gradle.targets.native.KonanPropertiesBuildService$Parameters_Decorated: loaded 2 times (x 132B)
Class org.jetbrains.kotlin.gradle.plugin.KotlinPluginWrapperKt$kotlinPluginVersionFromResources$1$1: loaded 2 times (x 73B)
Class com.google.protobuf.ByteString$ArraysByteArrayCopier                            : loaded 2 times (x 76B)
Class kotlin.jvm.internal.MutablePropertyReference0Impl                               : loaded 2 times (x 139B)
Class com.google.protobuf.Internal$ProtobufList                                       : loaded 2 times (x 72B)
Class groovy.lang.GeneratedGroovyProxy                                                : loaded 2 times (x 72B)
Class groovy.lang.ClosureInvokingMethod                                               : loaded 2 times (x 72B)
Class org.codehaus.groovy.reflection.CachedConstructor                                : loaded 2 times (x 90B)
Class org.codehaus.groovy.runtime.dgmimpl.arrays.ByteArrayPutAtMetaMethod             : loaded 2 times (x 99B)
Class org.codehaus.groovy.util.ReferenceType$HardRef                                  : loaded 2 times (x 82B)
Class com.android.utils.PositionXmlParser$AbstractParserPool                          : loaded 2 times (x 72B)
Class [Lkotlin.reflect.jvm.internal.impl.descriptors.deserialization.ClassDescriptorFactory;: loaded 2 times (x 71B)
Class it.unimi.dsi.fastutil.ints.IntArrays$ForkJoinQuickSort2                         : loaded 2 times (x 97B)
Class it.unimi.dsi.fastutil.objects.ObjectBidirectionalIterator                       : loaded 2 times (x 72B)
Class org.jetbrains.kotlin.config.LanguageFeatureBehaviorAfterSinceVersion$CanStillBeDisabledForNow: loaded 2 times (x 74B)
Class kotlin.reflect.jvm.internal.impl.load.java.lazy.descriptors.LazyJavaStaticScope : loaded 2 times (x 106B)
Class kotlin.reflect.jvm.internal.impl.load.java.lazy.descriptors.LazyJavaPackageScope: loaded 2 times (x 106B)
Class kotlinx.coroutines.Job                                                          : loaded 2 times (x 72B)
Class com.android.tools.lint.model.DefaultLintModelVariant$artifact$2                 : loaded 2 times (x 81B)
Class [Lkotlin.reflect.jvm.internal.impl.metadata.jvm.JvmProtoBuf$StringTableTypes$Record$Operation;: loaded 2 times (x 71B)
Class com.android.tools.lint.model.LintModelMavenName$Companion                       : loaded 2 times (x 73B)
Class kotlin.reflect.jvm.internal.impl.resolve.scopes.DescriptorKindFilter            : loaded 2 times (x 74B)
Class kotlin.reflect.jvm.internal.impl.metadata.jvm.JvmProtoBuf$StringTableTypes$Record: loaded 2 times (x 98B)
Class kotlin.reflect.jvm.internal.impl.metadata.ProtoBuf$Annotation$Argument$Value$Type: loaded 2 times (x 84B)
Class kotlin.reflect.jvm.internal.impl.types.ClassTypeConstructorImpl                 : loaded 2 times (x 99B)
Class org.jetbrains.kotlin.tooling.core.Extras$Entry                                  : loaded 2 times (x 74B)
Class org.jetbrains.kotlin.gradle.plugin.sources.InternalKotlinSourceSetKt            : loaded 2 times (x 73B)
Class org.jetbrains.kotlin.gradle.dsl.KotlinJvmCompilerOptionsDefault_Decorated       : loaded 2 times (x 165B)
Class org.jetbrains.kotlin.gradle.internal.ClassLoadersCachingBuildService$Parameters_Decorated: loaded 2 times (x 132B)
Class org.jetbrains.kotlin.gradle.targets.native.toolchain.KotlinNativeBundleBuildService$Companion: loaded 2 times (x 73B)
Class org.jetbrains.kotlin.gradle.plugin.StatisticsBuildFlowManager$subscribeForBuildResultAndConfigurationTimeMetrics$1: loaded 2 times (x 77B)
Class org.jetbrains.kotlin.gradle.plugin.statistics.MetricContainer                   : loaded 2 times (x 74B)
Class org.jetbrains.kotlin.gradle.plugin.statistics.old.Pre232IdeaKotlinBuildStatsMXBean: loaded 2 times (x 72B)
Class org.jetbrains.kotlin.gradle.plugin.statistics.KotlinBuildStatsServicesRegistry  : loaded 2 times (x 80B)
Class org.jetbrains.kotlin.gradle.plugin.BuildEventsListenerRegistryHolder_Decorated  : loaded 2 times (x 117B)
Class org.jetbrains.kotlin.gradle.plugin.VariantImplementationFactoriesConfigurator   : loaded 2 times (x 78B)
Class org.jetbrains.kotlin.gradle.plugin.HasKotlinDependencies                        : loaded 2 times (x 72B)
Class org.jetbrains.kotlin.gradle.internal.Kapt3GradleSubplugin$Kapt3SubpluginContext : loaded 2 times (x 74B)
Class org.gradle.api.internal.classpath.Module                                        : loaded 2 times (x 72B)
Class kotlin.reflect.jvm.internal.impl.metadata.ProtoBuf$Annotation$ArgumentOrBuilder : loaded 2 times (x 72B)
Class com.google.protobuf.ByteString$BoundedByteString                                : loaded 2 times (x 108B)
Class com.google.wireless.android.sdk.stats.GarbageCollectionStats                    : loaded 2 times (x 202B)
Class kotlin.sequences.DropSequence$iterator$1                                        : loaded 2 times (x 81B)
Class com.google.protobuf.ExtensionRegistry$ExtensionInfo                             : loaded 2 times (x 74B)
Class org.codehaus.groovy.runtime.GroovyCategorySupport$MyThreadLocal                 : loaded 2 times (x 87B)
Class it.unimi.dsi.fastutil.objects.ObjectOpenHashSet$SetIterator                     : loaded 2 times (x 84B)
Class groovy.lang.TrampolineClosure                                                   : loaded 2 times (x 134B)
Class org.codehaus.groovy.runtime.memoize.MemoizeCache                                : loaded 2 times (x 72B)
Class kotlin.reflect.jvm.internal.impl.serialization.deserialization.ProtoBasedClassDataFinder: loaded 2 times (x 77B)
Class com.android.utils.PositionXmlParser$ReleasableParserContainer                   : loaded 2 times (x 78B)
Class it.unimi.dsi.fastutil.ints.IntOpenHashSet                                       : loaded 2 times (x 241B)
Class kotlin.reflect.jvm.internal.KClassImpl$Data$$Lambda$0                           : loaded 2 times (x 78B)
Class kotlin.reflect.jvm.internal.impl.descriptors.impl.FunctionDescriptorImpl$CopyConfiguration: loaded 2 times (x 139B)
Class kotlin.reflect.jvm.internal.impl.load.java.descriptors.JavaMethodDescriptor     : loaded 2 times (x 208B)
Class kotlinx.coroutines.internal.DispatchedContinuationKt                            : loaded 2 times (x 73B)
Class kotlin.reflect.jvm.internal.calls.CallerImpl$Constructor                        : loaded 2 times (x 83B)
Class kotlin.collections.CharIterator                                                 : loaded 2 times (x 84B)
Class org.jetbrains.kotlin.cli.common.arguments.Disables$Container                    : loaded 2 times (x 72B)
Class kotlin.reflect.jvm.internal.impl.resolve.OverridingStrategy                     : loaded 2 times (x 77B)
Class kotlin.reflect.jvm.internal.impl.metadata.ProtoBuf$QualifiedNameTable$1         : loaded 2 times (x 89B)
Class kotlin.reflect.jvm.internal.impl.protobuf.RopeByteString                        : loaded 2 times (x 101B)
Class kotlin.reflect.jvm.internal.impl.incremental.UtilsKt                            : loaded 2 times (x 73B)
Class kotlin.reflect.jvm.internal.impl.metadata.jvm.JvmProtoBuf$JvmMethodSignatureOrBuilder: loaded 2 times (x 72B)
Class kotlin.reflect.jvm.internal.impl.resolve.sam.SamConversionResolver              : loaded 2 times (x 72B)
Class kotlin.reflect.jvm.internal.impl.builtins.jvm.JvmBuiltIns                       : loaded 2 times (x 115B)
Class org.jetbrains.kotlin.gradle.tasks.DefaultKotlinJavaToolchain$getToolsJarFromJvm$1$1: loaded 2 times (x 81B)
Class org.jetbrains.kotlin.gradle.tasks.KotlinCompile$ClasspathSnapshotProperties_Decorated: loaded 2 times (x 131B)
Class org.jetbrains.kotlin.gradle.plugin.mpp.compilationImpl.KotlinCompilationSourceSetInclusion$Companion$includedSourceSets$2: loaded 2 times (x 80B)
Class org.jetbrains.kotlin.gradle.plugin.KotlinGradleFinishBuildHandler$Companion     : loaded 2 times (x 73B)
Class org.jetbrains.kotlin.gradle.internal.IsInIdeaSyncValueSource                    : loaded 2 times (x 80B)
Class com.google.common.cache.Weigher                                                 : loaded 2 times (x 72B)
Class org.gradle.api.internal.classpath.UnknownModuleException                        : loaded 2 times (x 84B)
Class androidx.lifecycle.lint.LiveDataCoreIssueRegistry                               : loaded 2 times (x 84B)
Class com.google.gson.stream.JsonReader$1                                             : loaded 2 times (x 74B)
Class [Lorg.codehaus.groovy.ast.NodeMetaDataHandler;                                  : loaded 2 times (x 71B)
Class org.codehaus.groovy.runtime.dgmimpl.arrays.IntegerArrayPutAtMetaMethod          : loaded 2 times (x 99B)
Class org.codehaus.groovy.ast.expr.ListExpression                                     : loaded 2 times (x 134B)
Class [Lorg.codehaus.groovy.reflection.CachedClass;                                   : loaded 2 times (x 71B)
Class org.codehaus.groovy.util.LazyReference                                          : loaded 2 times (x 83B)
Class kotlin.sequences.DistinctIterator                                               : loaded 2 times (x 85B)
Class kotlin.reflect.jvm.internal.KClassImpl$Data$$Lambda$1                           : loaded 2 times (x 78B)
Class kotlin.reflect.jvm.internal.impl.name.FqNameUnsafe$Companion                    : loaded 2 times (x 73B)
Class it.unimi.dsi.fastutil.longs.LongIterable                                        : loaded 2 times (x 72B)
Class kotlinx.coroutines.internal.LockFreeTaskQueueCore                               : loaded 2 times (x 74B)
Class groovy.lang.MetaClassImpl$5                                                     : loaded 2 times (x 79B)
Class com.android.prefs.VariableValue                                                 : loaded 2 times (x 84B)
Class com.android.prefs.AbstractAndroidLocations$Companion                            : loaded 2 times (x 73B)
Class com.android.tools.analytics.AnalyticsSettingsData                               : loaded 2 times (x 74B)
Class kotlin.reflect.jvm.internal.KPropertyImplKt                                     : loaded 2 times (x 73B)
Class kotlin.reflect.jvm.internal.impl.protobuf.CodedOutputStream$OutOfSpaceException : loaded 2 times (x 84B)
Class kotlin.reflect.jvm.internal.impl.load.kotlin.KotlinJvmBinaryClass$AnnotationVisitor: loaded 2 times (x 72B)
Class kotlin.reflect.jvm.internal.impl.protobuf.SmallSortedMap$EmptySet$1             : loaded 2 times (x 80B)
Class kotlin.reflect.jvm.internal.impl.protobuf.FieldSet                              : loaded 2 times (x 74B)
Class kotlin.reflect.jvm.internal.impl.descriptors.ConstructorDescriptor              : loaded 2 times (x 72B)
Class kotlin.reflect.jvm.internal.impl.storage.LockBasedStorageManager$ExceptionHandlingStrategy$1: loaded 2 times (x 76B)
Class org.jetbrains.kotlin.gradle.plugin.mpp.compilationImpl.KotlinCompilationRegisterInSourceSetsConfigurator$configure$1: loaded 2 times (x 81B)
Class org.jetbrains.kotlin.gradle.plugin.mpp.KotlinUsageContext                       : loaded 2 times (x 72B)
Class org.jetbrains.kotlin.gradle.utils.ConfigurationsKt                              : loaded 2 times (x 73B)
Class org.jetbrains.kotlin.gradle.plugin.StatisticsBuildFlowManager                   : loaded 2 times (x 74B)
Class org.jetbrains.kotlin.gradle.plugin.statistics.BuildFusService$Parameters        : loaded 2 times (x 72B)
Class org.jetbrains.kotlin.gradle.plugin.diagnostics.DefaultProblemsReporter$Factory  : loaded 2 times (x 78B)
Class com.google.common.base.Stopwatch                                                : loaded 2 times (x 74B)
Class com.google.common.cache.LocalCache$Strength                                     : loaded 2 times (x 83B)
Class com.google.common.cache.Cache                                                   : loaded 2 times (x 72B)
Class com.android.ide.common.rendering.api.ResourceNamespace$ResAutoNamespace         : loaded 2 times (x 82B)
Class com.google.protobuf.CodedOutputStream$ByteOutputEncoder                         : loaded 2 times (x 112B)
Class com.android.tools.analytics.AnonymousUsageTrackerWriter$Companion               : loaded 2 times (x 73B)
Class org.codehaus.groovy.runtime.dgmimpl.arrays.ObjectArrayPutAtMetaMethod           : loaded 2 times (x 99B)
Class com.google.common.hash.Hasher                                                   : loaded 2 times (x 72B)
Class org.codehaus.groovy.runtime.MethodClosure                                       : loaded 2 times (x 136B)
Class org.codehaus.groovy.ast.ASTNode                                                 : loaded 2 times (x 106B)
Class org.codehaus.groovy.reflection.GroovyClassValue$ComputeValue                    : loaded 2 times (x 72B)
Class kotlin.reflect.jvm.internal.KPackageImpl$$Lambda$0                              : loaded 2 times (x 78B)
Class com.google.protobuf.UnsafeUtil$Android64MemoryAccessor                          : loaded 2 times (x 93B)
Class com.google.common.io.Files$2                                                    : loaded 2 times (x 78B)
Class kotlin.reflect.jvm.internal.KClassImpl$Data$$Lambda$2                           : loaded 2 times (x 78B)
Class kotlin.coroutines.CombinedContext                                               : loaded 2 times (x 80B)
Class com.android.tools.lint.model.LintModelAndroidArtifact                           : loaded 2 times (x 72B)
Class [Lcom.android.tools.lint.model.LintModelSerialization$TargetFile;               : loaded 2 times (x 71B)
Class org.gradle.internal.service.UnknownServiceException                             : loaded 2 times (x 85B)
Class com.google.common.cache.LocalCache$LocalLoadingCache                            : loaded 2 times (x 136B)
Class kotlin.reflect.KProperty1$Getter                                                : loaded 2 times (x 72B)
Class kotlin.reflect.jvm.internal.impl.types.AbstractTypeChecker                      : loaded 2 times (x 73B)
Class [Lkotlin.reflect.jvm.internal.impl.descriptors.DeclarationDescriptorNonRoot;    : loaded 2 times (x 71B)
Class kotlin.reflect.jvm.internal.impl.storage.SingleThreadValue                      : loaded 2 times (x 76B)
Class kotlin.reflect.jvm.internal.impl.serialization.deserialization.descriptors.NonEmptyDeserializedAnnotations: loaded 2 times (x 91B)
Class kotlin.reflect.jvm.internal.impl.serialization.deserialization.ProtoEnumFlags$WhenMappings: loaded 2 times (x 73B)
Class kotlin.reflect.jvm.internal.impl.metadata.ProtoBuf$PackageOrBuilder             : loaded 2 times (x 72B)
Class kotlin.reflect.jvm.internal.impl.protobuf.SmallSortedMap$EmptySet$2             : loaded 2 times (x 80B)
Class kotlin.reflect.jvm.internal.impl.descriptors.ClassifierDescriptorWithTypeParameters: loaded 2 times (x 72B)
Class com.google.common.io.AppendableWriter                                           : loaded 2 times (x 101B)
Class org.jetbrains.kotlin.gradle.targets.js.dsl.KotlinTargetWithNodeJsDsl            : loaded 2 times (x 72B)
Class org.jetbrains.kotlin.gradle.plugin.sources.DefaultKotlinSourceSetKt$defaultSourceSetLanguageSettingsChecker$1: loaded 2 times (x 80B)
Class org.jetbrains.kotlin.gradle.plugin.sources.InternalKotlinSourceSet              : loaded 2 times (x 72B)
Class com.google.common.collect.AbstractMultimap$Entries                              : loaded 2 times (x 122B)
Class org.jetbrains.kotlin.gradle.dsl.KotlinGradlePluginPublicDsl                     : loaded 2 times (x 72B)
Class org.jetbrains.kotlin.gradle.internal.properties.NativeProperties                : loaded 2 times (x 72B)
Class org.jetbrains.kotlin.gradle.fus.internal.SynchronizedConfigurationMetrics       : loaded 2 times (x 74B)
Class org.jetbrains.kotlin.statistics.BuildSessionLogger                              : loaded 2 times (x 79B)
Class org.jetbrains.kotlin.gradle.plugin.internal.ConfigurationCacheStartParameterAccessor: loaded 2 times (x 72B)
Class org.jetbrains.kotlin.gradle.internal.diagnostics.GradleCompatibilityCheck$DefaultCurrentGradleVersionProvider: loaded 2 times (x 76B)
Class org.jetbrains.kotlin.gradle.dsl.KotlinBaseExtension                             : loaded 2 times (x 72B)
Class com.google.common.util.concurrent.AbstractFuture$Cancellation                   : loaded 2 times (x 74B)
Class com.google.wireless.android.sdk.stats.GarbageCollectionStats$Builder            : loaded 2 times (x 302B)
Class org.codehaus.groovy.ast.expr.DeclarationExpression                              : loaded 2 times (x 139B)
Class org.jetbrains.kotlin.gradle.internal.properties.PropertiesBuildService$NullableBooleanGradleProperty: loaded 2 times (x 78B)
Class org.jetbrains.kotlin.gradle.plugin.statistics.FlowActionBuildFusService         : loaded 2 times (x 86B)
Class kotlin.reflect.jvm.internal.KClassImpl$Data$$Lambda$3                           : loaded 2 times (x 78B)
Class [Lorg.objectweb.asm.AnnotationVisitor;                                          : loaded 2 times (x 71B)
Class [Lorg.jetbrains.kotlin.konan.target.Family;                                     : loaded 2 times (x 71B)
Class org.jetbrains.kotlin.incremental.IncrementalModuleInfo                          : loaded 2 times (x 74B)
Class kotlin.reflect.jvm.internal.impl.load.java.typeEnhancement.JavaTypeQualifiers$Companion: loaded 2 times (x 73B)
Class kotlin.reflect.jvm.internal.impl.load.java.typeEnhancement.JavaTypeQualifiers   : loaded 2 times (x 74B)
Class kotlin.reflect.jvm.internal.KFunctionImpl                                       : loaded 2 times (x 188B)
Class [Lkotlin.reflect.jvm.internal.KDeclarationContainerImpl$MemberBelonginess;      : loaded 2 times (x 71B)
Class kotlin.reflect.jvm.internal.impl.metadata.deserialization.Flags                 : loaded 2 times (x 73B)
Class kotlin.reflect.jvm.internal.impl.metadata.ProtoBuf$TypeParameter                : loaded 2 times (x 103B)
Class kotlin.reflect.jvm.internal.impl.metadata.ProtoBuf$Annotation                   : loaded 2 times (x 98B)
Class [Lkotlin.reflect.jvm.internal.impl.descriptors.DescriptorVisibility;            : loaded 2 times (x 71B)
Class kotlin.reflect.jvm.internal.impl.descriptors.VariableDescriptor                 : loaded 2 times (x 72B)
Class kotlin.reflect.jvm.internal.impl.descriptors.PackageFragmentProvider            : loaded 2 times (x 72B)
Class kotlin.reflect.jvm.internal.impl.load.java.JavaNullabilityAnnotationsStatus     : loaded 2 times (x 74B)
Class com.google.common.base.Present                                                  : loaded 2 times (x 83B)
Class com.google.common.collect.AbstractMapBasedMultimap$WrappedCollection$WrappedIterator: loaded 2 times (x 86B)
Class org.jetbrains.kotlin.gradle.targets.js.dsl.KotlinWasmTargetDsl                  : loaded 2 times (x 72B)
Class org.jetbrains.kotlin.gradle.plugin.sources.ConsistencyCheck                     : loaded 2 times (x 74B)
Class org.jetbrains.kotlin.gradle.plugin.sources.DefaultKotlinSourceSetKt$defaultSourceSetLanguageSettingsChecker$2: loaded 2 times (x 80B)
Class org.jetbrains.kotlin.gradle.dsl.KotlinCommonToolOptions                         : loaded 2 times (x 72B)
Class org.jetbrains.kotlin.gradle.plugin.diagnostics.KotlinToolingDiagnosticsCollectorKt$kotlinToolingDiagnosticsCollectorProvider$1$execute$$inlined$variantImplementationFactoryProvider$1: loaded 2 times (x 76B)
Class org.jetbrains.kotlin.gradle.plugin.internal.BuildIdService$Companion$registerIfAbsent$1$1: loaded 2 times (x 77B)
Class org.jetbrains.kotlin.gradle.tasks.DefaultKotlinJavaToolchain$Companion$wireJvmTargetToJvm$1: loaded 2 times (x 77B)
Class org.jetbrains.kotlin.gradle.plugin.statistics.FlowActionBuildFusService$Inject_ : loaded 2 times (x 106B)
Class org.jetbrains.kotlin.gradle.plugin.BuildFinishAndConfigurationTimeMetricsFlowAction: loaded 2 times (x 76B)
Class org.jetbrains.kotlin.gradle.plugin.PropertiesProvider$booleanProvider$1         : loaded 2 times (x 76B)
Class com.google.common.cache.RemovalListener                                         : loaded 2 times (x 72B)
Class org.gradle.api.internal.DefaultClassPathRegistry                                : loaded 2 times (x 78B)
Class org.jetbrains.kotlin.load.java.JvmAbi                                           : loaded 2 times (x 73B)
Class com.android.tools.analytics.AnalyticsSettings$optedIn$1                         : loaded 2 times (x 80B)
Class org.jetbrains.kotlin.gradle.tasks.CacheableTasksKt                              : loaded 2 times (x 73B)
Class [Lorg.codehaus.groovy.ast.ClassNode;                                            : loaded 2 times (x 71B)
Class org.codehaus.groovy.control.CompilationUnit                                     : loaded 2 times (x 125B)
Class org.codehaus.groovy.ast.GenericsType                                            : loaded 2 times (x 119B)
Class org.codehaus.groovy.runtime.powerassert.PowerAssertionError                     : loaded 2 times (x 84B)
Class groovy.lang.MetaClassRegistryChangeEventListener                                : loaded 2 times (x 72B)
Class org.codehaus.groovy.util.ManagedConcurrentLinkedQueue                           : loaded 2 times (x 86B)
Class org.jetbrains.kotlin.gradle.tasks.KotlinJvmCompile$DefaultImpls                 : loaded 2 times (x 73B)
Class kotlin.reflect.jvm.internal.KClassImpl$Data$$Lambda$4                           : loaded 2 times (x 78B)
Class org.jetbrains.kotlin.gradle.plugin.statistics.ExecutedTaskMetrics               : loaded 2 times (x 73B)
Class kotlin.reflect.jvm.internal.impl.descriptors.runtime.components.ReflectJavaClassFinder: loaded 2 times (x 79B)
Class kotlin.reflect.jvm.internal.impl.builtins.KotlinBuiltIns                        : loaded 2 times (x 115B)
Class kotlin.reflect.jvm.internal.impl.serialization.SerializerExtensionProtocol      : loaded 2 times (x 74B)
Class kotlin.reflect.jvm.internal.impl.load.java.structure.LightClassOriginKind       : loaded 2 times (x 81B)
Class kotlin.reflect.jvm.internal.impl.types.model.TypeSystemCommonSuperTypesContext  : loaded 2 times (x 72B)
Class kotlin.reflect.jvm.internal.impl.load.java.SpecialGenericSignatures$TypeSafeBarrierDescription: loaded 2 times (x 81B)
Class com.android.sdklib.AndroidApiLevel                                              : loaded 2 times (x 76B)
Class com.android.tools.lint.model.LintModelLintOptions                               : loaded 2 times (x 72B)
Class com.android.prefs.PathLocator$singlePathOf$values$1                             : loaded 2 times (x 81B)
Class com.android.tools.lint.model.PathVariables$Companion$PATH_COMPARATOR$1          : loaded 2 times (x 80B)
Class kotlin.reflect.jvm.internal.impl.metadata.deserialization.TypeTable             : loaded 2 times (x 74B)
Class kotlin.reflect.jvm.internal.impl.metadata.ProtoBuf$VersionRequirement$VersionKind$1: loaded 2 times (x 76B)
Class kotlin.reflect.jvm.internal.impl.descriptors.runtime.components.ReflectKotlinClass: loaded 2 times (x 81B)
Class [Lkotlin.reflect.jvm.internal.impl.descriptors.PackageFragmentProviderOptimized;: loaded 2 times (x 71B)
Class kotlin.reflect.jvm.internal.impl.metadata.ProtoBuf$ValueParameterOrBuilder      : loaded 2 times (x 72B)
Class kotlin.reflect.jvm.internal.impl.metadata.ProtoBuf$Function                     : loaded 2 times (x 103B)
Class kotlin.reflect.jvm.internal.impl.renderer.RenderingFormat$PLAIN                 : loaded 2 times (x 82B)
Class com.google.common.reflect.Invokable$ConstructorInvokable                        : loaded 2 times (x 109B)
Class com.google.common.collect.ImmutableMultimap$Keys                                : loaded 2 times (x 168B)
Class org.jetbrains.kotlin.gradle.plugin.sources.FragmentConsistencyChecks$unstableFeaturesCheck$1: loaded 2 times (x 81B)
Class org.jetbrains.kotlin.gradle.plugin.sources.DefaultKotlinSourceSet               : loaded 2 times (x 141B)
Class org.jetbrains.kotlin.gradle.plugin.diagnostics.KotlinToolingDiagnosticsCollector$Parameter_Decorated: loaded 2 times (x 132B)
Class org.jetbrains.kotlin.gradle.utils.ConfigurationsKt$sam$org_gradle_api_Action$0  : loaded 2 times (x 77B)
Class org.jetbrains.kotlin.gradle.plugin.statistics.BuildFinishBuildService$Inject_   : loaded 2 times (x 106B)
Class org.jetbrains.kotlin.gradle.plugin.diagnostics.ProblemsReporter                 : loaded 2 times (x 72B)
Class org.jetbrains.kotlin.gradle.plugin.VariantImplementationFactories$Parameters    : loaded 2 times (x 72B)
Class org.jetbrains.kotlin.gradle.plugin.internal.JavaExecTaskParametersCompatibility$Factory: loaded 2 times (x 72B)
Class org.gradle.api.internal.ClassPathRegistry                                       : loaded 2 times (x 72B)
Class org.gradle.internal.classpath.DefaultClassPath$ImmutableUniqueList              : loaded 2 times (x 201B)
Class org.codehaus.groovy.control.CompilationUnit$ClassgenCallback                    : loaded 2 times (x 72B)
Class org.jetbrains.kotlin.cli.common.arguments.Argument                              : loaded 2 times (x 72B)
Class org.jetbrains.kotlin.config.LanguageVersion$Companion                           : loaded 2 times (x 73B)
Class kotlinx.coroutines.ParentJob                                                    : loaded 2 times (x 72B)
Class kotlin.reflect.jvm.internal.KClassImpl$Data$$Lambda$5                           : loaded 2 times (x 78B)
Class kotlin.reflect.jvm.internal.KClassImpl$Companion                                : loaded 2 times (x 73B)
Class kotlin.reflect.jvm.internal.ComputableClassValue                                : loaded 2 times (x 81B)
Class kotlinx.coroutines.DispatchedTaskKt                                             : loaded 2 times (x 73B)
Class kotlinx.coroutines.internal.SystemPropsKt__SystemProps_commonKt                 : loaded 2 times (x 73B)
Class kotlinx.coroutines.ThreadContextElement                                         : loaded 2 times (x 72B)
Class kotlin.jvm.internal.TypeIntrinsics                                              : loaded 2 times (x 73B)
Class com.android.prefs.PathLocator$singlePathOf$values$2                             : loaded 2 times (x 80B)
Class com.android.tools.lint.model.PathVariables$Companion$PATH_COMPARATOR$2          : loaded 2 times (x 80B)
Class kotlinx.coroutines.JobNode                                                      : loaded 2 times (x 88B)
Class org.jetbrains.kotlin.build.report.metrics.INCREMENTAL_COMPILATION_DAEMON        : loaded 2 times (x 74B)
Class kotlin.reflect.jvm.internal.impl.load.java.JvmAbi                               : loaded 2 times (x 73B)
Class kotlin.reflect.jvm.internal.impl.resolve.DescriptorFactory$DefaultClassConstructorDescriptor: loaded 2 times (x 217B)
Class kotlin.reflect.jvm.internal.impl.metadata.ProtoBuf$QualifiedNameTableOrBuilder  : loaded 2 times (x 72B)
Class kotlin.reflect.jvm.internal.impl.resolve.scopes.ChainedMemberScope$Companion    : loaded 2 times (x 73B)
Class kotlin.reflect.jvm.internal.impl.descriptors.impl.SubpackagesScope              : loaded 2 times (x 95B)
Class kotlin.reflect.jvm.internal.impl.protobuf.GeneratedMessageLite$ExtensionDescriptor: loaded 2 times (x 85B)
Class kotlin.reflect.jvm.internal.impl.load.java.lazy.LazyJavaPackageFragmentProvider : loaded 2 times (x 82B)
Class com.google.common.reflect.TypeToken                                             : loaded 2 times (x 75B)
Class com.google.common.collect.NullnessCasts                                         : loaded 2 times (x 73B)
Class com.google.common.base.ExtraObjectsMethodsForWeb                                : loaded 2 times (x 73B)
Class org.jetbrains.kotlin.gradle.utils.ProviderApiUtilsKt$providerWithLazyConvention$1: loaded 2 times (x 76B)
Class org.jetbrains.kotlin.gradle.plugin.KotlinCompilation$DefaultImpls               : loaded 2 times (x 73B)
Class org.jetbrains.kotlin.gradle.plugin.sources.FragmentConsistencyChecks$unstableFeaturesCheck$2: loaded 2 times (x 80B)
Class org.jetbrains.kotlin.konan.target.KonanTarget$Companion$predefinedTargets$2     : loaded 2 times (x 80B)
Class org.jetbrains.kotlin.gradle.dsl.KotlinCommonCompilerOptionsDefault              : loaded 2 times (x 96B)
Class org.jetbrains.kotlin.gradle.dsl.KotlinCommonCompilerToolOptionsDefault          : loaded 2 times (x 86B)
Class org.jetbrains.kotlin.gradle.internal.properties.NativePropertiesLoader$isUseXcodeMessageStyleEnabled$1: loaded 2 times (x 77B)
Class org.jetbrains.kotlin.gradle.internal.ClassLoadersCachingBuildService$Companion$registerIfAbsent$2$1: loaded 2 times (x 81B)
Class org.jetbrains.kotlin.gradle.plugin.statistics.KotlinBuildStatisticsUtilsKt$collectGeneralConfigurationTimeMetrics$statisticOverhead$1$2: loaded 2 times (x 77B)
Class org.jetbrains.kotlin.gradle.plugin.StatisticsBuildFlowManager_Decorated         : loaded 2 times (x 117B)
Class org.jetbrains.kotlin.gradle.report.BuildReportMode$Companion                    : loaded 2 times (x 73B)
Class org.jetbrains.kotlin.gradle.plugin.VariantImplementationFactories$VariantImplementationFactory: loaded 2 times (x 72B)
Class com.google.protobuf.Utf8$UnsafeProcessor                                        : loaded 2 times (x 79B)
Class com.google.protobuf.ByteString$LiteralByteString                                : loaded 2 times (x 108B)
Class com.google.protobuf.UnknownFieldSet$Parser                                      : loaded 2 times (x 152B)
Class com.google.gson.internal.bind.JsonTreeWriter                                    : loaded 2 times (x 100B)
Class org.codehaus.groovy.ast.stmt.IfStatement                                        : loaded 2 times (x 118B)
Class org.codehaus.groovy.runtime.metaclass.ClosureMetaMethod                         : loaded 2 times (x 105B)
Class org.codehaus.groovy.runtime.MethodKey                                           : loaded 2 times (x 81B)
Class org.codehaus.groovy.util.ManagedReference                                       : loaded 2 times (x 78B)
Class kotlin.reflect.jvm.internal.KProperty1Impl$$Lambda$1                            : loaded 2 times (x 78B)
Class kotlin.time.DurationUnit                                                        : loaded 2 times (x 81B)
Class it.unimi.dsi.fastutil.longs.LongCollection                                      : loaded 2 times (x 72B)
Class org.codehaus.groovy.reflection.stdclasses.CachedClosureClass                    : loaded 2 times (x 99B)
Class kotlin.reflect.jvm.internal.KClassImpl$Data$$Lambda$6                           : loaded 2 times (x 78B)
Class org.jetbrains.kotlin.name.FqNameUnsafe$Companion                                : loaded 2 times (x 73B)
Class org.codehaus.groovy.runtime.SocketGroovyMethods                                 : loaded 2 times (x 73B)
Class com.android.tools.lint.model.PathVariables$Companion$PATH_COMPARATOR$3          : loaded 2 times (x 80B)
Class groovy.lang.MetaClassImpl$4                                                     : loaded 2 times (x 79B)
Class kotlin.reflect.jvm.internal.impl.load.java.AnnotationQualifierApplicabilityType : loaded 2 times (x 81B)
Class org.jetbrains.kotlin.cli.common.arguments.K2JVMCompilerArgumentsConfigurator    : loaded 2 times (x 76B)
Class [Lkotlin.reflect.jvm.internal.impl.resolve.ExternalOverridabilityCondition$Result;: loaded 2 times (x 71B)
Class kotlin.reflect.jvm.internal.impl.builtins.jvm.CloneableClassScope               : loaded 2 times (x 96B)
Class kotlin.reflect.jvm.internal.impl.serialization.deserialization.descriptors.DeserializedPackageMemberScope: loaded 2 times (x 105B)
Class kotlin.reflect.jvm.internal.impl.serialization.deserialization.descriptors.DeserializedMemberScope$Implementation: loaded 2 times (x 72B)
Class kotlin.reflect.jvm.internal.impl.serialization.deserialization.descriptors.DeserializedAnnotations: loaded 2 times (x 91B)
Class kotlin.reflect.jvm.internal.impl.load.kotlin.KotlinClassFinder$Result$KotlinClass: loaded 2 times (x 74B)
Class kotlin.reflect.jvm.internal.impl.load.kotlin.header.KotlinClassHeader           : loaded 2 times (x 74B)
Class kotlin.reflect.jvm.internal.impl.protobuf.WireFormat$FieldType$1                : loaded 2 times (x 84B)
Class kotlin.reflect.jvm.internal.impl.descriptors.Visibilities$Protected             : loaded 2 times (x 77B)
Class kotlin.reflect.jvm.internal.impl.renderer.RenderingFormat                       : loaded 2 times (x 82B)
Class kotlin.reflect.jvm.internal.impl.load.kotlin.DeserializationComponentsForJavaKt : loaded 2 times (x 73B)
Class kotlin.reflect.jvm.internal.impl.builtins.KotlinBuiltIns$1                      : loaded 2 times (x 79B)
Class org.codehaus.groovy.ast.expr.BooleanExpression                                  : loaded 2 times (x 130B)
Class org.jetbrains.kotlin.gradle.tasks.configuration.BaseKotlinCompileConfig$1$1$classpathEntrySnapshotFiles$1: loaded 2 times (x 76B)
Class org.jetbrains.kotlin.gradle.plugin.mpp.compilationImpl.KotlinCompilationImpl$1  : loaded 2 times (x 81B)
Class org.jetbrains.kotlin.konan.target.KonanTarget$LINUX_X64                         : loaded 2 times (x 80B)
Class [Lorg.jetbrains.kotlin.konan.target.Architecture;                               : loaded 2 times (x 71B)
Class org.jetbrains.kotlin.compilerRunner.CompilerSystemPropertiesService             : loaded 2 times (x 82B)
Class org.jetbrains.kotlin.gradle.dsl.ExplicitApiMode                                 : loaded 2 times (x 81B)
Class org.jetbrains.kotlin.gradle.plugin.mpp.KotlinUsages$KotlinCinteropCompatibility : loaded 2 times (x 79B)
Class org.jetbrains.kotlin.gradle.plugin.mpp.KotlinUsages$KotlinUsagesCompatibility   : loaded 2 times (x 78B)
Class org.jetbrains.kotlin.gradle.plugin.VariantImplementationFactories$Parameters$Inject_: loaded 2 times (x 108B)
Class org.jetbrains.kotlin.gradle.plugin.VariantImplementationFactories$Companion     : loaded 2 times (x 73B)
Class org.jetbrains.kotlin.gradle.plugin.internal.CustomPropertiesFileValueSource$Parameters_Decorated: loaded 2 times (x 132B)
Class org.jetbrains.kotlin.gradle.dsl.KotlinTopLevelExtensionConfig                   : loaded 2 times (x 72B)
Class com.google.common.cache.CacheBuilder                                            : loaded 2 times (x 74B)
Class Settings_gradle$1                                                               : loaded 2 times (x 76B)
Class org.gradle.internal.classpath.ClassPath                                         : loaded 2 times (x 72B)
Class kotlin.sequences.TakeWhileSequence$iterator$1                                   : loaded 2 times (x 81B)
Class com.android.tools.analytics.HostData$classLoadingBean$2                         : loaded 2 times (x 80B)
Class kotlin.sequences.DropSequence                                                   : loaded 2 times (x 81B)
Class com.android.tools.analytics.JournalingUsageTracker$scheduleJournalTimeout$1     : loaded 2 times (x 77B)
Class kotlin.sequences.SequencesKt__SequencesKt$asSequence$$inlined$Sequence$1        : loaded 2 times (x 77B)
Class kotlin.collections.ArrayDeque                                                   : loaded 2 times (x 209B)
Class org.codehaus.groovy.runtime.memoize.EvictableCache$Action                       : loaded 2 times (x 72B)
Class groovy.lang.SpreadMap                                                           : loaded 2 times (x 136B)
Class it.unimi.dsi.fastutil.objects.Object2IntMap$FastEntrySet                        : loaded 2 times (x 72B)
Class com.google.wireless.android.sdk.stats.GarbageCollectionStats$1                  : loaded 2 times (x 153B)
Class kotlin.reflect.jvm.internal.KPackageImpl                                        : loaded 2 times (x 87B)
Class org.gradle.api.internal.ClassPathProvider                                       : loaded 2 times (x 72B)
Class kotlin.reflect.jvm.internal.KClassImpl$Data$$Lambda$7                           : loaded 2 times (x 78B)
Class [Lorg.gradle.api.internal.ClassPathProvider;                                    : loaded 2 times (x 71B)
Class org.jetbrains.kotlin.gradle.plugin.VariantImplementationFactories$Companion$getProvider$2$1: loaded 2 times (x 81B)
Class com.android.tools.lint.model.PathVariables$Companion$PATH_COMPARATOR$4          : loaded 2 times (x 80B)
Class org.jetbrains.kotlin.statistics.metrics.NumericalMetrics                        : loaded 2 times (x 81B)
Class kotlin.reflect.jvm.internal.impl.types.DisjointKeysUnionTypeSubstitution        : loaded 2 times (x 80B)
Class kotlin.reflect.jvm.internal.impl.util.collectionUtils.ScopeUtilsKt              : loaded 2 times (x 73B)
Class kotlin.reflect.jvm.internal.impl.protobuf.WireFormat$FieldType$2                : loaded 2 times (x 84B)
Class kotlin.reflect.jvm.internal.impl.descriptors.DescriptorVisibilities             : loaded 2 times (x 73B)
Class kotlin.reflect.jvm.internal.impl.descriptors.ModuleDescriptor$DefaultImpls      : loaded 2 times (x 73B)
Class kotlin.reflect.jvm.internal.impl.renderer.ClassifierNamePolicy$SHORT            : loaded 2 times (x 76B)
Class kotlin.reflect.jvm.internal.impl.builtins.KotlinBuiltIns$2                      : loaded 2 times (x 79B)
Class kotlin.reflect.jvm.internal.impl.storage.StorageManager                         : loaded 2 times (x 72B)
Class kotlin.reflect.jvm.internal.impl.descriptors.runtime.components.RuntimeErrorReporter: loaded 2 times (x 77B)
Class com.google.common.collect.Interners$InternerBuilder                             : loaded 2 times (x 78B)
Class org.jetbrains.kotlin.gradle.incremental.IncrementalModuleInfoProvider           : loaded 2 times (x 72B)
Class org.jetbrains.kotlin.gradle.plugin.mpp.compilationImpl.KotlinCompilationImpl$2  : loaded 2 times (x 81B)
Class org.jetbrains.kotlin.gradle.dsl.KotlinJvmCompilerOptionsDefault                 : loaded 2 times (x 108B)
Class org.jetbrains.kotlin.gradle.internal.UsesClassLoadersCachingBuildService        : loaded 2 times (x 72B)
Class com.google.gson.internal.JsonReaderInternalAccess                               : loaded 2 times (x 74B)
Class org.codehaus.groovy.syntax.Types                                                : loaded 2 times (x 73B)
Class org.codehaus.groovy.ast.stmt.ContinueStatement                                  : loaded 2 times (x 113B)
Class org.codehaus.groovy.runtime.InvokerHelper                                       : loaded 2 times (x 73B)
Class org.codehaus.groovy.vmplugin.v8.Java8                                           : loaded 2 times (x 111B)
Class groovy.lang.MetaClassRegistry$MetaClassCreationHandle                           : loaded 2 times (x 76B)
Class kotlin.time.DurationUnitKt__DurationUnitKt                                      : loaded 2 times (x 73B)
Class kotlin.reflect.jvm.internal.KClassImpl$Data$$Lambda$8                           : loaded 2 times (x 78B)
Class com.google.common.collect.Maps$ViewCachingAbstractMap                           : loaded 2 times (x 127B)
Class kotlinx.coroutines.CoroutineDispatcher$Key                                      : loaded 2 times (x 74B)
Class [Lkotlinx.coroutines.CoroutineStart;                                            : loaded 2 times (x 71B)
Class it.unimi.dsi.fastutil.objects.ObjectIterable                                    : loaded 2 times (x 72B)
Class com.android.tools.lint.model.DefaultLintModelAndroidLibrary                     : loaded 2 times (x 113B)
Class com.android.sdklib.AndroidApiLevel$Companion                                    : loaded 2 times (x 73B)
Class com.google.common.collect.NaturalOrdering                                       : loaded 2 times (x 117B)
Class com.android.prefs.AndroidLocationsProvider                                      : loaded 2 times (x 72B)
Class com.google.common.io.CharSource$ConcatenatedCharSource                          : loaded 2 times (x 88B)
Class kotlin.reflect.jvm.internal.impl.types.checker.KotlinTypePreparator$Default     : loaded 2 times (x 75B)
Class org.jetbrains.kotlin.cli.common.arguments.Enables                               : loaded 2 times (x 72B)
Class kotlin.reflect.jvm.internal.impl.load.java.lazy.types.JavaTypeAttributes        : loaded 2 times (x 74B)
Class kotlin.reflect.jvm.internal.impl.utils.SmartSet$Companion                       : loaded 2 times (x 73B)
Class kotlin.reflect.jvm.internal.impl.protobuf.CodedInputStream                      : loaded 2 times (x 74B)
Class kotlin.reflect.jvm.internal.impl.load.java.lazy.descriptors.LazyJavaScope       : loaded 2 times (x 106B)
Class kotlin.reflect.jvm.internal.impl.protobuf.WireFormat$FieldType$3                : loaded 2 times (x 84B)
Class kotlin.reflect.jvm.internal.impl.incremental.components.LookupTracker           : loaded 2 times (x 72B)
Class kotlin.reflect.jvm.internal.impl.storage.LockBasedStorageManager$CacheWithNullableValuesBasedOnMemoizedFunction: loaded 2 times (x 85B)
Class kotlin.reflect.jvm.internal.impl.builtins.KotlinBuiltIns$3                      : loaded 2 times (x 79B)
Class com.google.common.io.CharStreams$NullWriter                                     : loaded 2 times (x 101B)
Class com.google.common.io.CharSource$CharSequenceCharSource                          : loaded 2 times (x 88B)
Class org.jetbrains.kotlin.compilerRunner.KotlinCompilerArgumentsLogLevel$Companion   : loaded 2 times (x 73B)
Class org.jetbrains.kotlin.gradle.tasks.AbstractKotlinCompile$defaultKotlinJavaToolchain$1: loaded 2 times (x 80B)
Class com.google.errorprone.annotations.DoNotMock                                     : loaded 2 times (x 72B)
Class org.jetbrains.kotlin.gradle.utils.ObservableSet                                 : loaded 2 times (x 72B)
Class org.jetbrains.kotlin.konan.target.KonanTarget$MINGW_X64                         : loaded 2 times (x 80B)
Class org.jetbrains.kotlin.gradle.plugin.diagnostics.KotlinToolingDiagnosticsCollectorKt: loaded 2 times (x 73B)
Class org.jetbrains.kotlin.gradle.tasks.KotlinCompile                                 : loaded 2 times (x 501B)
Class org.objectweb.asm.SymbolTable$Entry                                             : loaded 2 times (x 75B)
Class org.jetbrains.kotlin.gradle.plugin.mpp.HierarchyAttributeContainer              : loaded 2 times (x 87B)
Class org.jetbrains.kotlin.gradle.tasks.UsesKotlinJavaToolchain                       : loaded 2 times (x 72B)
Class org.jetbrains.kotlin.gradle.plugin.DefaultKotlinBasePlugin$apply$1              : loaded 2 times (x 77B)
Class org.jetbrains.kotlin.statistics.metrics.StringOverridePolicy$OVERRIDE           : loaded 2 times (x 87B)
Class org.jetbrains.kotlin.gradle.internal.properties.PropertiesBuildService$Params_Decorated: loaded 2 times (x 132B)
Class androidx.startup.lint.InitializerConstructorDetector$Companion                  : loaded 2 times (x 73B)
Class kotlin.reflect.jvm.internal.impl.protobuf.FieldSet$FieldDescriptorLite          : loaded 2 times (x 72B)
Class com.google.wireless.android.sdk.stats.JavaProcessStats$Builder                  : loaded 2 times (x 308B)
Class com.android.tools.analytics.UsageTracker$listener$1                             : loaded 2 times (x 80B)
Class org.codehaus.groovy.ast.expr.MapExpression                                      : loaded 2 times (x 133B)
Class groovy.lang.Script                                                              : loaded 2 times (x 97B)
Class org.codehaus.groovy.runtime.metaclass.ClosureMetaMethod$AnonymousMetaMethod     : loaded 2 times (x 98B)
Class org.codehaus.groovy.util.ReferenceManager$CallBackedManager                     : loaded 2 times (x 78B)
Class it.unimi.dsi.fastutil.objects.Object2IntOpenHashMap                             : loaded 2 times (x 249B)
Class kotlin.reflect.jvm.internal.KClassImpl$Data$$Lambda$9                           : loaded 2 times (x 78B)
Class kotlin.reflect.jvm.internal.impl.metadata.ProtoBuf$VersionRequirementTable$1    : loaded 2 times (x 89B)
Class kotlin.reflect.jvm.internal.impl.resolve.OverridingUtil$OverrideCompatibilityInfo: loaded 2 times (x 75B)
Class kotlin.reflect.jvm.internal.impl.types.checker.ClassicTypeCheckerStateKt        : loaded 2 times (x 73B)
Class [Lkotlin.reflect.jvm.internal.impl.resolve.scopes.MemberScope;                  : loaded 2 times (x 71B)
Class kotlin.reflect.jvm.internal.impl.protobuf.WireFormat$FieldType$4                : loaded 2 times (x 84B)
Class kotlin.reflect.jvm.internal.impl.descriptors.impl.FunctionDescriptorImpl        : loaded 2 times (x 193B)
Class kotlin.reflect.jvm.internal.impl.types.ClassifierBasedTypeConstructor           : loaded 2 times (x 88B)
Class kotlin.reflect.jvm.internal.impl.renderer.PropertyAccessorRenderingPolicy       : loaded 2 times (x 81B)
Class kotlin.reflect.jvm.internal.impl.load.kotlin.AbstractBinaryClassAnnotationAndConstantLoader: loaded 2 times (x 101B)
Class kotlin.reflect.jvm.internal.impl.incremental.components.LookupTracker$DO_NOTHING: loaded 2 times (x 77B)
Class kotlin.reflect.jvm.internal.impl.builtins.KotlinBuiltIns$4                      : loaded 2 times (x 79B)
Class Native_plugin_loader_gradle                                                     : loaded 2 times (x 128B)
Class org.jetbrains.kotlin.gradle.incremental.UsesIncrementalModuleInfoBuildService   : loaded 2 times (x 72B)
Class org.objectweb.asm.Edge                                                          : loaded 2 times (x 74B)
Class org.jetbrains.kotlin.gradle.utils.CompilerOptionsKt$configureExperimentalTryNext$1$1: loaded 2 times (x 80B)
Class org.jetbrains.kotlin.gradle.utils.CompilerOptionsKt                             : loaded 2 times (x 73B)
Class org.jetbrains.kotlin.gradle.plugin.PropertiesProvider$Companion                 : loaded 2 times (x 73B)
Class org.jetbrains.kotlin.gradle.utils.SingleAction                                  : loaded 2 times (x 75B)
Class com.google.common.base.Suppliers$SupplierOfInstance                             : loaded 2 times (x 81B)
Class com.google.common.collect.Iterators$1                                           : loaded 2 times (x 83B)
Class com.google.protobuf.Utf8                                                        : loaded 2 times (x 73B)
Class com.google.protobuf.GeneratedMessageV3                                          : loaded 2 times (x 180B)
Class kotlin.reflect.jvm.internal.impl.descriptors.DeserializedDescriptor             : loaded 2 times (x 72B)
Class groovy.lang.Tuple                                                               : loaded 2 times (x 208B)
Class org.codehaus.groovy.util.ReferenceType$WeakRef                                  : loaded 2 times (x 89B)
Class org.codehaus.groovy.reflection.stdclasses.BigIntegerCachedClass                 : loaded 2 times (x 97B)
Class groovy.lang.Buildable                                                           : loaded 2 times (x 72B)
Class kotlin.reflect.jvm.internal.impl.serialization.deserialization.descriptors.DeserializedClassDescriptor$memberScopeHolder$1: loaded 2 times (x 131B)
Class kotlin.reflect.jvm.internal.impl.descriptors.impl.ModuleAwareClassDescriptorKt  : loaded 2 times (x 73B)
Class [Lkotlin.reflect.jvm.internal.impl.load.java.typeEnhancement.MutabilityQualifier;: loaded 2 times (x 71B)
Class kotlin.text.MatchResult$Destructured                                            : loaded 2 times (x 74B)
Class kotlin.reflect.jvm.internal.impl.types.IntersectionTypeConstructor              : loaded 2 times (x 84B)
Class [Lorg.jetbrains.kotlin.cli.common.arguments.Enables;                            : loaded 2 times (x 71B)
Class kotlin.reflect.jvm.internal.impl.types.model.TypeSystemContext                  : loaded 2 times (x 72B)
Class kotlin.reflect.jvm.internal.impl.load.java.structure.ListBasedJavaAnnotationOwner: loaded 2 times (x 72B)
Class kotlin.reflect.jvm.internal.impl.descriptors.runtime.components.RuntimeSourceElementFactory$RuntimeSourceElement: loaded 2 times (x 80B)
Class kotlin.reflect.jvm.internal.impl.descriptors.runtime.structure.ReflectJavaClass : loaded 2 times (x 117B)
Class kotlin.reflect.jvm.internal.impl.serialization.deserialization.SuspendFunctionTypeUtilKt: loaded 2 times (x 73B)
Class kotlin.reflect.jvm.internal.impl.metadata.ProtoBuf$QualifiedNameTable$QualifiedName$Kind: loaded 2 times (x 84B)
Class kotlin.reflect.jvm.internal.impl.metadata.ProtoBuf$StringTable$1                : loaded 2 times (x 89B)
Class kotlin.reflect.jvm.internal.impl.metadata.deserialization.Flags$EnumLiteFlagField: loaded 2 times (x 78B)
Class kotlin.reflect.jvm.internal.impl.serialization.deserialization.FlexibleTypeDeserializer$ThrowException: loaded 2 times (x 76B)
Class kotlin.reflect.jvm.internal.impl.metadata.jvm.JvmProtoBuf                       : loaded 2 times (x 73B)
Class kotlin.reflect.jvm.internal.impl.descriptors.impl.ClassDescriptorBase           : loaded 2 times (x 176B)
Class kotlin.reflect.jvm.internal.impl.resolve.constants.IntegerValueConstant         : loaded 2 times (x 76B)
Class kotlin.reflect.jvm.internal.impl.types.checker.NewKotlinTypeChecker$Companion   : loaded 2 times (x 73B)
Class kotlin.reflect.jvm.internal.impl.load.java.JavaClassesTracker                   : loaded 2 times (x 72B)
Class kotlin.reflect.jvm.internal.impl.builtins.ReflectionTypes$Companion             : loaded 2 times (x 73B)
Class kotlin.reflect.jvm.internal.impl.descriptors.DeclarationDescriptorNonRoot       : loaded 2 times (x 72B)
Class build_dnlf2vshzsdiuweqbxt1v79fn$_run_closure1                                   : loaded 2 times (x 140B)
Class com.google.common.reflect.TypeToken$1                                           : loaded 2 times (x 112B)
Class org.jetbrains.kotlin.gradle.tasks.KotlinCompile$defaultKotlinJavaToolchain$1    : loaded 2 times (x 81B)
Class org.jetbrains.kotlin.gradle.tasks.KotlinJavaToolchain$JavaToolchainSetter       : loaded 2 times (x 72B)
Class org.jetbrains.kotlin.tooling.core.ExtrasPropertyKt$extrasLazyProperty$1         : loaded 2 times (x 96B)
Class org.jetbrains.kotlin.gradle.plugin.diagnostics.UsesKotlinToolingDiagnostics     : loaded 2 times (x 72B)
Class org.jetbrains.kotlin.gradle.dsl.abi.AbiFilterSetSpec                            : loaded 2 times (x 72B)
Class org.jetbrains.kotlin.statistics.metrics.BooleanAnonymizationPolicy$SAFE         : loaded 2 times (x 87B)
Class com.google.common.cache.LocalCache$ComputingValueReference                      : loaded 2 times (x 98B)
Class com.google.protobuf.MessageLite$Builder                                         : loaded 2 times (x 72B)
Class org.codehaus.groovy.runtime.metaclass.MetaMethodIndex$CacheEntry                : loaded 2 times (x 74B)
Class org.codehaus.groovy.runtime.dgmimpl.arrays.DoubleArrayGetAtMetaMethod           : loaded 2 times (x 99B)
Class org.jetbrains.kotlin.cli.common.arguments.ArgumentsInfo                         : loaded 2 times (x 74B)
Class it.unimi.dsi.fastutil.ints.IntIterable                                          : loaded 2 times (x 72B)
Class [Lorg.jetbrains.kotlin.cli.common.messages.CompilerMessageSeverity;             : loaded 2 times (x 71B)
Class kotlin.reflect.jvm.internal.impl.load.java.components.DescriptorResolverUtils$1 : loaded 2 times (x 79B)
Class kotlin.reflect.jvm.internal.impl.load.kotlin.KotlinJvmBinarySourceElement       : loaded 2 times (x 80B)
Class kotlin.reflect.jvm.internal.impl.descriptors.impl.ModuleDependencies            : loaded 2 times (x 72B)
Class kotlin.reflect.jvm.internal.impl.renderer.DescriptorRendererOptions             : loaded 2 times (x 72B)
Class kotlin.reflect.jvm.internal.impl.metadata.deserialization.BinaryVersion         : loaded 2 times (x 74B)
Class com.google.common.reflect.TypeToken$2                                           : loaded 2 times (x 112B)
Class com.google.common.collect.AbstractMapBasedMultimap$AsMap$AsMapEntries           : loaded 2 times (x 140B)
Class org.jetbrains.kotlin.gradle.plugin.mpp.compilationImpl.DefaultKotlinCompilationSourceSetsContainer$allKotlinSourceSetsImpl$1$1: loaded 2 times (x 82B)
Class org.jetbrains.kotlin.gradle.plugin.mpp.compilationImpl.DefaultKotlinCompilationSourceSetsContainer: loaded 2 times (x 80B)
Class org.jetbrains.kotlin.konan.target.KonanTarget$Companion                         : loaded 2 times (x 73B)
Class org.jetbrains.kotlin.tooling.core.AbstractExtras                                : loaded 2 times (x 143B)
Class org.jetbrains.kotlin.gradle.fus.BuildUidService$Companion$registerIfAbsent$1    : loaded 2 times (x 76B)
Class org.jetbrains.kotlin.gradle.internal.diagnostics.AgpCompatibilityCheck$AndroidGradlePluginVersionProvider: loaded 2 times (x 72B)
Class com.google.common.cache.LocalCache$Segment                                      : loaded 2 times (x 155B)
Class com.google.protobuf.Parser                                                      : loaded 2 times (x 72B)
Class org.codehaus.groovy.ast.expr.StaticMethodCallExpression                         : loaded 2 times (x 143B)
Class org.codehaus.groovy.vmplugin.VMPlugin                                           : loaded 2 times (x 72B)
Class org.codehaus.groovy.reflection.GeneratedMetaMethod$DgmMethodRecord              : loaded 2 times (x 74B)
Class it.unimi.dsi.fastutil.ints.IntSet                                               : loaded 2 times (x 72B)
Class kotlin.time.DurationJvmKt                                                       : loaded 2 times (x 73B)
Class kotlin.coroutines.ContinuationInterceptor$DefaultImpls                          : loaded 2 times (x 73B)
Class it.unimi.dsi.fastutil.objects.ObjectIterator                                    : loaded 2 times (x 72B)
Class kotlin.reflect.jvm.internal.KProperty1Impl$$Lambda$0                            : loaded 2 times (x 78B)
Class org.jetbrains.kotlin.cli.jvm.compiler.KotlinCoreEnvironment                     : loaded 2 times (x 74B)
Class org.jetbrains.kotlin.utils.DescriptionAware                                     : loaded 2 times (x 72B)
Class com.android.tools.lint.model.LintModelSeverity$Companion                        : loaded 2 times (x 73B)
Class kotlin.sequences.SequenceScope                                                  : loaded 2 times (x 75B)
Class kotlin.reflect.jvm.internal.impl.types.FlexibleTypesKt                          : loaded 2 times (x 73B)
Class kotlin.reflect.jvm.internal.impl.metadata.jvm.JvmProtoBuf$StringTableTypes$Record$1: loaded 2 times (x 89B)
Class kotlin.reflect.jvm.internal.impl.types.WrappedType                              : loaded 2 times (x 85B)
Class Native_plugin_loader_gradle$NativePluginLoader$Companion                        : loaded 2 times (x 73B)
Class [Lcom.google.common.base.Supplier;                                              : loaded 2 times (x 71B)
Class com.google.common.collect.SortedIterable                                        : loaded 2 times (x 72B)
Class org.jetbrains.kotlin.build.report.metrics.BuildTimes                            : loaded 2 times (x 74B)
Class org.jetbrains.kotlin.gradle.tasks.KotlinCompile$ClasspathSnapshotProperties     : loaded 2 times (x 75B)
Class org.jetbrains.kotlin.gradle.plugin.mpp.KotlinCompilationsKt                     : loaded 2 times (x 73B)
Class org.jetbrains.kotlin.gradle.plugin.sources.DefaultKotlinSourceSet_Decorated     : loaded 2 times (x 187B)
Class org.jetbrains.kotlin.gradle.plugin.diagnostics.TransformActionUsingKotlinToolingDiagnostics: loaded 2 times (x 72B)
Class com.google.common.collect.AbstractListMultimap                                  : loaded 2 times (x 173B)
Class [Lorg.objectweb.asm.SymbolTable$Entry;                                          : loaded 2 times (x 71B)
Class org.jetbrains.kotlin.gradle.dsl.abi.AbiValidationVariantSpec                    : loaded 2 times (x 72B)
Class org.jetbrains.kotlin.gradle.targets.native.KonanPropertiesBuildService$Companion: loaded 2 times (x 73B)
Class org.jetbrains.kotlin.statistics.metrics.StringOverridePolicy                    : loaded 2 times (x 87B)
Class org.jetbrains.kotlin.gradle.plugin.statistics.DefaultKotlinBuildStatsBeanService: loaded 2 times (x 94B)
Class org.jetbrains.kotlin.gradle.utils.GradleUtilsKt$registerClassLoaderScopedBuildService$1: loaded 2 times (x 76B)
Class org.jetbrains.kotlin.gradle.internal.diagnostics.AgpCompatibilityCheck$AndroidGradlePluginVersionProvider$Default: loaded 2 times (x 76B)
Class com.google.common.cache.CacheLoader                                             : loaded 2 times (x 76B)
Class com.google.common.collect.Iterators$4                                           : loaded 2 times (x 84B)
Class org.gradle.api.internal.classpath.ModuleRegistry                                : loaded 2 times (x 72B)
Class org.gradle.internal.installation.GradleInstallation$1                           : loaded 2 times (x 77B)
Class com.google.protobuf.ByteString$LeafByteString                                   : loaded 2 times (x 105B)
Class com.google.protobuf.Descriptors$GenericDescriptor                               : loaded 2 times (x 77B)
Class org.codehaus.groovy.transform.trait.Traits                                      : loaded 2 times (x 73B)
Class [Lorg.codehaus.groovy.runtime.metaclass.MetaMethodIndex$Entry;                  : loaded 2 times (x 71B)
Class org.codehaus.groovy.runtime.metaclass.MetaClassRegistryImpl                     : loaded 2 times (x 103B)
Class com.android.resources.ResourceType$Kind                                         : loaded 2 times (x 81B)
Class groovy.lang.MetaClassImpl$3                                                     : loaded 2 times (x 79B)
Class com.android.ide.common.repository.AgpVersion$PreviewKind$Companion              : loaded 2 times (x 73B)
Class com.android.ProgressManagerAdapter                                              : loaded 2 times (x 75B)
Class com.google.protobuf.AbstractMessage                                             : loaded 2 times (x 166B)
Class kotlin.reflect.jvm.internal.impl.types.AbstractStubType                         : loaded 2 times (x 93B)
Class kotlin.reflect.jvm.internal.impl.metadata.deserialization.NameResolver          : loaded 2 times (x 72B)
Class kotlin.reflect.jvm.internal.impl.descriptors.FindClassInModuleKt                : loaded 2 times (x 73B)
Class [Lkotlin.reflect.jvm.internal.impl.descriptors.DeclarationDescriptor;           : loaded 2 times (x 71B)
Class kotlin.reflect.jvm.internal.impl.metadata.ProtoBuf$VersionRequirementTableOrBuilder: loaded 2 times (x 72B)
Class kotlin.reflect.jvm.internal.impl.metadata.ProtoBuf$ValueParameter$1             : loaded 2 times (x 89B)
Class kotlin.reflect.jvm.internal.impl.descriptors.FieldDescriptor                    : loaded 2 times (x 72B)
Class org.jetbrains.kotlin.gradle.utils.ConfigurationCacheOpaqueValue                 : loaded 2 times (x 74B)
Class org.jetbrains.kotlin.gradle.plugin.mpp.KotlinUsages                             : loaded 2 times (x 73B)
Class org.jetbrains.kotlin.gradle.internal.properties.NativePropertiesLoader$Companion: loaded 2 times (x 73B)
Class org.jetbrains.kotlin.gradle.plugin.statistics.KotlinBuildStatsBeanService$Companion: loaded 2 times (x 73B)
Class org.jetbrains.kotlin.gradle.plugin.statistics.BuildFusService$Companion         : loaded 2 times (x 73B)
Class com.google.common.util.concurrent.internal.InternalFutureFailureAccess          : loaded 2 times (x 74B)
Class com.google.common.collect.Iterators$5                                           : loaded 2 times (x 84B)
Class androidx.startup.lint.EnsureInitializerMetadataDetector                         : loaded 2 times (x 182B)
Class com.google.common.hash.MessageDigestHashFunction                                : loaded 2 times (x 98B)
Class com.google.protobuf.AbstractMessageLite                                         : loaded 2 times (x 103B)
Class org.codehaus.groovy.control.ResolveVisitor$ConstructedNestedClass               : loaded 2 times (x 244B)
Class org.codehaus.groovy.runtime.metaclass.MethodHelper                              : loaded 2 times (x 73B)
Class org.codehaus.groovy.runtime.metaclass.MethodMetaProperty                        : loaded 2 times (x 80B)
Class groovy.lang.MetaClassImpl$MetaConstructor                                       : loaded 2 times (x 98B)
Class org.codehaus.groovy.runtime.dgmimpl.arrays.ByteArrayGetAtMetaMethod             : loaded 2 times (x 99B)
Class org.codehaus.groovy.reflection.ClassInfo$1                                      : loaded 2 times (x 78B)
Class kotlin.time.Duration$Companion                                                  : loaded 2 times (x 73B)
Class com.google.common.hash.HashCode$BytesHashCode                                   : loaded 2 times (x 83B)
Class kotlin.coroutines.intrinsics.IntrinsicsKt__IntrinsicsKt                         : loaded 2 times (x 73B)
Class kotlinx.coroutines.Job$Key                                                      : loaded 2 times (x 73B)
Class org.jetbrains.kotlin.name.FqNameUnsafe                                          : loaded 2 times (x 74B)
Class com.android.tools.analytics.HostDataKt                                          : loaded 2 times (x 73B)
Class androidx.lifecycle.lint.NonNullableMutableLiveDataDetector                      : loaded 2 times (x 175B)
Class kotlin.reflect.jvm.internal.impl.serialization.deserialization.descriptors.DeserializedPropertyDescriptor: loaded 2 times (x 212B)
Class kotlin.reflect.jvm.internal.impl.descriptors.runtime.structure.ReflectJavaType$Factory: loaded 2 times (x 73B)
Class kotlin.reflect.jvm.internal.impl.metadata.ProtoBuf$Modality$1                   : loaded 2 times (x 76B)
Class kotlin.reflect.jvm.internal.impl.protobuf.ByteString                            : loaded 2 times (x 99B)
Class kotlin.reflect.jvm.internal.impl.serialization.deserialization.LocalClassifierTypeSettings: loaded 2 times (x 72B)
Class kotlin.reflect.jvm.internal.impl.load.java.ReportLevel$Companion                : loaded 2 times (x 73B)
Class kotlin.reflect.jvm.internal.impl.load.java.ReportLevel                          : loaded 2 times (x 81B)
Class kotlin.reflect.jvm.internal.impl.load.java.JavaClassFinder                      : loaded 2 times (x 72B)
Class build_9shshugj4p5too4x9vtmvagpj$_run_closure1                                   : loaded 2 times (x 140B)
Class com.google.common.collect.ImmutableMultimap$Values                              : loaded 2 times (x 128B)
Class com.google.common.collect.ImmutableSortedAsList                                 : loaded 2 times (x 223B)
Class com.google.common.collect.HashBiMap$Inverse                                     : loaded 2 times (x 144B)
Class org.jetbrains.kotlin.gradle.targets.js.ir.KotlinJsIrTarget                      : loaded 2 times (x 249B)
Class org.jetbrains.kotlin.gradle.plugin.HasCompilerOptions                           : loaded 2 times (x 72B)
Class org.jetbrains.kotlin.gradle.plugin.mpp.compilationImpl.DefaultKotlinCompilationFriendPathsResolver$FriendArtifactResolver: loaded 2 times (x 72B)
Class org.jetbrains.kotlin.gradle.plugin.mpp.DefaultKotlinUsageContext                : loaded 2 times (x 95B)
Class org.jetbrains.kotlin.gradle.dsl.abi.AbiFilterSetSpec_Decorated                  : loaded 2 times (x 135B)
Class [Lorg.jetbrains.kotlin.statistics.metrics.BooleanMetrics;                       : loaded 2 times (x 71B)
Class org.jetbrains.kotlin.gradle.fus.internal.CiUtilKt                               : loaded 2 times (x 73B)
Class org.jetbrains.kotlin.gradle.internal.properties.PropertiesBuildService$Companion: loaded 2 times (x 73B)
Class org.jetbrains.kotlin.gradle.dsl.KotlinJvmExtension                              : loaded 2 times (x 72B)
Class org.jetbrains.kotlin.gradle.plugin.KotlinMultiplatformPluginWrapper             : loaded 2 times (x 88B)
Class com.google.common.cache.LocalCache$LocalManualCache$1                           : loaded 2 times (x 77B)
Class [Lorg.codehaus.groovy.ast.MixinNode;                                            : loaded 2 times (x 71B)
Class org.codehaus.groovy.control.CompilationUnit$ISourceUnitOperation                : loaded 2 times (x 72B)
Class org.codehaus.groovy.reflection.stdclasses.ArrayCachedClass                      : loaded 2 times (x 97B)
Class org.codehaus.groovy.reflection.stdclasses.BigDecimalCachedClass                 : loaded 2 times (x 97B)
Class com.android.utils.PositionXmlParser$SaxParserPool                               : loaded 2 times (x 81B)
Class org.gradle.api.internal.DefaultClassPathProvider                                : loaded 2 times (x 78B)
Class org.jetbrains.kotlin.gradle.plugin.VariantImplementationFactoriesConfigurator$Companion$getProvider$1: loaded 2 times (x 76B)
Class [Lcom.android.prefs.Global;                                                     : loaded 2 times (x 71B)
Class org.jetbrains.kotlin.gradle.fus.BuildUidService$Companion                       : loaded 2 times (x 73B)
Class org.jetbrains.kotlin.gradle.plugin.PropertiesProvider$kotlinExperimentalTryNext$1: loaded 2 times (x 77B)
Class org.jetbrains.kotlin.statistics.metrics.BooleanOverridePolicy$OVERRIDE          : loaded 2 times (x 87B)
Class kotlin.reflect.jvm.internal.impl.metadata.ProtoBuf$PackageFragment$1            : loaded 2 times (x 89B)
Class kotlin.reflect.jvm.internal.impl.protobuf.SmallSortedMap$EntrySet               : loaded 2 times (x 139B)
Class kotlin.reflect.jvm.internal.impl.protobuf.CodedOutputStream                     : loaded 2 times (x 74B)
Class kotlin.reflect.jvm.internal.impl.load.java.structure.JavaPackage                : loaded 2 times (x 72B)
Class kotlin.reflect.jvm.internal.impl.util.ModuleVisibilityHelper$EMPTY              : loaded 2 times (x 76B)
Class kotlin.reflect.jvm.internal.impl.descriptors.impl.ModuleAwareClassDescriptor    : loaded 2 times (x 174B)
Class com.google.common.collect.Multimaps$CustomSetMultimap                           : loaded 2 times (x 180B)
Class com.google.common.collect.ImmutableSortedMap$1EntrySet                          : loaded 2 times (x 157B)
Class org.jetbrains.kotlin.gradle.plugin.mpp.compilationImpl.KotlinCompilationConfigurationsContainer: loaded 2 times (x 72B)
Class org.jetbrains.kotlin.gradle.plugin.sources.KotlinSourceSetFactory$Companion     : loaded 2 times (x 73B)
Class org.jetbrains.kotlin.statistics.metrics.NumberOverridePolicy$SUM                : loaded 2 times (x 87B)
Class org.gradle.api.internal.classpath.DefaultModuleRegistry                         : loaded 2 times (x 88B)
Class org.jetbrains.kotlin.statistics.metrics.BooleanAnonymizationPolicy              : loaded 2 times (x 87B)
Class com.google.protobuf.CodedOutputStream$ArrayEncoder                              : loaded 2 times (x 111B)
Class org.codehaus.groovy.control.messages.Message                                    : loaded 2 times (x 74B)
Class org.codehaus.groovy.runtime.metaclass.MissingMethodExceptionNoStack             : loaded 2 times (x 93B)
Class org.codehaus.groovy.runtime.dgmimpl.arrays.IntegerArrayGetAtMetaMethod          : loaded 2 times (x 99B)
Class org.jetbrains.kotlin.gradle.targets.native.toolchain.KotlinNativeBundleBuildService$Companion$registerIfAbsent$1: loaded 2 times (x 77B)
Class groovy.lang.Closure$WritableClosure                                             : loaded 2 times (x 139B)
Class org.codehaus.groovy.util.ReferenceType$SoftRef                                  : loaded 2 times (x 89B)
Class org.codehaus.groovy.runtime.GStringImpl                                         : loaded 2 times (x 166B)
Class org.jetbrains.kotlin.gradle.utils.ProviderApiUtilsKt$mapOrNull$1                : loaded 2 times (x 77B)
Class org.objectweb.asm.AnnotationVisitor                                             : loaded 2 times (x 80B)
Class com.google.common.collect.Iterators$EmptyModifiableIterator                     : loaded 2 times (x 88B)
Class kotlin.reflect.jvm.internal.impl.builtins.functions.FunctionTypeKind$KFunction  : loaded 2 times (x 74B)
Class org.jetbrains.kotlin.konan.target.KonanTarget                                   : loaded 2 times (x 80B)
Class org.jetbrains.kotlin.buildtools.api.jvm.ClassSnapshotGranularity                : loaded 2 times (x 81B)
Class org.jetbrains.kotlin.gradle.ExternalKotlinTargetApi                             : loaded 2 times (x 72B)
Class com.google.common.collect.ComparatorOrdering                                    : loaded 2 times (x 117B)
Class com.google.common.collect.ImmutableSet$SerializedForm                           : loaded 2 times (x 75B)
Class kotlin.reflect.jvm.internal.impl.types.UnwrappedType                            : loaded 2 times (x 86B)
Class kotlin.reflect.jvm.internal.impl.load.java.lazy.descriptors.DeclaredMemberIndex : loaded 2 times (x 72B)
Class kotlin.reflect.jvm.internal.impl.name.CallableId$Companion                      : loaded 2 times (x 73B)
Class kotlin.reflect.jvm.internal.impl.resolve.scopes.DescriptorKindFilter$Companion$MaskToName: loaded 2 times (x 74B)
Class kotlin.reflect.jvm.internal.impl.metadata.ProtoBuf$Type$Argument$1              : loaded 2 times (x 89B)
Class kotlin.reflect.jvm.internal.impl.descriptors.impl.AbstractClassDescriptor$1     : loaded 2 times (x 79B)
Class kotlin.reflect.jvm.internal.impl.types.LazyWrappedType                          : loaded 2 times (x 86B)
Class kotlin.reflect.jvm.internal.impl.load.java.lazy.types.JavaTypeFlexibility       : loaded 2 times (x 81B)
Class kotlin.reflect.jvm.internal.impl.storage.MemoizedFunctionToNotNull              : loaded 2 times (x 72B)
Class kotlin.reflect.jvm.internal.impl.descriptors.runtime.components.RuntimeModuleData$Companion: loaded 2 times (x 73B)
Class build_a1h3149npdy1vhfnw7nhvagxi$_run_closure1                                   : loaded 2 times (x 140B)
Class org.jetbrains.kotlin.gradle.plugin.internal.state.TaskExecutionResults          : loaded 2 times (x 73B)
Class org.jetbrains.kotlin.compilerRunner.KotlinCompilerArgumentsLogLevel             : loaded 2 times (x 81B)
Class org.jetbrains.kotlin.gradle.plugin.mpp.compilationImpl.factory.CompositePostConfigure: loaded 2 times (x 77B)
Class org.jetbrains.kotlin.statistics.metrics.StatisticsValuesConsumer                : loaded 2 times (x 72B)
Class org.jetbrains.kotlin.gradle.plugin.AndroidGradlePluginVersion$Companion         : loaded 2 times (x 73B)
Class com.google.common.util.concurrent.ListenableFuture                              : loaded 2 times (x 72B)
Class com.google.common.cache.ReferenceEntry                                          : loaded 2 times (x 72B)
Class com.google.common.hash.HashFunction                                             : loaded 2 times (x 72B)
Class com.google.gson.Strictness                                                      : loaded 2 times (x 81B)
Class org.codehaus.groovy.runtime.m12n.ExtensionModuleScanner                         : loaded 2 times (x 76B)
Class org.codehaus.groovy.runtime.dgmimpl.arrays.ObjectArrayGetAtMetaMethod           : loaded 2 times (x 99B)
Class org.codehaus.groovy.ast.expr.ClassExpression                                    : loaded 2 times (x 129B)
Class kotlin.reflect.jvm.internal.impl.resolve.ExternalOverridabilityCondition        : loaded 2 times (x 72B)
Class kotlin.reflect.jvm.internal.impl.renderer.DescriptorRenderer                    : loaded 2 times (x 80B)
Class [Lcom.android.resources.ResourceFolderType;                                     : loaded 2 times (x 71B)
Class kotlin.reflect.jvm.internal.impl.descriptors.impl.ModuleAwareClassDescriptor$Companion: loaded 2 times (x 73B)
Class com.android.tools.lint.model.LintModelSerialization                             : loaded 2 times (x 77B)
Class kotlin.reflect.jvm.internal.impl.metadata.ProtoBuf$TypeParameter$Variance$1     : loaded 2 times (x 76B)
Class jdk.internal.jimage.BasicImageReader$2                                          : loaded 2 times (x 79B)
Class kotlin.reflect.jvm.internal.impl.descriptors.TypeAliasDescriptor                : loaded 2 times (x 72B)
Class [Lkotlin.reflect.jvm.internal.impl.metadata.ProtoBuf$VersionRequirement$VersionKind;: loaded 2 times (x 71B)
Class kotlin.reflect.jvm.internal.impl.protobuf.Internal$EnumLite                     : loaded 2 times (x 72B)
Class kotlin.reflect.jvm.internal.impl.descriptors.Visibilities$Public                : loaded 2 times (x 77B)
Class kotlin.reflect.jvm.internal.impl.descriptors.SimpleFunctionDescriptor           : loaded 2 times (x 72B)
Class kotlin.reflect.jvm.internal.impl.descriptors.ReceiverParameterDescriptor        : loaded 2 times (x 72B)
Class kotlin.reflect.jvm.internal.impl.descriptors.impl.AbstractClassDescriptor$2     : loaded 2 times (x 79B)
Class kotlin.reflect.jvm.internal.impl.descriptors.SourceElement                      : loaded 2 times (x 72B)
Class kotlin.reflect.jvm.internal.impl.protobuf.ExtensionRegistryLite$ObjectIntPair   : loaded 2 times (x 74B)
Class build_dnlf2vshzsdiuweqbxt1v79fn                                                 : loaded 2 times (x 174B)
Class org.jetbrains.kotlin.gradle.plugin.DefaultKotlinBasePlugin$addKotlinCompilerConfiguration$2$1$1$1: loaded 2 times (x 77B)
Class org.jetbrains.kotlin.gradle.tasks.KotlinCompilerExecutionStrategy$Companion     : loaded 2 times (x 73B)
Class org.jetbrains.kotlin.gradle.plugin.CompilerPluginConfig                         : loaded 2 times (x 74B)
Class [Lorg.jetbrains.kotlin.tooling.core.HasMutableExtras;                           : loaded 2 times (x 71B)
Class com.google.common.collect.AbstractMapBasedMultimap                              : loaded 2 times (x 140B)
Class org.jetbrains.kotlin.gradle.plugin.DefaultKotlinBasePlugin$addKotlinCompilerConfiguration$1: loaded 2 times (x 77B)
Class org.jetbrains.kotlin.gradle.plugin.statistics.NonSynchronizedMetricsContainer   : loaded 2 times (x 84B)
Class org.jetbrains.kotlin.gradle.plugin.internal.DefaultCompatibilityConventionRegistrar: loaded 2 times (x 76B)
Class org.jetbrains.kotlin.gradle.plugin.PropertiesProvider                           : loaded 2 times (x 75B)
Class org.jetbrains.kotlin.gradle.plugin.mpp.KotlinAndroidTarget                      : loaded 2 times (x 158B)
Class com.google.common.util.concurrent.AbstractFuture                                : loaded 2 times (x 108B)
Class com.google.common.collect.Iterators$9                                           : loaded 2 times (x 83B)
Class com.google.wireless.android.sdk.stats.GradleBuildProfileOrBuilder               : loaded 2 times (x 72B)
Class com.google.common.hash.HashCode                                                 : loaded 2 times (x 82B)
Class org.codehaus.groovy.ast.ClassNode$MapOfLists                                    : loaded 2 times (x 77B)
Class org.codehaus.groovy.ast.stmt.ForStatement                                       : loaded 2 times (x 124B)
Class org.codehaus.groovy.ast.expr.LambdaExpression                                   : loaded 2 times (x 137B)
Class org.codehaus.groovy.ast.ClassCodeExpressionTransformer                          : loaded 2 times (x 217B)
Class org.codehaus.groovy.ast.Variable                                                : loaded 2 times (x 72B)
Class kotlin.coroutines.jvm.internal.RestrictedContinuationImpl                       : loaded 2 times (x 89B)
Class kotlin.coroutines.CoroutineContext$Key                                          : loaded 2 times (x 72B)
Class com.android.ide.common.gradle.Numeric                                           : loaded 2 times (x 79B)
Class kotlin.reflect.jvm.internal.impl.metadata.ProtoBuf$QualifiedNameTable$QualifiedNameOrBuilder: loaded 2 times (x 72B)
Class kotlin.reflect.jvm.internal.impl.builtins.BuiltInsPackageFragment               : loaded 2 times (x 72B)
Class kotlin.reflect.jvm.internal.impl.serialization.deserialization.descriptors.DeserializedContainerSource: loaded 2 times (x 72B)
Class kotlin.reflect.jvm.internal.impl.metadata.ProtoBuf$Package                      : loaded 2 times (x 103B)
Class kotlin.reflect.jvm.internal.impl.metadata.ProtoBuf$Constructor                  : loaded 2 times (x 103B)
Class kotlin.reflect.jvm.internal.impl.descriptors.impl.AbstractClassDescriptor$3     : loaded 2 times (x 79B)
Class kotlin.reflect.jvm.internal.impl.types.model.TypeConstructorMarker              : loaded 2 times (x 72B)
Class kotlin.reflect.jvm.internal.impl.load.java.ErasedOverridabilityCondition        : loaded 2 times (x 77B)
Class com.google.common.io.CharStreams                                                : loaded 2 times (x 73B)
Class com.google.common.collect.ImmutableMultiset                                     : loaded 2 times (x 165B)
Class [Lorg.jetbrains.kotlin.gradle.dsl.jvm.JvmTargetValidationMode;                  : loaded 2 times (x 71B)
Class org.jetbrains.kotlin.gradle.tasks.DefaultKotlinJavaToolchain$javaVersion$1      : loaded 2 times (x 76B)
Class org.jetbrains.kotlin.gradle.plugin.mpp.compilationImpl.factory.KotlinCompilationImplFactory$KotlinCompilationOutputFactory: loaded 2 times (x 72B)
Class org.jetbrains.kotlin.konan.target.TargetSupportException                        : loaded 2 times (x 84B)
Class org.jetbrains.kotlin.gradle.internal.IsInIdeaEnvironmentValueSource             : loaded 2 times (x 82B)
Class org.objectweb.asm.RecordComponentVisitor                                        : loaded 2 times (x 79B)
Class org.jetbrains.kotlin.gradle.plugin.ProjectLocalConfigurations$setupAttributesMatchingStrategy$1$1: loaded 2 times (x 76B)
Class org.jetbrains.kotlin.gradle.targets.native.toolchain.KotlinNativeBundleBuildService$Companion$registerIfAbsent$2$1$1: loaded 2 times (x 77B)
Class org.jetbrains.kotlin.statistics.BuildSessionLogger$Companion                    : loaded 2 times (x 73B)
Class org.jetbrains.kotlin.gradle.plugin.diagnostics.ProblemsReporter$Factory         : loaded 2 times (x 72B)
Class org.jetbrains.kotlin.gradle.plugin.KotlinCompilationToRunnableFiles             : loaded 2 times (x 72B)
Class com.google.common.cache.CacheLoader$SupplierToCacheLoader                       : loaded 2 times (x 77B)
Class kotlin.reflect.jvm.internal.impl.builtins.functions.FunctionTypeKind$Function   : loaded 2 times (x 74B)
Class com.google.protobuf.SingleFieldBuilderV3                                        : loaded 2 times (x 86B)
Class com.google.protobuf.IterableByteBufferInputStream                               : loaded 2 times (x 94B)
Class org.codehaus.groovy.control.io.NullWriter                                       : loaded 2 times (x 101B)
Class groovy.lang.GroovyClassLoader                                                   : loaded 2 times (x 143B)
Class org.codehaus.groovy.runtime.dgmimpl.arrays.LongArrayPutAtMetaMethod             : loaded 2 times (x 99B)
Class org.codehaus.groovy.runtime.dgmimpl.arrays.ArrayMetaMethod                      : loaded 2 times (x 99B)
Class kotlin.jvm.internal.AdaptedFunctionReference                                    : loaded 2 times (x 79B)
Class kotlinx.coroutines.scheduling.TasksKt                                           : loaded 2 times (x 73B)
Class org.jetbrains.kotlin.cli.common.CompilerSystemProperties$value$1                : loaded 2 times (x 127B)
Class kotlinx.coroutines.internal.SystemPropsKt__SystemPropsKt                        : loaded 2 times (x 73B)
Class kotlinx.coroutines.ChildJob                                                     : loaded 2 times (x 72B)
Class [Lorg.jetbrains.kotlin.config.LanguageVersion;                                  : loaded 2 times (x 71B)
Class org.codehaus.groovy.ast.Parameter                                               : loaded 2 times (x 152B)
Class org.codehaus.groovy.runtime.dgmimpl.arrays.CharacterArrayGetAtMetaMethod        : loaded 2 times (x 99B)
Class org.codehaus.groovy.reflection.CachedField                                      : loaded 2 times (x 83B)
Class groovy.lang.MetaClassImpl$2                                                     : loaded 2 times (x 98B)
Class org.codehaus.groovy.runtime.DefaultCachedMethodKey                              : loaded 2 times (x 81B)
Class org.codehaus.groovy.control.ResolveVisitor$ConstructedClassWithPackage          : loaded 2 times (x 244B)
Class org.jetbrains.kotlin.gradle.plugin.sources.DefaultKotlinSourceSetFactory        : loaded 2 times (x 82B)
Class [Lorg.jetbrains.kotlin.cli.common.ExitCode;                                     : loaded 2 times (x 71B)
Class kotlin.reflect.jvm.internal.impl.descriptors.java.JavaVisibilities$ProtectedAndPackage: loaded 2 times (x 77B)
Class kotlin.reflect.jvm.internal.impl.descriptors.impl.FieldDescriptorImpl           : loaded 2 times (x 80B)
Class kotlin.reflect.jvm.internal.impl.types.model.FlexibleTypeMarker                 : loaded 2 times (x 72B)
Class kotlin.reflect.jvm.internal.impl.load.java.FakePureImplementationsProvider      : loaded 2 times (x 73B)
Class kotlin.reflect.jvm.internal.impl.builtins.jvm.JvmBuiltInsSignatures             : loaded 2 times (x 73B)
Class [Lkotlin.reflect.jvm.internal.impl.metadata.ProtoBuf$Modality;                  : loaded 2 times (x 71B)
Class kotlin.reflect.jvm.internal.impl.metadata.deserialization.Flags$BooleanFlagField: loaded 2 times (x 77B)
Class kotlin.reflect.jvm.internal.impl.metadata.ProtoBuf$Annotation$Argument$Value    : loaded 2 times (x 98B)
Class kotlin.reflect.jvm.internal.impl.protobuf.LazyFieldLite                         : loaded 2 times (x 78B)
Class kotlin.reflect.jvm.internal.impl.descriptors.PropertyGetterDescriptor           : loaded 2 times (x 72B)
Class kotlin.reflect.jvm.internal.impl.descriptors.impl.PackageFragmentDescriptorImpl : loaded 2 times (x 107B)
Class kotlin.reflect.jvm.internal.impl.builtins.jvm.JvmBuiltInsCustomizer             : loaded 2 times (x 83B)
Class build_7u0kfvamlf7y7ybyzko2fhg2y                                                 : loaded 2 times (x 175B)
Class com.google.common.collect.UsingToStringOrdering                                 : loaded 2 times (x 116B)
Class org.jetbrains.kotlin.gradle.plugin.mpp.KotlinCompilationsKt$sam$java_util_concurrent_Callable$0: loaded 2 times (x 77B)
Class org.jetbrains.kotlin.gradle.tasks.KotlinCompilerPluginData                      : loaded 2 times (x 74B)
Class org.jetbrains.kotlin.tooling.core.ExtrasPropertyKt                              : loaded 2 times (x 73B)
Class org.jetbrains.kotlin.gradle.plugin.mpp.compilationImpl.KotlinCompilationSourceSetInclusion$include$1: loaded 2 times (x 81B)
Class org.jetbrains.kotlin.gradle.dsl.KotlinProjectExtensionKt                        : loaded 2 times (x 73B)
Class org.jetbrains.kotlin.gradle.plugin.mpp.compilationImpl.factory.KotlinCompilationImplFactory$KotlinCompilationDependencyConfigurationsFactory: loaded 2 times (x 72B)
Class org.jetbrains.kotlin.gradle.tasks.BaseKotlinCompile                             : loaded 2 times (x 72B)
Class org.jetbrains.kotlin.gradle.plugin.internal.UsesBuildIdProviderService          : loaded 2 times (x 72B)
Class org.jetbrains.kotlin.compilerRunner.CompilerSystemPropertiesService$Companion$registerIfAbsent$2$1$1: loaded 2 times (x 77B)
Class org.jetbrains.kotlin.gradle.tasks.abi.KotlinLegacyAbiCheckTask                  : loaded 2 times (x 72B)
Class org.jetbrains.kotlin.gradle.internal.ClassLoadersCachingBuildService$Companion$registerIfAbsent$1: loaded 2 times (x 77B)
Class org.jetbrains.kotlin.gradle.plugin.UsesKotlinGradleBuildServices                : loaded 2 times (x 72B)
Class org.jetbrains.kotlin.gradle.plugin.KotlinGradleBuildServices$Parameters_Decorated: loaded 2 times (x 132B)
Class org.jetbrains.kotlin.gradle.plugin.DefaultKotlinBasePlugin$addKotlinCompilerConfiguration$3: loaded 2 times (x 81B)
Class [Lorg.jetbrains.kotlin.statistics.metrics.IMetricContainerFactory;              : loaded 2 times (x 71B)
Class org.jetbrains.kotlin.gradle.internal.IdeaKt                                     : loaded 2 times (x 73B)
Class org.gradle.internal.service.ServiceLookupException                              : loaded 2 times (x 84B)
Class com.google.protobuf.NioByteString                                               : loaded 2 times (x 106B)
Class com.google.common.hash.AbstractByteHasher                                       : loaded 2 times (x 149B)
Class com.google.protobuf.FieldSet$FieldDescriptorLite                                : loaded 2 times (x 72B)
Class com.google.protobuf.ExtensionLite                                               : loaded 2 times (x 79B)
Class kotlin.sequences.SequencesKt___SequencesKt$sortedWith$1                         : loaded 2 times (x 77B)
Class org.codehaus.groovy.ast.CodeVisitorSupport                                      : loaded 2 times (x 188B)
Class org.codehaus.groovy.runtime.metaclass.MetaMethodIndex$Header                    : loaded 2 times (x 74B)
Class [Lorg.codehaus.groovy.reflection.CachedMethod;                                  : loaded 2 times (x 71B)
Class org.jetbrains.kotlin.gradle.tasks.TasksProviderKt                               : loaded 2 times (x 73B)
Class kotlinx.coroutines.scheduling.SchedulerCoroutineDispatcher                      : loaded 2 times (x 114B)
Class kotlinx.coroutines.ChildHandleNode                                              : loaded 2 times (x 92B)
Class org.jetbrains.kotlin.gradle.plugin.diagnostics.ToolingDiagnostic                : loaded 2 times (x 74B)
Class org.jetbrains.kotlin.gradle.plugin.mpp.compilationImpl.DefaultKotlinCompilationConfigurationsContainer: loaded 2 times (x 86B)
Class com.android.tools.lint.model.LintModelBuildFeatures                             : loaded 2 times (x 72B)
Class com.google.common.collect.ImmutableRangeSet                                     : loaded 2 times (x 117B)
Class kotlin.reflect.jvm.internal.impl.load.java.UtilsKt                              : loaded 2 times (x 73B)
Class kotlin.reflect.jvm.internal.impl.resolve.OverridingUtil$OverrideCompatibilityInfo$Result: loaded 2 times (x 81B)
Class com.google.common.collect.CollectSpliterators$1WithCharacteristics              : loaded 2 times (x 92B)
Class kotlin.reflect.jvm.internal.impl.metadata.ProtoBuf$TypeTable                    : loaded 2 times (x 98B)
Class kotlin.reflect.jvm.internal.impl.protobuf.MessageLiteOrBuilder                  : loaded 2 times (x 72B)
Class kotlin.reflect.jvm.internal.impl.serialization.deserialization.AnnotationAndConstantLoader: loaded 2 times (x 72B)
Class kotlin.reflect.jvm.internal.impl.load.java.components.JavaPropertyInitializerEvaluator$DoNothing: loaded 2 times (x 76B)
Class [Lkotlin.reflect.jvm.internal.impl.load.java.ReportLevel;                       : loaded 2 times (x 71B)
Class kotlin.reflect.jvm.internal.impl.storage.LockBasedStorageManager$MapBasedMemoizedFunction: loaded 2 times (x 84B)
Class kotlin.reflect.jvm.internal.impl.storage.NotNullLazyValue                       : loaded 2 times (x 72B)
Class com.google.common.io.Resources$UrlByteSource                                    : loaded 2 times (x 87B)
Class com.google.common.collect.ImmutableSortedSet                                    : loaded 2 times (x 302B)
Class org.jetbrains.kotlin.gradle.tasks.GradleCompileTaskProvider_Decorated           : loaded 2 times (x 119B)
Class org.jetbrains.kotlin.gradle.plugin.hierarchy.KotlinSourceSetTreeClassifierKt$sourceSetTreeClassifier$2: loaded 2 times (x 80B)
Class org.jetbrains.kotlin.konan.target.HostManager                                   : loaded 2 times (x 74B)
Class org.jetbrains.kotlin.gradle.internal.IsInIdeaEnvironmentValueSource$Inject_     : loaded 2 times (x 102B)
Class com.google.common.collect.Lists$ReverseList                                     : loaded 2 times (x 202B)
Class org.jetbrains.kotlin.gradle.plugin.mpp.KotlinUsageContext$MavenScope            : loaded 2 times (x 81B)
Class [Lcom.google.common.cache.LocalCache$EntryFactory;                              : loaded 2 times (x 71B)
Class org.gradle.internal.classloader.ClassLoaderFactory                              : loaded 2 times (x 72B)
Class com.google.protobuf.UnsafeUtil                                                  : loaded 2 times (x 73B)
Class org.codehaus.groovy.syntax.CSTNode                                              : loaded 2 times (x 106B)
Class org.codehaus.groovy.runtime.InvokerHelper$1                                     : loaded 2 times (x 97B)
Class org.codehaus.groovy.util.ReferenceManager$1                                     : loaded 2 times (x 78B)
Class kotlin.reflect.jvm.internal.impl.load.java.typeEnhancement.JavaTypeEnhancement  : loaded 2 times (x 74B)
Class kotlin.reflect.jvm.internal.impl.serialization.deserialization.ContractDeserializer$Companion$DEFAULT$1: loaded 2 times (x 76B)
Class kotlin.reflect.jvm.internal.impl.descriptors.Visibility                         : loaded 2 times (x 77B)
Class kotlin.reflect.jvm.internal.impl.metadata.jvm.JvmProtoBuf$JvmFieldSignature$1   : loaded 2 times (x 89B)
Class kotlin.reflect.jvm.internal.impl.resolve.VisibilityUtilKt                       : loaded 2 times (x 73B)
Class org.jetbrains.kotlin.cli.common.arguments.ArgumentParseErrors                   : loaded 2 times (x 74B)
Class kotlin.reflect.jvm.internal.impl.descriptors.impl.PropertyAccessorDescriptorImpl: loaded 2 times (x 188B)
Class kotlin.reflect.jvm.internal.impl.descriptors.impl.TypeAliasConstructorDescriptor: loaded 2 times (x 72B)
Class [Lkotlin.reflect.jvm.internal.impl.descriptors.Named;                           : loaded 2 times (x 71B)
Class kotlin.reflect.jvm.internal.impl.metadata.ProtoBuf$TypeTable$1                  : loaded 2 times (x 89B)
Class kotlin.reflect.jvm.internal.impl.protobuf.WireFormat$FieldType                  : loaded 2 times (x 84B)
Class kotlin.reflect.jvm.internal.impl.descriptors.FunctionDescriptor$CopyBuilder     : loaded 2 times (x 72B)
Class kotlin.reflect.jvm.internal.impl.renderer.ClassifierNamePolicy$SOURCE_CODE_QUALIFIED: loaded 2 times (x 76B)
Class org.jetbrains.kotlin.gradle.plugin.diagnostics.ProblemsReporterKt               : loaded 2 times (x 73B)
Class org.jetbrains.kotlin.gradle.tasks.DefaultKotlinJavaToolchain$currentJvmJdkToolsJar$1: loaded 2 times (x 76B)
Class org.jetbrains.kotlin.gradle.plugin.sources.AbstractKotlinSourceSet              : loaded 2 times (x 141B)
Class org.jetbrains.kotlin.gradle.internal.diagnostics.AgpCompatibilityCheck          : loaded 2 times (x 73B)
Class com.google.common.cache.LocalCache$LocalManualCache                             : loaded 2 times (x 101B)
Class org.gradle.internal.service.CachingServiceLocator                               : loaded 2 times (x 84B)
Class com.android.utils.DateProvider                                                  : loaded 2 times (x 72B)
Class org.codehaus.groovy.ast.stmt.WhileStatement                                     : loaded 2 times (x 120B)
Class org.codehaus.groovy.ast.expr.ArgumentListExpression                             : loaded 2 times (x 140B)
Class org.codehaus.groovy.runtime.InvokerHelper$2                                     : loaded 2 times (x 97B)
Class org.codehaus.groovy.runtime.dgmimpl.NumberNumberMinus                           : loaded 2 times (x 116B)
Class [Lgroovy.lang.MetaClassRegistryChangeEventListener;                             : loaded 2 times (x 71B)
Class it.unimi.dsi.fastutil.objects.AbstractObjectCollection                          : loaded 2 times (x 145B)
Class kotlin.reflect.jvm.internal.impl.builtins.jvm.JvmBuiltInClassDescriptorFactory$Companion: loaded 2 times (x 73B)
Class kotlin.reflect.jvm.internal.impl.load.kotlin.header.ReadKotlinClassHeaderAnnotationVisitor$KotlinMetadataArgumentVisitor$2: loaded 2 times (x 87B)
Class kotlin.collections.AbstractList$SubList                                         : loaded 2 times (x 200B)
Class kotlin.reflect.jvm.internal.impl.metadata.jvm.JvmProtoBuf$StringTableTypes$Record$Operation: loaded 2 times (x 84B)
Class kotlin.reflect.jvm.internal.impl.serialization.deserialization.descriptors.DeserializedMemberScope$OptimizedImplementation$computeDescriptors$1$1: loaded 2 times (x 81B)
Class kotlin.reflect.jvm.internal.impl.load.kotlin.KotlinJvmBinaryClass               : loaded 2 times (x 72B)
Class kotlin.reflect.jvm.internal.impl.descriptors.impl.CompositePackageFragmentProvider: loaded 2 times (x 82B)
Class kotlin.reflect.jvm.internal.impl.metadata.ProtoBuf$Contract                     : loaded 2 times (x 98B)
Class kotlin.reflect.jvm.internal.impl.descriptors.impl.PropertyDescriptorImpl        : loaded 2 times (x 200B)
Class kotlin.reflect.jvm.internal.impl.descriptors.Visibilities$Unknown               : loaded 2 times (x 77B)
Class kotlin.reflect.jvm.internal.impl.serialization.deserialization.DeserializationComponents: loaded 2 times (x 74B)
Class kotlin.reflect.jvm.internal.impl.types.checker.KotlinTypeChecker                : loaded 2 times (x 72B)
Class kotlin.reflect.jvm.internal.impl.descriptors.runtime.components.ReflectKotlinClassFinder: loaded 2 times (x 81B)
Class com.google.common.collect.RegularImmutableSortedSet                             : loaded 2 times (x 302B)
Class org.jetbrains.kotlin.gradle.plugin.PropertiesProvider$booleanPropertyWithValueReporting$1: loaded 2 times (x 80B)
Class org.jetbrains.kotlin.gradle.dsl.jvm.JvmTargetValidationMode                     : loaded 2 times (x 81B)
Class com.google.common.collect.AbstractMapBasedMultimap$KeySet                       : loaded 2 times (x 139B)
Class org.jetbrains.kotlin.gradle.plugin.KotlinTargetConfiguratorKt$WhenMappings      : loaded 2 times (x 73B)
Class org.jetbrains.kotlin.project.model.LanguageSettings                             : loaded 2 times (x 72B)
Class org.jetbrains.kotlin.gradle.targets.native.KonanPropertiesBuildService$Parameters: loaded 2 times (x 72B)
Class org.jetbrains.kotlin.gradle.plugin.statistics.BuildFusService$Companion$registerIfAbsent$1$1: loaded 2 times (x 81B)
Class org.jetbrains.kotlin.gradle.internal.IsInIdeaSyncValueSource$Inject_            : loaded 2 times (x 111B)
Class org.jetbrains.kotlin.gradle.plugin.internal.CompatibilityConventionRegistrar$Factory: loaded 2 times (x 72B)
Class kotlin.reflect.jvm.internal.KMutableProperty0Impl$$Lambda$0                     : loaded 2 times (x 78B)
Class org.codehaus.groovy.ast.expr.VariableExpression                                 : loaded 2 times (x 158B)
Class org.codehaus.groovy.runtime.dgmimpl.arrays.ArrayPutAtMetaMethod                 : loaded 2 times (x 99B)
Class org.codehaus.groovy.ast.stmt.Statement                                          : loaded 2 times (x 112B)
Class kotlin.reflect.jvm.internal.impl.load.java.typeEnhancement.TypeComponentPosition: loaded 2 times (x 81B)
Class [Lorg.jetbrains.kotlin.config.LanguageOrApiVersion;                             : loaded 2 times (x 71B)
Class kotlinx.coroutines.DebugKt                                                      : loaded 2 times (x 73B)
Class org.jetbrains.kotlin.config.LanguageFeature$Companion                           : loaded 2 times (x 73B)
Class kotlin.coroutines.ContinuationInterceptor                                       : loaded 2 times (x 72B)
Class kotlin.reflect.jvm.internal.impl.SpecialJvmAnnotations                          : loaded 2 times (x 73B)
Class kotlin.reflect.jvm.internal.impl.name.FqName$Companion                          : loaded 2 times (x 73B)
Class kotlin.coroutines.AbstractCoroutineContextElement                               : loaded 2 times (x 91B)
Class groovy.lang.MetaClassImpl$1                                                     : loaded 2 times (x 77B)
Class kotlin.reflect.jvm.internal.impl.builtins.jvm.JvmBuiltIns$Settings              : loaded 2 times (x 74B)
Class kotlin.reflect.jvm.internal.impl.metadata.deserialization.ProtoTypeTableUtilKt  : loaded 2 times (x 73B)
Class kotlin.reflect.jvm.internal.impl.metadata.jvm.JvmProtoBuf$StringTableTypes$1    : loaded 2 times (x 89B)
Class kotlin.reflect.jvm.internal.impl.protobuf.MessageLite$Builder                   : loaded 2 times (x 72B)
Class kotlin.reflect.jvm.internal.impl.descriptors.Visibilities$Local                 : loaded 2 times (x 77B)
Class kotlin.reflect.jvm.internal.impl.descriptors.CallableMemberDescriptor$Kind      : loaded 2 times (x 81B)
Class kotlin.reflect.jvm.internal.impl.descriptors.CallableDescriptor                 : loaded 2 times (x 72B)
Class [Lcom.google.common.collect.HashBiMap$BiEntry;                                  : loaded 2 times (x 71B)
Class org.jetbrains.kotlin.gradle.plugin.mpp.InternalKotlinCompilation$DefaultImpls   : loaded 2 times (x 73B)
Class org.jetbrains.kotlin.gradle.plugin.mpp.KotlinMetadataTarget                     : loaded 2 times (x 160B)
Class org.jetbrains.kotlin.gradle.plugin.mpp.compilationImpl.KotlinCompilationSourceSetInclusion$DefaultAddSourcesToCompileTask: loaded 2 times (x 76B)
Class org.jetbrains.kotlin.gradle.tasks.configuration.BaseKotlinCompileConfig$1$jvmToolchain$1: loaded 2 times (x 76B)
Class org.jetbrains.kotlin.gradle.dsl.KotlinGradlePluginDsl                           : loaded 2 times (x 72B)
Class org.jetbrains.kotlin.tooling.core.MutableExtras                                 : loaded 2 times (x 72B)
Class org.jetbrains.kotlin.gradle.plugin.KotlinGradleBuildServices$detectKotlinPluginLoadedInMultipleProjects$onRegister$1: loaded 2 times (x 81B)
Class org.jetbrains.kotlin.gradle.plugin.BuildFinishAndConfigurationTimeMetricsFlowAction$Parameters_Decorated: loaded 2 times (x 138B)
Class org.jetbrains.kotlin.gradle.plugin.BuildFinishAndConfigurationTimeMetricsFlowAction$Parameters: loaded 2 times (x 72B)
Class org.codehaus.groovy.control.CompilationFailedException                          : loaded 2 times (x 90B)
Class org.codehaus.groovy.ast.stmt.CatchStatement                                     : loaded 2 times (x 116B)
Class groovy.lang.ExpandoMetaClass$Callable                                           : loaded 2 times (x 72B)
Class org.codehaus.groovy.runtime.metaclass.MissingPropertyExceptionNoStack           : loaded 2 times (x 91B)
Class groovy.lang.ObjectRange                                                         : loaded 2 times (x 246B)
Class org.codehaus.groovy.runtime.GeneratedLambda                                     : loaded 2 times (x 72B)
Class com.google.protobuf.Internal                                                    : loaded 2 times (x 73B)
Class kotlinx.coroutines.CompletionStateKt                                            : loaded 2 times (x 73B)
Class org.jetbrains.kotlin.name.FqName                                                : loaded 2 times (x 74B)
Class com.android.sdklib.AndroidVersion$PreviewType                                   : loaded 2 times (x 81B)
Class com.android.prefs.LocationValue                                                 : loaded 2 times (x 72B)
Class org.gradle.api.internal.classpath.EffectiveClassPath                            : loaded 2 times (x 92B)
Class org.jetbrains.kotlin.tooling.core.TypeUtils                                     : loaded 2 times (x 73B)
Class org.jetbrains.kotlin.build.report.metrics.DoNothingBuildMetricsReporter         : loaded 2 times (x 88B)
Class [Lorg.jetbrains.kotlin.build.report.metrics.BuildPerformanceMetric;             : loaded 2 times (x 71B)
Class kotlin.reflect.jvm.internal.impl.protobuf.ProtocolStringList                    : loaded 2 times (x 72B)
Class kotlin.reflect.jvm.internal.impl.serialization.deserialization.TypeDeserializer : loaded 2 times (x 74B)
Class kotlin.reflect.jvm.internal.impl.descriptors.PropertyDescriptor                 : loaded 2 times (x 72B)
Class kotlin.reflect.jvm.internal.impl.renderer.DescriptorRenderer$ValueParametersHandler: loaded 2 times (x 72B)
Class kotlin.reflect.jvm.internal.impl.storage.LockBasedStorageManager$LockBasedLazyValue: loaded 2 times (x 83B)
Class kotlin.reflect.jvm.internal.impl.serialization.deserialization.builtins.BuiltInsResourceLoader: loaded 2 times (x 74B)
Class com.google.common.collect.ImmutableMultimap                                     : loaded 2 times (x 148B)
Class com.google.common.base.Predicates                                               : loaded 2 times (x 73B)
Class org.jetbrains.kotlin.gradle.plugin.mpp.KotlinWithJavaTarget                     : loaded 2 times (x 159B)
Class org.jetbrains.kotlin.gradle.utils.StoredPropertyKt$extrasStoredProperty$1       : loaded 2 times (x 80B)
Class org.jetbrains.kotlin.gradle.tasks.CompileUsingKotlinDaemon                      : loaded 2 times (x 72B)
Class org.jetbrains.kotlin.gradle.plugin.KotlinPluginLifecycle$IllegalLifecycleException: loaded 2 times (x 84B)
Class org.jetbrains.kotlin.gradle.internal.properties.NativePropertiesLoader$userProvidedNativeHome$1: loaded 2 times (x 77B)
Class org.jetbrains.kotlin.gradle.plugin.KotlinGradleFinishBuildHandler               : loaded 2 times (x 74B)
Class org.jetbrains.kotlin.statistics.metrics.StringOverridePolicy$CONCAT             : loaded 2 times (x 87B)
Class org.jetbrains.kotlin.gradle.dsl.KotlinTopLevelExtension                         : loaded 2 times (x 72B)
Class org.jetbrains.kotlin.gradle.report.ConfigureReporingKt                          : loaded 2 times (x 73B)
Class com.google.common.hash.Hashing                                                  : loaded 2 times (x 73B)
Class com.android.tools.analytics.AnalyticsSettingsData$DataTypeAdapter               : loaded 2 times (x 75B)
Class org.jetbrains.kotlin.gradle.report.ReportingSettings$Companion                  : loaded 2 times (x 73B)
Class org.jetbrains.kotlin.config.LanguageFeatureBehaviorAfterSinceVersion$CannotBeDisabled: loaded 2 times (x 73B)
Class kotlinx.coroutines.CoroutineDispatcher                                          : loaded 2 times (x 102B)
Class org.jetbrains.kotlin.gradle.plugin.mpp.KotlinTargetComponentWithPublication     : loaded 2 times (x 72B)
Class org.jetbrains.kotlin.name.ClassId$Companion                                     : loaded 2 times (x 73B)
Class com.google.gson.JsonParseException                                              : loaded 2 times (x 84B)
Class com.android.tools.lint.model.DefaultLintModelJavaLibrary                        : loaded 2 times (x 105B)
Class com.android.prefs.PathLocator                                                   : loaded 2 times (x 75B)
Class kotlin.reflect.jvm.internal.KTypeImpl                                           : loaded 2 times (x 85B)
Class kotlin.reflect.jvm.internal.impl.resolve.scopes.receivers.ImplicitClassReceiver : loaded 2 times (x 84B)
Class kotlin.reflect.jvm.internal.impl.descriptors.runtime.components.PackagePartScopeCache: loaded 2 times (x 74B)
Class kotlin.reflect.jvm.internal.impl.metadata.ProtoBuf$Annotation$Argument$ValueOrBuilder: loaded 2 times (x 72B)
Class kotlin.reflect.jvm.internal.impl.serialization.deserialization.AnnotationDeserializer: loaded 2 times (x 74B)
Class kotlin.reflect.jvm.internal.impl.load.java.components.SignaturePropagator       : loaded 2 times (x 72B)
Class kotlin.reflect.jvm.internal.impl.load.kotlin.DeserializationComponentsForJava$Companion: loaded 2 times (x 73B)
Class org.jetbrains.kotlin.gradle.utils.StoredLazyProperty$getValue$1                 : loaded 2 times (x 81B)
Class org.jetbrains.kotlin.gradle.plugin.mpp.KotlinTargetWithBinaries                 : loaded 2 times (x 156B)
Class org.jetbrains.kotlin.gradle.plugin.ProjectLocalConfigurationsKt                 : loaded 2 times (x 73B)
Class [Lorg.jetbrains.kotlin.gradle.plugin.KotlinSourceSet;                           : loaded 2 times (x 71B)
Class org.jetbrains.kotlin.gradle.plugin.mpp.compilationImpl.factory.KotlinCompilationImplFactory: loaded 2 times (x 74B)
Class org.jetbrains.kotlin.statistics.metrics.IMetricContainerFactory                 : loaded 2 times (x 72B)
Class org.jetbrains.kotlin.statistics.MetricValueValidationFailed                     : loaded 2 times (x 84B)
Class org.jetbrains.kotlin.gradle.plugin.PropertiesProvider$localProperties$2         : loaded 2 times (x 81B)
Class com.google.common.cache.CacheBuilder$OneWeigher                                 : loaded 2 times (x 84B)
Class [Lgroovy.lang.MetaMethod;                                                       : loaded 2 times (x 71B)
Class com.android.builder.model.MavenCoordinates                                      : loaded 2 times (x 72B)
Class com.android.Version                                                             : loaded 2 times (x 73B)
Class org.jetbrains.kotlin.gradle.plugin.mpp.compilationImpl.KotlinCompilationLanguageSettingsConfigurator: loaded 2 times (x 76B)
Class com.android.sdklib.AndroidVersion                                               : loaded 2 times (x 77B)
Class com.android.tools.lint.model.LintModelLibraryResolver                           : loaded 2 times (x 72B)
Class kotlin.text.MatchResult$DefaultImpls                                            : loaded 2 times (x 73B)
Class com.android.tools.lint.model.LintModelSerialization$LintModelSerializationAdapter: loaded 2 times (x 72B)
Class [Lorg.jetbrains.kotlin.gradle.plugin.KotlinCompilation;                         : loaded 2 times (x 71B)
Class org.jetbrains.kotlin.build.report.metrics.BuildPerformanceMetrics               : loaded 2 times (x 74B)
Class kotlin.reflect.jvm.internal.impl.load.java.structure.JavaClassifierType         : loaded 2 times (x 72B)
Class kotlin.reflect.jvm.internal.impl.resolve.ExternalOverridabilityCondition$Result : loaded 2 times (x 81B)
Class kotlin.reflect.jvm.internal.impl.metadata.ProtoBuf$Annotation$Argument          : loaded 2 times (x 98B)
Class kotlin.reflect.jvm.internal.impl.resolve.scopes.InnerClassesScopeWrapper        : loaded 2 times (x 95B)
Class kotlin.reflect.jvm.internal.impl.protobuf.GeneratedMessageLite$Builder          : loaded 2 times (x 91B)
Class [Lkotlin.reflect.jvm.internal.impl.metadata.ProtoBuf$MemberKind;                : loaded 2 times (x 71B)
Class kotlin.reflect.jvm.internal.impl.descriptors.runtime.components.ReflectJavaClassFinderKt: loaded 2 times (x 73B)
Class kotlin.reflect.jvm.internal.impl.metadata.ProtoBuf$TypeParameter$Variance       : loaded 2 times (x 84B)
Class kotlin.reflect.jvm.internal.impl.metadata.ProtoBuf$Type                         : loaded 2 times (x 103B)
Class kotlin.reflect.jvm.internal.impl.protobuf.AbstractMessageLite                   : loaded 2 times (x 93B)
Class kotlin.reflect.jvm.internal.impl.descriptors.VariableAccessorDescriptor         : loaded 2 times (x 72B)
Class kotlin.reflect.jvm.internal.impl.load.kotlin.header.KotlinClassHeader$Kind      : loaded 2 times (x 81B)
Class kotlin.reflect.jvm.internal.impl.descriptors.annotations.AnnotatedImpl          : loaded 2 times (x 78B)
Class kotlin.reflect.jvm.internal.impl.types.model.SimpleTypeMarker                   : loaded 2 times (x 72B)
Class kotlin.reflect.jvm.internal.impl.serialization.deserialization.ErrorReporter    : loaded 2 times (x 72B)
Class com.google.common.collect.Ordering                                              : loaded 2 times (x 116B)
Class com.google.common.collect.ImmutableSortedMap                                    : loaded 2 times (x 219B)
Class org.jetbrains.kotlin.build.report.metrics.BuildMetricsReporterImpl              : loaded 2 times (x 100B)
Class org.jetbrains.kotlin.gradle.utils.WhenPluginEnabledKt$whenPluginsEnabled$1      : loaded 2 times (x 77B)
Class org.jetbrains.kotlin.gradle.tasks.AbstractKotlinCompileTool                     : loaded 2 times (x 366B)
Class org.jetbrains.kotlin.gradle.plugin.statistics.FlowActionBuildFusService$Companion$registerIfAbsentImpl$1$1: loaded 2 times (x 76B)
Class [Lorg.jetbrains.kotlin.gradle.report.BuildReportType;                           : loaded 2 times (x 71B)
Class org.jetbrains.kotlin.gradle.plugin.statistics.KotlinBuildStatsConfiguration     : loaded 2 times (x 74B)
Class org.jetbrains.kotlin.gradle.internal.properties.PropertiesBuildService$localProperties$2: loaded 2 times (x 81B)
Class org.gradle.internal.classloader.ClasspathUtil                                   : loaded 2 times (x 73B)
Class kotlin.reflect.jvm.internal.impl.load.kotlin.JavaFlexibleTypeDeserializer       : loaded 2 times (x 76B)
Class com.google.common.base.Charsets                                                 : loaded 2 times (x 73B)
Class org.codehaus.groovy.ast.tools.GeneralUtils$1                                    : loaded 2 times (x 130B)
Class org.codehaus.groovy.ast.expr.MethodReferenceExpression                          : loaded 2 times (x 133B)
Class org.codehaus.groovy.runtime.NumberAwareComparator                               : loaded 2 times (x 92B)
Class groovy.lang.ListWithDefault                                                     : loaded 2 times (x 177B)
Class [Lorg.codehaus.groovy.util.ReferenceType;                                       : loaded 2 times (x 71B)
Class kotlin.collections.builders.SetBuilder                                          : loaded 2 times (x 145B)
Class com.android.utils.PositionXmlParser$SaxParserFactoryFunction                    : loaded 2 times (x 72B)
Class [Lkotlin.reflect.jvm.internal.impl.protobuf.WireFormat$FieldType;               : loaded 2 times (x 71B)
Class kotlinx.coroutines.NonDisposableHandle                                          : loaded 2 times (x 80B)
Class it.unimi.dsi.fastutil.Hash                                                      : loaded 2 times (x 72B)
Class kotlin.reflect.jvm.internal.impl.metadata.ProtoBuf$Function$1                   : loaded 2 times (x 89B)
Class org.jetbrains.kotlin.build.report.metrics.RUN_COMPILATION                       : loaded 2 times (x 74B)
Class kotlin.jvm.internal.RepeatableContainer                                         : loaded 2 times (x 72B)
Class org.jetbrains.kotlin.cli.common.arguments.ParseCommandLineArgumentsKt           : loaded 2 times (x 73B)
Class kotlin.reflect.jvm.internal.impl.resolve.ExternalOverridabilityCondition$Contract: loaded 2 times (x 81B)
Class kotlin.reflect.jvm.internal.impl.load.java.sources.JavaSourceElement            : loaded 2 times (x 72B)
Class kotlin.reflect.jvm.internal.impl.load.java.lazy.descriptors.LazyJavaPackageScope$KotlinClassLookupResult$NotFound: loaded 2 times (x 73B)
Class kotlin.reflect.jvm.internal.impl.metadata.ProtoBuf$QualifiedNameTable$QualifiedName$1: loaded 2 times (x 89B)
Class kotlin.reflect.jvm.internal.impl.metadata.ProtoBuf$QualifiedNameTable           : loaded 2 times (x 98B)
Class kotlin.reflect.jvm.internal.impl.load.kotlin.SignatureBuildingComponents        : loaded 2 times (x 73B)
Class kotlin.reflect.jvm.internal.impl.metadata.jvm.JvmProtoBuf$JvmMethodSignature$Builder: loaded 2 times (x 93B)
Class kotlin.reflect.jvm.internal.CreateKCallableVisitor                              : loaded 2 times (x 106B)
Class kotlin.reflect.jvm.internal.impl.metadata.jvm.JvmProtoBuf$JvmFieldSignatureOrBuilder: loaded 2 times (x 72B)
Class kotlin.reflect.jvm.internal.impl.resolve.scopes.MemberScope                     : loaded 2 times (x 72B)
Class kotlin.reflect.jvm.internal.impl.storage.StorageKt                              : loaded 2 times (x 73B)
Class org.jetbrains.kotlin.gradle.utils.StringUtilsKt$lowerCamelCaseName$1            : loaded 2 times (x 127B)
Class org.jetbrains.kotlin.gradle.plugin.mpp.compilationImpl.DefaultKotlinCompilationFriendPathsResolver$DefaultFriendArtifactResolver: loaded 2 times (x 76B)
Class org.jetbrains.kotlin.gradle.dsl.KotlinCompile                                   : loaded 2 times (x 72B)
Class org.jetbrains.kotlin.gradle.dsl.JvmTarget$Companion                             : loaded 2 times (x 73B)
Class org.jetbrains.kotlin.gradle.internal.properties.NativePropertiesLoader$downloadFromMaven$1: loaded 2 times (x 77B)
Class org.jetbrains.kotlin.gradle.plugin.internal.DefaultConfigurationCacheStartParameterAccessor_Decorated: loaded 2 times (x 123B)
Class org.jetbrains.kotlin.gradle.plugin.internal.DefaultConfigurationCacheStartParameterAccessor: loaded 2 times (x 79B)
Class org.jetbrains.kotlin.tooling.core.HasExtras                                     : loaded 2 times (x 72B)
Class com.google.common.util.concurrent.Uninterruptibles                              : loaded 2 times (x 73B)
Class kotlin.reflect.jvm.internal.impl.metadata.ProtoBuf$EnumEntry                    : loaded 2 times (x 103B)
Class kotlin.reflect.jvm.internal.impl.load.java.structure.JavaElement                : loaded 2 times (x 72B)
Class com.google.protobuf.ByteString$2                                                : loaded 2 times (x 93B)
Class com.android.tools.analytics.HostData$garbageCollectorBeans$2                    : loaded 2 times (x 80B)
Class com.android.tools.analytics.UsageTracker                                        : loaded 2 times (x 73B)
Class org.codehaus.groovy.control.ConfigurationException                              : loaded 2 times (x 90B)
Class groovy.lang.GroovyClassLoader$1                                                 : loaded 2 times (x 78B)
Class org.codehaus.groovy.control.CompilationUnit$PhaseOperation                      : loaded 2 times (x 72B)
Class org.codehaus.groovy.ast.ClassCodeVisitorSupport                                 : loaded 2 times (x 213B)
Class org.codehaus.groovy.runtime.dgmimpl.NumberNumberMetaMethod                      : loaded 2 times (x 116B)
Class groovy.io.FileType                                                              : loaded 2 times (x 81B)
Class org.codehaus.groovy.runtime.m12n.ExtensionModuleScanner$ExtensionModuleListener : loaded 2 times (x 72B)
Class kotlin.sequences.DistinctSequence                                               : loaded 2 times (x 77B)
Class kotlin.reflect.jvm.internal.impl.builtins.functions.FunctionTypeKind$KSuspendFunction: loaded 2 times (x 74B)
Class kotlin.reflect.jvm.internal.KClassImpl$$Lambda$0                                : loaded 2 times (x 78B)
Class kotlin.reflect.jvm.internal.impl.load.kotlin.header.ReadKotlinClassHeaderAnnotationVisitor$KotlinMetadataArgumentVisitor$1: loaded 2 times (x 87B)
Class [Lkotlin.reflect.jvm.internal.impl.types.model.TypeParameterMarker;             : loaded 2 times (x 71B)
Class kotlin.io.FileTreeWalk$FileTreeWalkIterator                                     : loaded 2 times (x 85B)
Class jdk.internal.jrtfs.ExplodedImage                                                : loaded 2 times (x 79B)
Class kotlin.reflect.jvm.internal.impl.types.checker.ClassicTypeSystemContext         : loaded 2 times (x 72B)
Class kotlin.reflect.jvm.internal.impl.load.kotlin.header.ReadKotlinClassHeaderAnnotationVisitor$CollectStringArrayAnnotationVisitor: loaded 2 times (x 87B)
Class kotlin.reflect.jvm.internal.impl.descriptors.DelegatedDescriptorVisibility      : loaded 2 times (x 78B)
Class [Lkotlin.reflect.jvm.internal.impl.load.kotlin.header.KotlinClassHeader$Kind;   : loaded 2 times (x 71B)
Class build_chzb4lao361kydy19dek8nrgq$_run_closure1                                   : loaded 2 times (x 140B)
Class com.google.common.collect.AbstractMapBasedMultimap$WrappedSet                   : loaded 2 times (x 144B)
Class com.google.common.io.CharSource                                                 : loaded 2 times (x 87B)
Class org.jetbrains.kotlin.konan.target.HostManager$Companion                         : loaded 2 times (x 73B)
Class org.jetbrains.kotlin.gradle.utils.GradleConfigurationUtilsKt$addGradlePluginMetadataAttributes$1: loaded 2 times (x 77B)
Class org.jetbrains.kotlin.gradle.plugin.internal.DefaultProjectIsolationStartParameterAccessor: loaded 2 times (x 79B)
Class org.jetbrains.kotlin.gradle.plugin.KaptExtension                                : loaded 2 times (x 136B)
Class org.jetbrains.kotlin.gradle.dsl.KotlinAndroidExtension                          : loaded 2 times (x 72B)
Class org.jetbrains.kotlin.gradle.plugin.AbstractKotlinMultiplatformPluginWrapper     : loaded 2 times (x 88B)
Class com.google.common.util.concurrent.LazyLogger                                    : loaded 2 times (x 74B)
Class org.gradle.api.specs.Spec                                                       : loaded 2 times (x 72B)
Class kotlin.sequences.SequencesKt___SequencesKt$flatMap$2                            : loaded 2 times (x 127B)
Class com.google.protobuf.LazyStringArrayList                                         : loaded 2 times (x 316B)
Class [Lcom.google.protobuf.ProtocolMessageEnum;                                      : loaded 2 times (x 71B)
Class org.codehaus.groovy.ast.expr.AttributeExpression                                : loaded 2 times (x 141B)
Class groovy.lang.Tuple10                                                             : loaded 2 times (x 208B)
Class org.codehaus.groovy.runtime.memoize.StampedCommonCache                          : loaded 2 times (x 156B)
Class org.codehaus.groovy.reflection.AccessPermissionChecker                          : loaded 2 times (x 73B)
Class org.codehaus.groovy.runtime.metaclass.MixinInstanceMetaMethod                   : loaded 2 times (x 98B)
Class groovy.lang.MetaClass                                                           : loaded 2 times (x 72B)
Class org.codehaus.groovy.reflection.ClassInfo                                        : loaded 2 times (x 94B)
Class [Lcom.android.ide.common.repository.AgpVersion$PreviewKind;                     : loaded 2 times (x 71B)
Class org.codehaus.groovy.reflection.CachedClass                                      : loaded 2 times (x 97B)
Class kotlin.reflect.jvm.internal.CachesKt$$Lambda$0                                  : loaded 2 times (x 77B)
Class org.apache.groovy.util.BeanUtils                                                : loaded 2 times (x 73B)
Class com.google.protobuf.UnknownFieldSet                                             : loaded 2 times (x 89B)
Class org.jetbrains.kotlin.name.Name                                                  : loaded 2 times (x 77B)
Class com.android.ide.common.rendering.api.ResourceNamespace$AaptNamespace            : loaded 2 times (x 82B)
Class org.gradle.internal.classloader.ClassLoaderVisitor                              : loaded 2 times (x 78B)
Class com.android.tools.lint.model.LintModelExternalLibrary                           : loaded 2 times (x 72B)
Class org.jetbrains.kotlin.statistics.metrics.StringAnonymizationPolicy               : loaded 2 times (x 80B)
Class kotlin.jvm.internal.KTypeBase                                                   : loaded 2 times (x 72B)
Class kotlin.reflect.jvm.internal.impl.metadata.jvm.JvmProtoBuf$StringTableTypes$RecordOrBuilder: loaded 2 times (x 72B)
Class kotlin.reflect.jvm.internal.impl.metadata.jvm.deserialization.JvmNameResolver   : loaded 2 times (x 79B)
Class kotlin.reflect.jvm.internal.impl.types.DelegatingSimpleType                     : loaded 2 times (x 93B)
Class kotlin.reflect.jvm.internal.impl.types.AbstractClassTypeConstructor             : loaded 2 times (x 99B)
Class kotlin.reflect.jvm.internal.impl.descriptors.PackageFragmentDescriptor          : loaded 2 times (x 72B)
Class kotlin.reflect.jvm.internal.impl.resolve.constants.UnsignedValueConstant        : loaded 2 times (x 76B)
Class org.jetbrains.kotlin.gradle.tasks.GradleCompileTaskProviderKt                   : loaded 2 times (x 73B)
Class org.jetbrains.kotlin.gradle.plugin.mpp.compilationImpl.KotlinCompilationImpl$Params: loaded 2 times (x 74B)
Class org.jetbrains.kotlin.gradle.tasks.configuration.BaseKotlinCompileConfig$Companion: loaded 2 times (x 73B)
Class org.jetbrains.kotlin.gradle.targets.native.toolchain.KotlinNativeBundleBuildService$Companion$registerIfAbsent$2$1: loaded 2 times (x 81B)
Class org.jetbrains.kotlin.gradle.plugin.statistics.KotlinBuildStatsBeanService       : loaded 2 times (x 89B)
Class org.jetbrains.kotlin.gradle.plugin.internal.MavenPublicationComponentAccessor$Factory: loaded 2 times (x 72B)
Class org.jetbrains.kotlin.statistics.metrics.NumberAnonymizationPolicy               : loaded 2 times (x 87B)
Class com.google.protobuf.UninitializedMessageException                               : loaded 2 times (x 86B)
Class com.android.tools.analytics.AnonymousUsageTrackerWriter                         : loaded 2 times (x 85B)
Class groovy.transform.SelfType                                                       : loaded 2 times (x 72B)
Class groovy.lang.Tuple11                                                             : loaded 2 times (x 208B)
Class groovy.lang.Tuple0                                                              : loaded 2 times (x 208B)
Class [Lorg.codehaus.groovy.ast.ASTNode;                                              : loaded 2 times (x 71B)
Class groovy.lang.EmptyRange                                                          : loaded 2 times (x 244B)
Class org.codehaus.groovy.reflection.stdclasses.IntegerCachedClass                    : loaded 2 times (x 97B)
Class org.jetbrains.kotlin.gradle.report.BuildMetricsService                          : loaded 2 times (x 88B)
Class kotlin.reflect.jvm.internal.CachesKt$$Lambda$1                                  : loaded 2 times (x 77B)
Class org.jetbrains.kotlin.gradle.plugin.PropertiesProvider$classLoaderCacheTimeoutInSeconds$1: loaded 2 times (x 77B)
Class kotlinx.coroutines.CoroutineContextKt                                           : loaded 2 times (x 73B)
Class it.unimi.dsi.fastutil.HashCommon                                                : loaded 2 times (x 73B)
Class org.jetbrains.kotlin.gradle.dsl.abi.ExperimentalAbiValidation                   : loaded 2 times (x 72B)
Class com.android.tools.lint.model.LintModelVariant                                   : loaded 2 times (x 72B)
Class org.jetbrains.kotlin.compilerRunner.CompilerSystemPropertiesService$Parameters_Decorated: loaded 2 times (x 132B)
Class org.jetbrains.kotlin.gradle.plugin.diagnostics.UsesKotlinToolingDiagnosticsParameters: loaded 2 times (x 72B)
Class kotlin.reflect.jvm.internal.impl.metadata.jvm.deserialization.JvmMemberSignature: loaded 2 times (x 76B)
Class kotlin.reflect.jvm.internal.impl.load.java.lazy.descriptors.LazyJavaClassMemberScope: loaded 2 times (x 106B)
Class kotlin.reflect.jvm.internal.impl.types.AbstractTypeRefiner                      : loaded 2 times (x 74B)
Class kotlin.reflect.jvm.internal.impl.load.java.lazy.JavaResolverComponents          : loaded 2 times (x 74B)
Class build_eoimdris1x73otyh0h3qjep6t$_run_closure1                                   : loaded 2 times (x 140B)
Class org.jetbrains.kotlin.gradle.tasks.configuration.AbstractKotlinCompileConfig$1$1 : loaded 2 times (x 76B)
Class org.jetbrains.kotlin.gradle.tasks.KotlinCompile$kotlinOptions$1                 : loaded 2 times (x 81B)
Class org.jetbrains.kotlin.tooling.core.ExtrasLazyProperty                            : loaded 2 times (x 72B)
Class org.jetbrains.kotlin.gradle.utils.StringUtilsKt                                 : loaded 2 times (x 73B)
Class org.jetbrains.kotlin.gradle.utils.CompletableFuture                             : loaded 2 times (x 72B)
Class [Lorg.jetbrains.kotlin.statistics.metrics.StringOverridePolicy;                 : loaded 2 times (x 71B)
Class org.jetbrains.kotlin.gradle.plugin.internal.JavaExecTaskParametersCompatibility : loaded 2 times (x 72B)
Class com.google.common.cache.LocalCache$LoadingValueReference                        : loaded 2 times (x 98B)
Class com.google.protobuf.GeneratedMessageV3$1                                        : loaded 2 times (x 80B)
Class org.jetbrains.kotlin.gradle.plugin.diagnostics.ToolingDiagnosticRenderingOptions: loaded 2 times (x 74B)
Class groovy.lang.Tuple12                                                             : loaded 2 times (x 208B)
Class groovy.lang.Tuple1                                                              : loaded 2 times (x 208B)
Class org.codehaus.groovy.runtime.ScriptBytecodeAdapter                               : loaded 2 times (x 73B)
Class org.codehaus.groovy.runtime.callsite.CallSiteArray                              : loaded 2 times (x 74B)
Class org.codehaus.groovy.runtime.typehandling.GroovyCastException                    : loaded 2 times (x 84B)
Class org.codehaus.groovy.runtime.DefaultGroovyMethods                                : loaded 2 times (x 73B)
Class groovy.lang.StringWriterIOException                                             : loaded 2 times (x 85B)
Class groovy.lang.GroovySystem                                                        : loaded 2 times (x 73B)
Class com.android.utils.PositionXmlParser$DomBuilder                                  : loaded 2 times (x 150B)
Class [Lorg.jetbrains.kotlin.gradle.dsl.KotlinVersion;                                : loaded 2 times (x 71B)
Class kotlin.reflect.jvm.internal.CachesKt$$Lambda$2                                  : loaded 2 times (x 77B)
Class kotlinx.coroutines.internal.DispatchedContinuation                              : loaded 2 times (x 91B)
Class kotlinx.coroutines.internal.Symbol                                              : loaded 2 times (x 74B)
Class org.jetbrains.kotlin.gradle.plugin.KotlinTargetWithTests                        : loaded 2 times (x 72B)
Class org.jetbrains.kotlin.gradle.plugin.PropertiesProvider$kotlinCompilerArgumentsLogLevel$1: loaded 2 times (x 76B)
Class [Lcom.android.tools.lint.model.LintModelArtifactType;                           : loaded 2 times (x 71B)
Class com.android.tools.lint.model.LintModelMavenName                                 : loaded 2 times (x 72B)
Class com.google.common.collect.ReverseNaturalOrdering                                : loaded 2 times (x 116B)
Class org.jetbrains.kotlin.incremental.ClasspathSnapshotFiles$Companion               : loaded 2 times (x 73B)
Class kotlin.reflect.jvm.internal.impl.descriptors.impl.SimpleFunctionDescriptorImpl  : loaded 2 times (x 200B)
Class kotlin.reflect.jvm.internal.impl.serialization.deserialization.descriptors.DeserializedCallableMemberDescriptor: loaded 2 times (x 72B)
Class kotlin.reflect.jvm.internal.impl.serialization.deserialization.builtins.BuiltInsPackageFragmentImpl: loaded 2 times (x 113B)
Class kotlin.reflect.jvm.internal.impl.metadata.ProtoBuf$VersionRequirement$VersionKind: loaded 2 times (x 84B)
Class kotlin.reflect.jvm.internal.impl.descriptors.runtime.components.ReflectKotlinClassFinderKt: loaded 2 times (x 73B)
Class kotlin.reflect.jvm.internal.impl.descriptors.impl.ModuleDependenciesImpl        : loaded 2 times (x 79B)
Class kotlin.reflect.jvm.internal.impl.resolve.jvm.SyntheticJavaPartsProvider$Companion: loaded 2 times (x 73B)
Class kotlin.reflect.jvm.internal.impl.resolve.jvm.SyntheticJavaPartsProvider         : loaded 2 times (x 72B)
Class kotlin.reflect.jvm.internal.impl.load.java.JavaTypeEnhancementState$Companion   : loaded 2 times (x 73B)
Class kotlin.reflect.jvm.internal.impl.builtins.jvm.JvmBuiltIns$WhenMappings          : loaded 2 times (x 73B)
Class com.google.common.io.ByteSource$ConcatenatedByteSource                          : loaded 2 times (x 87B)
Class com.google.common.reflect.Invokable$MethodInvokable                             : loaded 2 times (x 109B)
Class com.google.common.io.LineReader$1                                               : loaded 2 times (x 77B)
Class com.google.common.collect.CollectSpliterators                                   : loaded 2 times (x 73B)
Class com.google.common.collect.AbstractMapBasedMultimap$AsMap                        : loaded 2 times (x 130B)
Class com.google.common.collect.MapMakerInternalMap$StrongKeyDummyValueEntry          : loaded 2 times (x 84B)
Class org.jetbrains.kotlin.gradle.tasks.configuration.AbstractKotlinCompileConfig$getClasspathSnapshotDir$1: loaded 2 times (x 76B)
Class org.jetbrains.kotlin.gradle.tasks.configuration.AbstractKotlinCompileConfig$1$2 : loaded 2 times (x 76B)
Class com.google.common.collect.Multimaps$Entries                                     : loaded 2 times (x 120B)
Class [Lorg.jetbrains.kotlin.statistics.metrics.BooleanAnonymizationPolicy;           : loaded 2 times (x 71B)
Class org.jetbrains.kotlin.gradle.plugin.KotlinTarget                                 : loaded 2 times (x 72B)
Class [Lcom.google.common.collect.AbstractIterator$State;                             : loaded 2 times (x 71B)
Class com.google.protobuf.Internal$LongList                                           : loaded 2 times (x 72B)
Class com.google.gson.JsonIOException                                                 : loaded 2 times (x 84B)
Class groovy.lang.Tuple13                                                             : loaded 2 times (x 208B)
Class groovy.lang.Tuple2                                                              : loaded 2 times (x 208B)
Class org.codehaus.groovy.reflection.ReflectionUtils$ClassContextHelper               : loaded 2 times (x 103B)
Class org.codehaus.groovy.ast.ClassNode                                               : loaded 2 times (x 244B)
Class org.codehaus.groovy.reflection.stdclasses.ByteCachedClass                       : loaded 2 times (x 97B)
Class kotlin.reflect.jvm.internal.KMutableProperty1Impl$$Lambda$0                     : loaded 2 times (x 78B)
Class kotlin.coroutines.jvm.internal.RestrictedSuspendLambda                          : loaded 2 times (x 93B)
Class kotlin.reflect.jvm.internal.CachesKt$$Lambda$3                                  : loaded 2 times (x 77B)
Class com.android.tools.lint.model.LintModelLibrary                                   : loaded 2 times (x 72B)
Class kotlin.reflect.jvm.internal.impl.builtins.jvm.JvmBuiltIns$Kind                  : loaded 2 times (x 81B)
Class kotlin.reflect.jvm.internal.impl.types.checker.KotlinTypeChecker$TypeConstructorEquality: loaded 2 times (x 72B)
Class kotlin.reflect.jvm.internal.impl.types.TypeSubstitution$Companion$EMPTY$1       : loaded 2 times (x 79B)
Class [Lkotlin.reflect.jvm.internal.impl.renderer.DescriptorRendererModifier;         : loaded 2 times (x 71B)
Class kotlin.reflect.jvm.internal.impl.types.TypeUtils                                : loaded 2 times (x 73B)
Class org.jetbrains.kotlin.build.report.metrics.GradleBuildTimeMetric                 : loaded 2 times (x 74B)
Class kotlin.reflect.jvm.internal.calls.CallerImpl$Method$Instance                    : loaded 2 times (x 83B)
Class kotlin.reflect.jvm.internal.calls.CallerImpl$Companion                          : loaded 2 times (x 73B)
Class [Lkotlin.reflect.jvm.internal.impl.descriptors.DeclarationDescriptorWithSource; : loaded 2 times (x 71B)
Class kotlin.reflect.jvm.internal.impl.protobuf.GeneratedMessageLite$ExtendableMessage$ExtensionWriter: loaded 2 times (x 75B)
Class kotlin.reflect.jvm.internal.impl.descriptors.PackageFragmentProviderKt          : loaded 2 times (x 73B)
Class kotlin.reflect.jvm.internal.impl.serialization.deserialization.ClassDeserializer$Companion: loaded 2 times (x 73B)
Class kotlin.reflect.jvm.internal.impl.protobuf.ByteString$ByteIterator               : loaded 2 times (x 72B)
Class kotlin.reflect.jvm.internal.impl.resolve.constants.ShortValue                   : loaded 2 times (x 76B)
Class kotlin.reflect.jvm.internal.impl.types.TypeProjection                           : loaded 2 times (x 72B)
Class com.google.common.collect.CompoundOrdering                                      : loaded 2 times (x 117B)
Class com.google.common.collect.AbstractMapBasedMultimap$WrappedList                  : loaded 2 times (x 207B)
Class [Lorg.jetbrains.kotlin.build.report.metrics.BuildAttributeKind;                 : loaded 2 times (x 71B)
Class org.jetbrains.kotlin.gradle.tasks.K2MultiplatformStructure                      : loaded 2 times (x 76B)
Class org.jetbrains.kotlin.gradle.plugin.mpp.compilationImpl.KotlinCompilationSourceSetsContainer: loaded 2 times (x 72B)
Class org.jetbrains.kotlin.gradle.plugin.diagnostics.KotlinToolingDiagnosticsCollector$Parameter: loaded 2 times (x 72B)
Class org.jetbrains.kotlin.gradle.plugin.diagnostics.KotlinToolingDiagnosticsCollectorKt$kotlinToolingDiagnosticsCollectorProvider$1: loaded 2 times (x 77B)
Class org.jetbrains.kotlin.compilerRunner.CompilerSystemPropertiesService$Parameters  : loaded 2 times (x 72B)
Class [Lorg.objectweb.asm.AnnotationWriter;                                           : loaded 2 times (x 71B)
Class org.jetbrains.kotlin.gradle.plugin.ProjectLocalConfigurations                   : loaded 2 times (x 73B)
Class org.jetbrains.kotlin.gradle.plugin.mpp.KotlinUsages$KotlinUsagesDisambiguation  : loaded 2 times (x 78B)
Class org.jetbrains.kotlin.tooling.core.Extras$Key$Companion                          : loaded 2 times (x 73B)
Class org.jetbrains.kotlin.tooling.core.Extras$Key                                    : loaded 2 times (x 74B)
Class [Lkotlin.reflect.jvm.internal.impl.descriptors.annotations.Annotated;           : loaded 2 times (x 71B)
Class com.google.protobuf.InvalidProtocolBufferException                              : loaded 2 times (x 89B)
Class kotlin.collections.MutableMapWithDefaultImpl                                    : loaded 2 times (x 146B)
Class groovy.lang.Tuple14                                                             : loaded 2 times (x 208B)
Class groovy.lang.Tuple3                                                              : loaded 2 times (x 208B)
Class org.codehaus.groovy.ast.stmt.AssertStatement                                    : loaded 2 times (x 116B)
Class org.codehaus.groovy.control.ResolveVisitor                                      : loaded 2 times (x 238B)
Class org.codehaus.groovy.runtime.typehandling.DefaultTypeTransformation              : loaded 2 times (x 73B)
Class org.codehaus.groovy.util.SingleKeyHashMap$Copier                                : loaded 2 times (x 72B)
Class groovy.lang.MetaClassImpl                                                       : loaded 2 times (x 195B)
Class kotlin.reflect.jvm.internal.impl.name.CallableId                                : loaded 2 times (x 74B)
Class kotlin.sequences.SequencesKt__SequenceBuilderKt$sequence$$inlined$Sequence$1    : loaded 2 times (x 77B)
Class kotlin.reflect.jvm.internal.CachesKt$$Lambda$4                                  : loaded 2 times (x 77B)
Class kotlin.collections.ArrayAsCollection                                            : loaded 2 times (x 107B)
Class kotlin.reflect.jvm.internal.impl.descriptors.runtime.structure.Java16SealedRecordLoader: loaded 2 times (x 73B)
Class com.android.utils.EnvironmentProvider$DirectEnvironmentProvider                 : loaded 2 times (x 82B)
Class com.android.utils.EnvironmentProvider                                           : loaded 2 times (x 72B)
Class kotlin.text.MatcherMatchResult$groupValues$1                                    : loaded 2 times (x 200B)
Class org.jetbrains.kotlin.cli.jvm.compiler.KotlinCoreEnvironment$Companion           : loaded 2 times (x 73B)
Class kotlin.reflect.jvm.internal.impl.utils.SmartSet$SingletonIterator               : loaded 2 times (x 83B)
Class kotlin.reflect.jvm.internal.impl.resolve.calls.inference.CapturedTypeConstructorKt: loaded 2 times (x 73B)
Class kotlin.reflect.jvm.internal.impl.types.model.TypeParameterMarker                : loaded 2 times (x 72B)
Class kotlin.reflect.jvm.internal.impl.metadata.deserialization.Flags$FlagField       : loaded 2 times (x 75B)
Class kotlin.reflect.jvm.internal.impl.descriptors.impl.VariableDescriptorImpl        : loaded 2 times (x 143B)
Class kotlin.reflect.jvm.internal.impl.descriptors.ClassConstructorDescriptor         : loaded 2 times (x 72B)
Class kotlin.reflect.jvm.internal.impl.renderer.OverrideRenderingPolicy               : loaded 2 times (x 81B)
Class kotlin.reflect.jvm.internal.impl.utils.WrappedValues$1                          : loaded 2 times (x 73B)
Class kotlin.reflect.jvm.internal.impl.descriptors.deserialization.PlatformDependentDeclarationFilter: loaded 2 times (x 72B)
Class kotlin.reflect.jvm.internal.impl.descriptors.Named                              : loaded 2 times (x 72B)
Class kotlinx.coroutines.CopyableThreadContextElement                                 : loaded 2 times (x 72B)
Class com.google.common.collect.ImmutableRangeSet$Builder                             : loaded 2 times (x 79B)
Class org.jetbrains.kotlin.gradle.plugin.sources.DefaultKotlinSourceSetKt             : loaded 2 times (x 73B)
Class org.jetbrains.kotlin.gradle.dsl.KotlinJvmOptions                                : loaded 2 times (x 72B)
Class com.google.common.collect.Lists$ReverseList$1                                   : loaded 2 times (x 101B)
Class [Lcom.google.common.collect.Iterators$EmptyModifiableIterator;                  : loaded 2 times (x 71B)
Class org.jetbrains.kotlin.gradle.plugin.mpp.HierarchyAttributeContainer$1            : loaded 2 times (x 80B)
Class org.jetbrains.kotlin.gradle.dsl.ToolchainSupport                                : loaded 2 times (x 72B)
Class org.jetbrains.kotlin.tooling.core.Extras                                        : loaded 2 times (x 72B)
Class org.jetbrains.kotlin.gradle.plugin.KotlinJsPluginWrapper                        : loaded 2 times (x 88B)
Class org.jetbrains.kotlin.gradle.fus.BuildUidService$Inject_                         : loaded 2 times (x 102B)
Class org.jetbrains.kotlin.statistics.metrics.NumberAnonymizationPolicy$RANDOM_10_PERCENT: loaded 2 times (x 87B)
Class org.jetbrains.kotlin.statistics.metrics.StringMetrics                           : loaded 2 times (x 81B)
Class org.jetbrains.kotlin.gradle.plugin.mpp.InternalKotlinTarget                     : loaded 2 times (x 72B)
Class com.google.common.cache.LocalCache$StrongValueReference                         : loaded 2 times (x 92B)
Class com.google.common.collect.RegularImmutableBiMap$Inverse                         : loaded 2 times (x 145B)
Class com.google.wireless.android.sdk.stats.GradleBuildProfile                        : loaded 2 times (x 249B)
Class com.google.protobuf.Extension                                                   : loaded 2 times (x 87B)
Class com.google.protobuf.MessageOrBuilder                                            : loaded 2 times (x 72B)
Class org.codehaus.groovy.util.URLStreams                                             : loaded 2 times (x 73B)
Class groovy.lang.Tuple15                                                             : loaded 2 times (x 208B)
Class groovy.lang.Tuple4                                                              : loaded 2 times (x 208B)
Class org.codehaus.groovy.ast.expr.MethodCallExpression                               : loaded 2 times (x 154B)
Class org.codehaus.groovy.runtime.dgmimpl.arrays.LongArrayGetAtMetaMethod             : loaded 2 times (x 99B)
Class org.codehaus.groovy.runtime.dgmimpl.arrays.ArrayGetAtMetaMethod                 : loaded 2 times (x 99B)
Class kotlin.reflect.jvm.internal.KPropertyImpl$$Lambda$1                             : loaded 2 times (x 78B)
Class it.unimi.dsi.fastutil.ints.AbstractIntSet                                       : loaded 2 times (x 235B)
Class groovy.lang.GroovyInterceptable                                                 : loaded 2 times (x 72B)
Class com.google.common.hash.AbstractHasher                                           : loaded 2 times (x 144B)
Class kotlin.jvm.internal.Ref$ObjectRef                                               : loaded 2 times (x 74B)
Class kotlin.jvm.internal.FloatCompanionObject                                        : loaded 2 times (x 73B)
Class kotlin.reflect.jvm.internal.JvmFunctionSignature$KotlinFunction                 : loaded 2 times (x 75B)
Class kotlin.reflect.jvm.internal.impl.metadata.jvm.deserialization.ClassMapperLite   : loaded 2 times (x 73B)
Class kotlin.reflect.jvm.internal.impl.descriptors.impl.AbstractLazyTypeParameterDescriptor: loaded 2 times (x 125B)
Class [Lkotlin.reflect.jvm.internal.impl.metadata.ProtoBuf$Visibility;                : loaded 2 times (x 71B)
Class kotlin.reflect.jvm.internal.impl.metadata.jvm.deserialization.UtfEncodingKt     : loaded 2 times (x 73B)
Class kotlin.reflect.jvm.internal.impl.descriptors.runtime.components.ReflectKotlinClass$Factory: loaded 2 times (x 73B)
Class kotlin.reflect.jvm.internal.impl.serialization.deserialization.DeserializationConfiguration: loaded 2 times (x 72B)
Class kotlin.reflect.jvm.internal.impl.load.kotlin.header.KotlinClassHeader$Kind$Companion: loaded 2 times (x 73B)
Class org.jetbrains.kotlin.gradle.tasks.CompilerPluginOptions                         : loaded 2 times (x 74B)
Class org.jetbrains.kotlin.gradle.dsl.KotlinCommonCompilerOptionsHelper               : loaded 2 times (x 73B)
Class org.jetbrains.kotlin.gradle.internal.properties.PropertiesBuildService$property$1$valueFromGradleAndLocalProperties$1: loaded 2 times (x 77B)
Class org.jetbrains.kotlin.gradle.plugin.KotlinPluginWrapperKt$kotlinToolingVersion$2 : loaded 2 times (x 80B)
Class org.gradle.internal.classloader.VisitableURLClassLoader$InstrumentingVisitableURLClassLoader: loaded 2 times (x 124B)
Class com.google.wireless.android.sdk.stats.AndroidStudioEventOrBuilder               : loaded 2 times (x 72B)
Class com.android.ide.common.gradle.DEV                                               : loaded 2 times (x 79B)
Class groovy.lang.Tuple16                                                             : loaded 2 times (x 208B)
Class groovy.lang.Tuple5                                                              : loaded 2 times (x 208B)
Class groovy.lang.MetaClassImpl$DummyMetaMethod                                       : loaded 2 times (x 99B)
Class org.codehaus.groovy.runtime.dgmimpl.arrays.ShortArrayPutAtMetaMethod            : loaded 2 times (x 99B)
Class org.codehaus.groovy.transform.trait.Traits$Implemented                          : loaded 2 times (x 72B)
Class com.google.common.collect.MapMakerInternalMap$AbstractWeakKeyEntry              : loaded 2 times (x 90B)
Class com.google.wireless.android.sdk.stats.GarbageCollectionStatsOrBuilder           : loaded 2 times (x 72B)
Class org.gradle.internal.classloader.DefaultClassLoaderFactory                       : loaded 2 times (x 84B)
Class com.google.common.base.Suppliers                                                : loaded 2 times (x 73B)
Class [Lcom.google.common.cache.CacheBuilder$OneWeigher;                              : loaded 2 times (x 71B)
Class kotlin.coroutines.Continuation                                                  : loaded 2 times (x 72B)
Class kotlin.coroutines.CoroutineContext$Element$DefaultImpls                         : loaded 2 times (x 73B)
Class kotlinx.coroutines.Job$DefaultImpls                                             : loaded 2 times (x 73B)
Class org.jetbrains.kotlin.gradle.internal.properties.PropertiesBuildService$MemoizedCallable$value$2: loaded 2 times (x 81B)
Class [Lorg.jetbrains.kotlin.statistics.ValueAnonymizer;                              : loaded 2 times (x 71B)
Class com.android.tools.lint.model.LintModelArtifactType                              : loaded 2 times (x 81B)
Class org.jetbrains.kotlin.gradle.plugin.KotlinGradleBuildServices                    : loaded 2 times (x 82B)
Class org.jetbrains.kotlin.gradle.targets.native.toolchain.KotlinNativeBundleBuildService: loaded 2 times (x 78B)
Class kotlin.comparisons.ComparisonsKt__ComparisonsKt                                 : loaded 2 times (x 73B)
Class kotlin.reflect.jvm.internal.impl.metadata.jvm.deserialization.JvmFlags          : loaded 2 times (x 73B)
Class [Lorg.jetbrains.kotlin.cli.common.arguments.Disables;                           : loaded 2 times (x 71B)
Class kotlin.reflect.jvm.internal.impl.load.java.lazy.LazyJavaTypeParameterResolver   : loaded 2 times (x 77B)
Class kotlin.reflect.jvm.internal.impl.load.java.structure.JavaModifierListOwner      : loaded 2 times (x 72B)
Class kotlin.reflect.jvm.internal.impl.serialization.deserialization.NameResolverUtilKt: loaded 2 times (x 73B)
Class kotlin.reflect.jvm.internal.impl.metadata.ProtoBuf$EnumEntryOrBuilder           : loaded 2 times (x 72B)
Class kotlin.reflect.jvm.internal.impl.metadata.ProtoBuf$VersionRequirementTable      : loaded 2 times (x 98B)
Class [Lkotlin.reflect.jvm.internal.impl.renderer.PropertyAccessorRenderingPolicy;    : loaded 2 times (x 71B)
Class [Lkotlin.reflect.jvm.internal.impl.renderer.ParameterNameRenderingPolicy;       : loaded 2 times (x 71B)
Class kotlin.reflect.jvm.internal.impl.load.java.lazy.LazyJavaResolverContext         : loaded 2 times (x 74B)
Class com.google.common.collect.MapMakerInternalMap$StrongKeyDummyValueEntry$Helper   : loaded 2 times (x 81B)
Class [Lorg.jetbrains.kotlin.gradle.tasks.KotlinCompilerExecutionStrategy;            : loaded 2 times (x 71B)
Class org.jetbrains.kotlin.gradle.tasks.FailedCompilationException                    : loaded 2 times (x 84B)
Class org.jetbrains.kotlin.gradle.utils.ProjectExtensionsKt                           : loaded 2 times (x 73B)
Class org.jetbrains.kotlin.gradle.plugin.hierarchy.KotlinSourceSetTreeClassifier      : loaded 2 times (x 72B)
Class org.jetbrains.kotlin.gradle.plugin.mpp.KotlinNativeTarget                       : loaded 2 times (x 166B)
Class org.jetbrains.kotlin.gradle.plugin.mpp.compilationImpl.KotlinCompilationAssociator: loaded 2 times (x 72B)
Class org.objectweb.asm.ByteVector                                                    : loaded 2 times (x 81B)
Class org.jetbrains.kotlin.gradle.plugin.KotlinSourceSetTree$Companion                : loaded 2 times (x 73B)
Class org.jetbrains.kotlin.gradle.plugin.KotlinGradleBuildServices$Parameters         : loaded 2 times (x 72B)
Class org.jetbrains.kotlin.gradle.plugin.statistics.BuildFusService$Companion$registerIfAbsent$1$1$1: loaded 2 times (x 77B)
Class org.jetbrains.kotlin.statistics.fileloggers.MetricsContainer$Companion          : loaded 2 times (x 73B)
Class [Lcom.google.common.cache.CacheBuilder$NullListener;                            : loaded 2 times (x 71B)
Class org.gradle.internal.classloader.VisitableURLClassLoader$Spec                    : loaded 2 times (x 76B)
Class org.gradle.internal.classpath.DefaultClassPath                                  : loaded 2 times (x 92B)
Class com.google.protobuf.Utf8$Processor                                              : loaded 2 times (x 79B)
Class com.google.protobuf.Reader                                                      : loaded 2 times (x 72B)
Class [Lcom.google.wireless.android.sdk.stats.AndroidStudioEvent$IdeBrand;            : loaded 2 times (x 71B)
Class groovy.lang.Tuple6                                                              : loaded 2 times (x 208B)
Class [Lgroovy.lang.groovydoc.GroovydocHolder;                                        : loaded 2 times (x 71B)
Class org.codehaus.groovy.runtime.metaclass.ClosureStaticMetaMethod                   : loaded 2 times (x 104B)
Class org.codehaus.groovy.runtime.dgmimpl.NumberNumberPlus                            : loaded 2 times (x 116B)
Class org.codehaus.groovy.util.ReferenceType$1                                        : loaded 2 times (x 82B)
Class it.unimi.dsi.fastutil.ints.IntArrays                                            : loaded 2 times (x 73B)
Class kotlin.Result$Companion                                                         : loaded 2 times (x 73B)
Class kotlin.coroutines.jvm.internal.BaseContinuationImpl                             : loaded 2 times (x 89B)
Class it.unimi.dsi.fastutil.Hash$Strategy                                             : loaded 2 times (x 72B)
Class org.jetbrains.kotlin.gradle.targets.native.toolchain.KotlinNativeBundleBuildService$Parameters: loaded 2 times (x 72B)
Class org.jetbrains.kotlin.gradle.tasks.DefaultKotlinJavaToolchain                    : loaded 2 times (x 79B)
Class com.android.tools.lint.model.LintModelDependencies                              : loaded 2 times (x 72B)
Class org.jetbrains.kotlin.gradle.tasks.DefaultKotlinJavaToolchain$Companion          : loaded 2 times (x 73B)
Class kotlin.comparisons.ComparisonsKt                                                : loaded 2 times (x 73B)
Class kotlin.comparisons.ComparisonsKt___ComparisonsKt                                : loaded 2 times (x 73B)
Class org.objectweb.asm.MethodTooLargeException                                       : loaded 2 times (x 84B)
Class kotlin.reflect.jvm.internal.impl.types.checker.NewTypeVariableConstructor       : loaded 2 times (x 72B)
Class kotlin.reflect.jvm.internal.impl.types.TypeProjectionImpl                       : loaded 2 times (x 84B)
Class kotlin.reflect.jvm.internal.impl.descriptors.runtime.structure.ReflectJavaModifierListOwner: loaded 2 times (x 72B)
Class kotlin.reflect.jvm.internal.impl.protobuf.LazyStringList                        : loaded 2 times (x 72B)
Class kotlin.reflect.jvm.internal.impl.protobuf.RopeByteString$RopeInputStream        : loaded 2 times (x 94B)
Class kotlin.reflect.jvm.internal.impl.load.kotlin.KotlinJvmBinaryClass$AnnotationArgumentVisitor: loaded 2 times (x 72B)
Class kotlin.reflect.jvm.internal.impl.renderer.AnnotationArgumentsRenderingPolicy    : loaded 2 times (x 81B)
Class kotlin.reflect.jvm.internal.impl.load.kotlin.PackagePartProvider$Empty          : loaded 2 times (x 76B)
Class kotlin.reflect.jvm.internal.impl.descriptors.annotations.Annotations$Companion$EMPTY$1: loaded 2 times (x 86B)
Class kotlin.reflect.jvm.internal.impl.descriptors.runtime.components.RuntimeModuleData: loaded 2 times (x 74B)
Class com.google.common.collect.ImmutableSortedMap$1EntrySet$1                        : loaded 2 times (x 215B)
Class org.jetbrains.kotlin.gradle.plugin.DefaultKotlinBasePlugin$addKotlinCompilerConfiguration$2$1$1: loaded 2 times (x 77B)
Class [Lorg.jetbrains.kotlin.gradle.plugin.HasProject;                                : loaded 2 times (x 71B)
Class org.jetbrains.kotlin.gradle.utils.MutableObservableSetImpl                      : loaded 2 times (x 165B)
Class org.jetbrains.kotlin.gradle.plugin.mpp.compilationImpl.KotlinCompilationSourceSetInclusion$AddSourcesToCompileTask: loaded 2 times (x 72B)
Class org.jetbrains.kotlin.konan.target.Architecture                                  : loaded 2 times (x 81B)
Class org.objectweb.asm.Symbol                                                        : loaded 2 times (x 75B)
Class org.jetbrains.kotlin.gradle.dsl.DefaultToolchainSupport$wireToolchainToTasks$1  : loaded 2 times (x 77B)
Class org.jetbrains.kotlin.gradle.internal.properties.PropertiesBuildService$MemoizedCallable: loaded 2 times (x 77B)
Class org.jetbrains.kotlin.gradle.plugin.internal.DefaultMavenPublicationComponentAccessorFactory: loaded 2 times (x 78B)
Class org.jetbrains.kotlin.gradle.tasks.KotlinTasksProvider                           : loaded 2 times (x 74B)
Class org.jetbrains.kotlin.gradle.dsl.KotlinCommonCompilerOptions                     : loaded 2 times (x 72B)
Class com.google.protobuf.AbstractMessage$BuilderParent                               : loaded 2 times (x 72B)
Class [Lcom.google.gson.Strictness;                                                   : loaded 2 times (x 71B)
Class groovy.lang.Tuple7                                                              : loaded 2 times (x 208B)
Class org.codehaus.groovy.runtime.InvokerInvocationException                          : loaded 2 times (x 89B)
Class org.codehaus.groovy.util.ReferenceType$2                                        : loaded 2 times (x 82B)
Class groovy.lang.Closure                                                             : loaded 2 times (x 133B)
Class com.android.utils.PositionXmlParser$ParserFactoryFunction                       : loaded 2 times (x 72B)
Class org.jetbrains.kotlin.gradle.plugin.mpp.compilationImpl.factory.DefaultKotlinCompilationSourceSetsContainerFactory$DefaultSourceSetNaming: loaded 2 times (x 72B)
Class com.google.common.collect.MapMakerInternalMap$StrongKeyDummyValueEntry$LinkedStrongKeyDummyValueEntry: loaded 2 times (x 84B)
Class kotlin.reflect.jvm.internal.impl.serialization.deserialization.FlexibleTypeDeserializer: loaded 2 times (x 72B)
Class kotlin.reflect.jvm.internal.impl.descriptors.impl.AbstractClassDescriptor       : loaded 2 times (x 176B)
Class kotlin.reflect.jvm.internal.impl.protobuf.LiteralByteString                     : loaded 2 times (x 104B)
Class kotlin.reflect.jvm.internal.impl.metadata.ProtoBuf$Contract$1                   : loaded 2 times (x 89B)
Class kotlin.annotation.Repeatable                                                    : loaded 2 times (x 72B)
Class [Lkotlin.reflect.jvm.internal.impl.resolve.ExternalOverridabilityCondition$Contract;: loaded 2 times (x 71B)
Class kotlin.reflect.jvm.internal.impl.load.java.JavaClassFinder$Request              : loaded 2 times (x 74B)
Class kotlin.reflect.jvm.internal.impl.protobuf.LazyStringArrayList                   : loaded 2 times (x 263B)
Class kotlin.reflect.jvm.internal.impl.metadata.ProtoBuf$Class$Kind$1                 : loaded 2 times (x 76B)
Class kotlin.reflect.jvm.internal.impl.builtins.jvm.JvmBuiltInsCustomizer$createMockJavaIoSerializableType$mockJavaIoPackageFragment$1: loaded 2 times (x 107B)
Class kotlin.reflect.jvm.internal.impl.storage.LockBasedStorageManager$CacheWithNotNullValuesBasedOnMemoizedFunction: loaded 2 times (x 88B)
Class kotlin.reflect.jvm.internal.impl.incremental.components.LookupLocation          : loaded 2 times (x 72B)
Class com.google.common.io.Java8Compatibility                                         : loaded 2 times (x 73B)
Class org.jetbrains.kotlin.gradle.tasks.AbstractKotlinCompile$friendPathsSet$1        : loaded 2 times (x 77B)
Class org.jetbrains.kotlin.build.report.metrics.BuildAttributes                       : loaded 2 times (x 74B)
Class org.jetbrains.kotlin.gradle.plugin.KotlinSourceSet$Companion                    : loaded 2 times (x 73B)
Class org.jetbrains.kotlin.gradle.plugin.mpp.compilationImpl.KotlinCompilationImpl    : loaded 2 times (x 145B)
Class [Lorg.jetbrains.kotlin.gradle.plugin.mpp.compilationImpl.factory.KotlinCompilationImplFactory$PostConfigure;: loaded 2 times (x 71B)
Class org.jetbrains.kotlin.konan.target.KonanTarget$MACOS_X64                         : loaded 2 times (x 80B)
Class org.jetbrains.kotlin.konan.util.Named                                           : loaded 2 times (x 72B)
Class [Lorg.jetbrains.kotlin.gradle.report.BuildReportMode;                           : loaded 2 times (x 71B)
Class org.jetbrains.kotlin.statistics.metrics.BooleanOverridePolicy                   : loaded 2 times (x 87B)
Class org.jetbrains.kotlin.gradle.plugin.AbstractKotlinAndroidPluginWrapper           : loaded 2 times (x 88B)
Class org.gradle.internal.classloader.ClassLoaderSpec                                 : loaded 2 times (x 73B)
Class com.android.ide.common.rendering.api.ResourceNamespace                          : loaded 2 times (x 82B)
Class com.google.protobuf.ByteString                                                  : loaded 2 times (x 103B)
Class com.android.tools.analytics.Environment                                         : loaded 2 times (x 75B)
Class groovy.lang.Tuple8                                                              : loaded 2 times (x 208B)
Class org.codehaus.groovy.GroovyExceptionInterface                                    : loaded 2 times (x 72B)
Class org.codehaus.groovy.runtime.memoize.UnlimitedConcurrentCache                    : loaded 2 times (x 136B)
Class org.codehaus.groovy.ast.ConstructorNode                                         : loaded 2 times (x 159B)
Class org.codehaus.groovy.reflection.ReflectionCache                                  : loaded 2 times (x 73B)
Class org.codehaus.groovy.util.ReferenceType$3                                        : loaded 2 times (x 82B)
Class it.unimi.dsi.fastutil.ints.IntArrays$ForkJoinQuickSortComp                      : loaded 2 times (x 97B)
Class kotlin.reflect.jvm.internal.impl.metadata.ProtoBuf$PropertyOrBuilder            : loaded 2 times (x 72B)
Class kotlin.text.DelimitedRangesSequence                                             : loaded 2 times (x 77B)
Class com.android.tools.lint.model.LintModelSerialization$LintModelSerializationFileAdapter: loaded 2 times (x 89B)
Class kotlin.reflect.jvm.internal.impl.builtins.jvm.JvmBuiltInsPackageFragmentProvider: loaded 2 times (x 87B)
Class com.android.prefs.VariableType                                                  : loaded 2 times (x 81B)
Class kotlin.reflect.jvm.internal.impl.load.kotlin.KotlinClassFinder$Result           : loaded 2 times (x 73B)
Class [Lkotlin.reflect.jvm.internal.impl.load.java.AnnotationQualifierApplicabilityType;: loaded 2 times (x 71B)
Class kotlin.reflect.jvm.internal.impl.descriptors.runtime.structure.Java16SealedRecordLoader$Cache: loaded 2 times (x 74B)
Class kotlin.reflect.jvm.internal.impl.serialization.deserialization.DeserializedPackageFragmentImpl: loaded 2 times (x 111B)
Class kotlin.reflect.jvm.internal.impl.metadata.ProtoBuf$EnumEntry$1                  : loaded 2 times (x 89B)
Class kotlin.reflect.jvm.internal.impl.load.java.FieldOverridabilityCondition         : loaded 2 times (x 77B)
Class kotlin.reflect.jvm.internal.impl.types.checker.NewKotlinTypeChecker             : loaded 2 times (x 72B)
Class kotlin.reflect.jvm.internal.impl.load.java.NullabilityAnnotationStates          : loaded 2 times (x 72B)
Class kotlin.reflect.jvm.internal.impl.descriptors.impl.PackageViewDescriptorFactory  : loaded 2 times (x 72B)
Class com.google.common.io.ByteSource$EmptyByteSource                                 : loaded 2 times (x 87B)
Class org.jetbrains.kotlin.gradle.tasks.DefaultKotlinJavaToolchain$DefaultJavaToolchainSetter: loaded 2 times (x 77B)
Class org.jetbrains.kotlin.build.report.metrics.BuildAttributeKind                    : loaded 2 times (x 81B)
Class org.jetbrains.kotlin.gradle.plugin.mpp.KotlinCompilationsKt$moduleNameForCompilation$1: loaded 2 times (x 77B)
Class org.jetbrains.kotlin.gradle.plugin.mpp.KotlinCompilationsKt$addSourcesToKotlinCompileTask$1: loaded 2 times (x 77B)
Class org.jetbrains.kotlin.gradle.plugin.diagnostics.TransformActionUsingKotlinToolingDiagnostics$Parameters: loaded 2 times (x 72B)
Class org.jetbrains.kotlin.compilerRunner.CompilerSystemPropertiesService$Companion$registerIfAbsent$2$1: loaded 2 times (x 81B)
Class org.objectweb.asm.AnnotationWriter                                              : loaded 2 times (x 80B)
Class [Lorg.jetbrains.kotlin.statistics.metrics.NumberOverridePolicy;                 : loaded 2 times (x 71B)
Class org.jetbrains.kotlin.gradle.internal.properties.PropertiesBuildService$GradleProperty: loaded 2 times (x 72B)
Class org.jetbrains.kotlin.gradle.plugin.statistics.BuildFinishBuildService$Companion : loaded 2 times (x 73B)
Class org.jetbrains.kotlin.gradle.utils.StoredPropertyKt$projectStoredProperty$1      : loaded 2 times (x 80B)
Class org.jetbrains.kotlin.gradle.internal.Kapt3GradleSubplugin$Companion             : loaded 2 times (x 73B)
Class com.google.common.cache.CacheStats                                              : loaded 2 times (x 73B)
Class kotlin.reflect.jvm.internal.impl.resolve.OverridingUtil$8                       : loaded 2 times (x 73B)
Class com.android.tools.analytics.CommonMetricsData$GarbageCollectionStatsDiffs       : loaded 2 times (x 73B)
Class com.google.protobuf.Internal$ListAdapter$Converter                              : loaded 2 times (x 72B)
Class groovy.lang.Tuple9                                                              : loaded 2 times (x 208B)
Class org.codehaus.groovy.runtime.metaclass.DefaultMetaClassInfo                      : loaded 2 times (x 73B)
Class org.codehaus.groovy.util.ComplexKeyHashMap$Entry                                : loaded 2 times (x 76B)
Class [Lgroovy.lang.MetaClass;                                                        : loaded 2 times (x 71B)
Class org.codehaus.groovy.reflection.ClassInfo$LazyClassLoaderRef                     : loaded 2 times (x 84B)
Class org.codehaus.groovy.util.ReferenceType$4                                        : loaded 2 times (x 82B)
Class kotlin.jdk7.AutoCloseableKt                                                     : loaded 2 times (x 73B)
Class it.unimi.dsi.fastutil.objects.AbstractObject2IntMap                             : loaded 2 times (x 241B)
Class com.android.resources.ResourceType                                              : loaded 2 times (x 81B)
Class kotlin.time.DurationKt                                                          : loaded 2 times (x 73B)
Class kotlin.reflect.jvm.internal.impl.resolve.OverridingUtilTypeSystemContext        : loaded 2 times (x 171B)
Class com.android.tools.lint.model.LintModelModule                                    : loaded 2 times (x 72B)
Class kotlinx.coroutines.CoroutineStart$WhenMappings                                  : loaded 2 times (x 73B)
Class org.jetbrains.kotlin.config.MavenComparableVersion$ListItem                     : loaded 2 times (x 220B)
Class com.google.gson.JsonSyntaxException                                             : loaded 2 times (x 84B)
Class kotlinx.coroutines.scheduling.SchedulerTimeSource                               : loaded 2 times (x 74B)
Class kotlinx.coroutines.scheduling.CoroutineScheduler                                : loaded 2 times (x 83B)
Class kotlin.reflect.jvm.internal.KPropertyImpl$$Lambda$0                             : loaded 2 times (x 78B)
Class com.android.tools.lint.model.PathVariables                                      : loaded 2 times (x 74B)
Class org.codehaus.groovy.util.Finalizable                                            : loaded 2 times (x 72B)
Class kotlin.reflect.jvm.internal.impl.load.java.BuiltinSpecialProperties             : loaded 2 times (x 73B)
Class kotlin.reflect.jvm.internal.impl.metadata.deserialization.VersionRequirementTable: loaded 2 times (x 74B)
Class kotlin.reflect.jvm.internal.impl.utils.WrappedValues$ThrowableWrapper           : loaded 2 times (x 74B)
Class [Lkotlin.reflect.jvm.internal.impl.renderer.OverrideRenderingPolicy;            : loaded 2 times (x 71B)
Class build_5bih95g7ffz27q3h2wqmh0xry$_run_closure1$_closure2                         : loaded 2 times (x 140B)
Class com.google.common.collect.ImmutableMultisetGwtSerializationDependencies         : loaded 2 times (x 127B)
Class [Lcom.google.common.base.Predicate;                                             : loaded 2 times (x 71B)
Class com.google.common.collect.Interners                                             : loaded 2 times (x 73B)
Class org.jetbrains.kotlin.gradle.tasks.K2MultiplatformStructure$RefinesEdge          : loaded 2 times (x 74B)
Class org.jetbrains.kotlin.gradle.plugin.diagnostics.ToolingDiagnostic$Severity       : loaded 2 times (x 81B)
Class org.jetbrains.kotlin.gradle.tasks.configuration.TaskConfigAction$configureTask$1: loaded 2 times (x 81B)
Class org.objectweb.asm.RecordComponentWriter                                         : loaded 2 times (x 79B)
Class org.jetbrains.kotlin.gradle.dsl.JvmTarget                                       : loaded 2 times (x 81B)
Class org.jetbrains.kotlin.gradle.dsl.abi.AbiValidationExtension                      : loaded 2 times (x 72B)
Class org.jetbrains.kotlin.gradle.internal.ClassLoadersCachingBuildService            : loaded 2 times (x 78B)
Class org.jetbrains.kotlin.gradle.plugin.internal.DefaultJavaExecTaskParametersCompatibility$Factory: loaded 2 times (x 78B)
Class org.jetbrains.kotlin.gradle.plugin.VariantImplementationFactoriesConfigurator$Companion: loaded 2 times (x 73B)
Class com.google.common.util.concurrent.AbstractFuture$Listener                       : loaded 2 times (x 74B)
Class Settings_gradle$1$1                                                             : loaded 2 times (x 76B)
Class com.google.protobuf.CodedOutputStream$UnsafeDirectNioEncoder                    : loaded 2 times (x 111B)
Class com.android.tools.analytics.HostData$memoryBean$2                               : loaded 2 times (x 80B)
Class org.codehaus.groovy.transform.trait.Traits$TraitBridge                          : loaded 2 times (x 72B)
Class org.codehaus.groovy.runtime.metaclass.ReflectionMetaMethod                      : loaded 2 times (x 99B)
Class org.codehaus.groovy.reflection.CachedMethod                                     : loaded 2 times (x 113B)
Class [Lorg.objectweb.asm.Label;                                                      : loaded 2 times (x 71B)
Class org.codehaus.groovy.util.ReferenceBundle                                        : loaded 2 times (x 76B)
Class [Lorg.jetbrains.kotlin.utils.DescriptionAware;                                  : loaded 2 times (x 71B)
Class groovy.lang.GroovyRuntimeException                                              : loaded 2 times (x 89B)
Class com.android.ide.common.gradle.Version$Companion$ParseState                      : loaded 2 times (x 72B)
Class org.jetbrains.kotlin.build.report.metrics.GRADLE_TASK_ACTION                    : loaded 2 times (x 74B)
Class kotlin.io.FileTreeWalk$DirectoryState                                           : loaded 2 times (x 75B)
Class kotlin.reflect.jvm.internal.impl.descriptors.impl.ValueParameterDescriptorImpl$WithDestructuringDeclaration: loaded 2 times (x 167B)
Class kotlin.reflect.jvm.internal.impl.protobuf.Parser                                : loaded 2 times (x 72B)
Class kotlin.reflect.jvm.internal.impl.protobuf.MessageLite                           : loaded 2 times (x 72B)
Class kotlin.reflect.jvm.internal.impl.types.KotlinTypeFactory                        : loaded 2 times (x 73B)
Class kotlin.reflect.jvm.internal.impl.descriptors.PackageFragmentProviderOptimized   : loaded 2 times (x 72B)
Class kotlin.reflect.jvm.internal.impl.resolve.jvm.CompositeSyntheticJavaPartsProvider: loaded 2 times (x 81B)
Class kotlin.reflect.jvm.internal.impl.load.java.components.JavaResolverCache         : loaded 2 times (x 72B)
Class com.google.common.collect.ForwardingSet                                         : loaded 2 times (x 153B)
Class [Lorg.jetbrains.kotlin.compilerRunner.KotlinCompilerArgumentsLogLevel;          : loaded 2 times (x 71B)
Class org.jetbrains.kotlin.gradle.tasks.KotlinCompile_Decorated                       : loaded 2 times (x 601B)
Class org.jetbrains.kotlin.gradle.targets.js.dsl.KotlinWasmSubTargetContainerDsl      : loaded 2 times (x 72B)
Class org.jetbrains.kotlin.gradle.plugin.internal.BuildIdService$Companion            : loaded 2 times (x 73B)
Class org.jetbrains.kotlin.gradle.utils.StoredPropertyStorage                         : loaded 2 times (x 74B)
Class org.jetbrains.kotlin.gradle.plugin.KotlinSourceSetContainer                     : loaded 2 times (x 72B)
Class com.google.common.base.Supplier                                                 : loaded 2 times (x 72B)
Class org.gradle.internal.classloader.VisitableURLClassLoader                         : loaded 2 times (x 118B)
Class com.google.protobuf.ExtensionRegistryLite                                       : loaded 2 times (x 76B)
Class org.codehaus.groovy.ast.MixinNode                                               : loaded 2 times (x 244B)
Class org.codehaus.groovy.runtime.wrappers.Wrapper                                    : loaded 2 times (x 90B)
Class org.codehaus.groovy.control.CompilerConfiguration$1                             : loaded 2 times (x 124B)
Class org.codehaus.groovy.ast.stmt.LoopingStatement                                   : loaded 2 times (x 72B)
Class org.codehaus.groovy.runtime.metaclass.MetaMethodIndex                           : loaded 2 times (x 95B)
Class it.unimi.dsi.fastutil.objects.Object2IntMap                                     : loaded 2 times (x 72B)
Class org.codehaus.groovy.runtime.metaclass.MultipleSetterProperty                    : loaded 2 times (x 84B)
Class org.codehaus.groovy.ast.stmt.ExpressionStatement                                : loaded 2 times (x 114B)
Class org.codehaus.groovy.ast.stmt.SynchronizedStatement                              : loaded 2 times (x 116B)
Class com.google.protobuf.Internal$IntList                                            : loaded 2 times (x 72B)
Class com.android.ide.common.repository.AgpVersion$Companion                          : loaded 2 times (x 73B)
Class com.google.protobuf.GeneratedMessageV3$BuilderParent                            : loaded 2 times (x 72B)
Class com.android.prefs.AbstractAndroidLocations                                      : loaded 2 times (x 84B)
Class [Lkotlin.reflect.jvm.internal.impl.serialization.deserialization.AnnotatedCallableKind;: loaded 2 times (x 71B)
Class kotlin.reflect.jvm.internal.impl.resolve.scopes.ResolutionScope$DefaultImpls    : loaded 2 times (x 73B)
Class kotlin.reflect.jvm.internal.impl.metadata.ProtoBuf$Type$ArgumentOrBuilder       : loaded 2 times (x 72B)
Class kotlin.reflect.jvm.internal.impl.builtins.functions.BuiltInFictitiousFunctionClassFactory: loaded 2 times (x 79B)
Class kotlin.reflect.jvm.internal.impl.metadata.ProtoBuf$AnnotationOrBuilder          : loaded 2 times (x 72B)
Class kotlin.reflect.jvm.internal.impl.protobuf.GeneratedMessageLite$GeneratedExtension: loaded 2 times (x 80B)
Class kotlin.reflect.jvm.internal.impl.load.kotlin.DeserializationComponentsForJava   : loaded 2 times (x 74B)
Class org.jetbrains.kotlin.gradle.dsl.KotlinProjectExtension                          : loaded 2 times (x 130B)
Class com.google.common.io.CharSource$AsByteSource                                    : loaded 2 times (x 87B)
Class com.google.common.collect.ImmutableList$SerializedForm                          : loaded 2 times (x 75B)
Class org.jetbrains.kotlin.gradle.plugin.mpp.compilationImpl.factory.ConfigurationNaming: loaded 2 times (x 72B)
Class [Lorg.jetbrains.kotlin.tooling.core.HasExtras;                                  : loaded 2 times (x 71B)
Class org.jetbrains.kotlin.gradle.plugin.mpp.compilationImpl.DefaultKotlinCompilationPostConfigureKt: loaded 2 times (x 73B)
Class org.jetbrains.kotlin.gradle.internal.IdeaKt$isInIdeaEnvironment$1               : loaded 2 times (x 76B)
Class org.jetbrains.kotlin.gradle.tasks.configuration.BaseKotlinCompileConfig$configureCommonParameters$1: loaded 2 times (x 76B)
Class org.jetbrains.kotlin.gradle.dsl.DefaultToolchainSupport$wireToolchainToTasks$1$1: loaded 2 times (x 77B)
Class org.jetbrains.kotlin.gradle.plugin.statistics.FusUtilKt                         : loaded 2 times (x 73B)
Class org.jetbrains.kotlin.gradle.utils.SingleActionPerProject                        : loaded 2 times (x 75B)
Class org.jetbrains.kotlin.gradle.plugin.DefaultKotlinBasePlugin                      : loaded 2 times (x 84B)
Class org.gradle.internal.Cast                                                        : loaded 2 times (x 73B)
Class org.gradle.api.Action                                                           : loaded 2 times (x 72B)
Class org.jetbrains.kotlin.gradle.internal.properties.PropertiesBuildService$BooleanGradleProperty: loaded 2 times (x 78B)
Class com.android.tools.analytics.AnalyticsSettingsData$Companion                     : loaded 2 times (x 73B)
Class org.jetbrains.kotlin.gradle.plugin.VariantImplementationFactories$Companion$getProvider$1: loaded 2 times (x 77B)
Class org.codehaus.groovy.ast.expr.ElvisOperatorExpression                            : loaded 2 times (x 132B)
Class org.codehaus.groovy.util.LockableObject                                         : loaded 2 times (x 80B)
Class org.jetbrains.kotlin.gradle.plugin.statistics.KotlinBuildStatsBeanService$Companion$initStatsService$1: loaded 2 times (x 81B)
Class com.android.ide.common.resources.configuration.ResourceQualifier                : loaded 2 times (x 90B)
Class it.unimi.dsi.fastutil.ints.IntArrays$ArrayHashStrategy                          : loaded 2 times (x 77B)
Class org.jetbrains.kotlin.statistics.metrics.StringOverridePolicy$OVERRIDE_VERSION_IF_NOT_SET: loaded 2 times (x 87B)
Class kotlin.reflect.jvm.internal.impl.name.ClassId$Companion                         : loaded 2 times (x 73B)
Class org.jetbrains.kotlin.gradle.plugin.KotlinTargetComponent                        : loaded 2 times (x 72B)
Class kotlinx.coroutines.CompletedExceptionally                                       : loaded 2 times (x 74B)
Class kotlin.coroutines.AbstractCoroutineContextKey                                   : loaded 2 times (x 74B)
Class org.jetbrains.kotlin.cli.common.messages.GradleStyleMessageRenderer             : loaded 2 times (x 80B)
Class com.android.ide.common.gradle.Version$Companion                                 : loaded 2 times (x 73B)
Class com.android.tools.lint.model.DefaultLintModelMavenName                          : loaded 2 times (x 87B)
Class [Lorg.objectweb.asm.Symbol;                                                     : loaded 2 times (x 71B)
Class org.jetbrains.kotlin.gradle.dsl.KotlinCommonCompilerToolOptionsHelper           : loaded 2 times (x 73B)
Class org.jetbrains.kotlin.gradle.plugin.mpp.compilationImpl.factory.KotlinCompilationImplFactory$PreConfigure: loaded 2 times (x 72B)
Class kotlin.reflect.jvm.internal.impl.load.java.lazy.descriptors.LazyJavaStaticClassScope: loaded 2 times (x 106B)
Class kotlin.reflect.jvm.internal.impl.protobuf.Utf8                                  : loaded 2 times (x 73B)
Class kotlin.reflect.jvm.internal.impl.metadata.builtins.BuiltInsBinaryVersion        : loaded 2 times (x 74B)
Class kotlin.reflect.jvm.internal.impl.load.java.lazy.descriptors.LazyJavaPackageScope$KotlinClassLookupResult$Found: loaded 2 times (x 74B)
Class kotlin.reflect.jvm.internal.impl.metadata.ProtoBuf$MemberKind                   : loaded 2 times (x 84B)
Class [Lkotlin.reflect.jvm.internal.impl.serialization.deserialization.descriptors.DeserializedContainerAbiStability;: loaded 2 times (x 71B)
Class kotlin.reflect.jvm.internal.impl.protobuf.SmallSortedMap$1                      : loaded 2 times (x 130B)
Class kotlin.reflect.jvm.internal.impl.resolve.descriptorUtil.DescriptorUtilsKt       : loaded 2 times (x 73B)
Class kotlin.reflect.jvm.internal.impl.renderer.ClassifierNamePolicy$FULLY_QUALIFIED  : loaded 2 times (x 76B)
Class com.google.common.io.Resources                                                  : loaded 2 times (x 73B)
Class com.google.common.collect.HashBiMap                                             : loaded 2 times (x 144B)
Class org.jetbrains.kotlin.gradle.plugin.mpp.compilationImpl.KotlinCompilationCompilerOptionsFromTargetConfigurator: loaded 2 times (x 76B)
Class org.jetbrains.kotlin.gradle.plugin.mpp.compilationImpl.factory.DefaultKotlinCompilationSourceSetsContainerFactory$DefaultDefaultSourceSetNaming: loaded 2 times (x 76B)
Class [Lorg.jetbrains.kotlin.gradle.plugin.mpp.compilationImpl.DefaultKotlinCompilationFriendPathsResolver$FriendArtifactResolver;: loaded 2 times (x 71B)
Class org.jetbrains.kotlin.gradle.internal.IdeaKt$isInIdeaEnvironment$2               : loaded 2 times (x 76B)
Class org.jetbrains.kotlin.gradle.tasks.configuration.BaseKotlinCompileConfig$configureCommonParameters$2: loaded 2 times (x 77B)
Class org.objectweb.asm.Handler                                                       : loaded 2 times (x 74B)
Class org.jetbrains.kotlin.gradle.plugin.GradleUtilsKt                                : loaded 2 times (x 73B)
Class org.jetbrains.kotlin.gradle.internal.properties.PropertiesBuildService$Params$Inject_: loaded 2 times (x 108B)
Class org.jetbrains.kotlin.gradle.internal.properties.PropertiesBuildService          : loaded 2 times (x 78B)
Class org.jetbrains.kotlin.gradle.plugin.BuildFinishedListenerService$Companion$registerIfAbsent$1$1$1: loaded 2 times (x 77B)
Class com.google.common.base.Ticker                                                   : loaded 2 times (x 74B)
Class com.google.protobuf.Utf8$SafeProcessor                                          : loaded 2 times (x 79B)
Class [Lcom.android.tools.analytics.Environment$EnvironmentVariable;                  : loaded 2 times (x 71B)
Class org.codehaus.groovy.ast.stmt.CaseStatement                                      : loaded 2 times (x 116B)
Class groovy.transform.Generated                                                      : loaded 2 times (x 72B)
Class org.jetbrains.kotlin.gradle.targets.js.dsl.KotlinJsTargetDsl                    : loaded 2 times (x 72B)
Class com.android.SdkConstants                                                        : loaded 2 times (x 73B)
Class kotlin.reflect.jvm.internal.KClassImpl$Data$$Lambda$10                          : loaded 2 times (x 78B)
Class kotlin.reflect.jvm.internal.KDeclarationContainerImpl$Data$$Lambda$0            : loaded 2 times (x 78B)
Class org.jetbrains.kotlin.gradle.tasks.CacheableTasksKt$cacheOnlyIfEnabledForKotlin$1: loaded 2 times (x 77B)
Class org.jetbrains.kotlin.gradle.tasks.AbstractKotlinCompile$compilerRunner$1        : loaded 2 times (x 77B)
Class com.google.common.collect.TransformedListIterator                               : loaded 2 times (x 95B)
Class kotlin.KotlinNothingValueException                                              : loaded 2 times (x 84B)
Class com.google.common.cache.LocalCache$Values                                       : loaded 2 times (x 120B)
Class kotlin.reflect.jvm.internal.KPropertyImpl$Getter                                : loaded 2 times (x 127B)
Class kotlin.reflect.jvm.internal.impl.load.java.JavaDescriptorVisibilities           : loaded 2 times (x 73B)
Class kotlin.reflect.jvm.internal.impl.types.KotlinTypeKt                             : loaded 2 times (x 73B)
Class kotlin.reflect.jvm.internal.impl.load.java.lazy.descriptors.LazyJavaPackageScope$KotlinClassLookupResult$SyntheticClass: loaded 2 times (x 73B)
Class kotlin.reflect.jvm.internal.impl.descriptors.VariableDescriptorWithAccessors    : loaded 2 times (x 72B)
Class kotlin.reflect.jvm.internal.impl.resolve.constants.ULongValue                   : loaded 2 times (x 76B)
Class kotlin.reflect.jvm.internal.impl.resolve.constants.UByteValue                   : loaded 2 times (x 76B)
Class kotlin.reflect.jvm.internal.impl.load.kotlin.BinaryClassAnnotationAndConstantLoaderImpl: loaded 2 times (x 101B)
Class build_a1h3149npdy1vhfnw7nhvagxi                                                 : loaded 2 times (x 175B)
Class com.google.common.collect.ImmutableSortedSet$Builder                            : loaded 2 times (x 87B)
Class org.jetbrains.kotlin.gradle.tasks.KotlinCompile$javaSources$1                   : loaded 2 times (x 77B)
Class org.jetbrains.kotlin.gradle.plugin.diagnostics.KotlinToolingDiagnosticsCollector: loaded 2 times (x 78B)
Class org.jetbrains.kotlin.tooling.core.MutableExtrasImpl                             : loaded 2 times (x 167B)
Class org.jetbrains.kotlin.gradle.plugin.statistics.KotlinBuildStatsMXBean            : loaded 2 times (x 72B)
Class org.jetbrains.kotlin.gradle.utils.FileUtilsKt                                   : loaded 2 times (x 73B)
Class [Lcom.google.common.cache.LocalCache$Segment;                                   : loaded 2 times (x 71B)
Class [Lcom.google.common.cache.LocalCache$Strength;                                  : loaded 2 times (x 71B)
Class com.google.common.cache.CacheBuilder$1                                          : loaded 2 times (x 87B)
Class org.gradle.internal.classpath.DefaultClassPath$ImmutableUniqueList$Builder      : loaded 2 times (x 77B)
Class org.codehaus.groovy.ast.stmt.BreakStatement                                     : loaded 2 times (x 113B)
Class org.codehaus.groovy.runtime.metaclass.NewInstanceMetaMethod                     : loaded 2 times (x 101B)
Class groovy.io.GroovyPrintWriter                                                     : loaded 2 times (x 130B)
Class org.codehaus.groovy.ast.expr.PropertyExpression                                 : loaded 2 times (x 141B)
Class [Lgroovy.lang.MetaObjectProtocol;                                               : loaded 2 times (x 71B)
Class org.codehaus.groovy.util.ReferenceManager                                       : loaded 2 times (x 78B)
Class org.codehaus.groovy.reflection.stdclasses.FloatCachedClass                      : loaded 2 times (x 97B)
Class com.google.common.reflect.TypeCapture                                           : loaded 2 times (x 73B)
Class kotlin.reflect.jvm.internal.KClassImpl$Data$$Lambda$11                          : loaded 2 times (x 78B)
Class kotlin.reflect.jvm.internal.impl.storage.CacheWithNullableValues                : loaded 2 times (x 72B)
Class kotlin.reflect.jvm.internal.impl.storage.SimpleLock$Companion                   : loaded 2 times (x 73B)
Class kotlinx.coroutines.CoroutineStart                                               : loaded 2 times (x 81B)
Class org.jetbrains.kotlin.utils.exceptions.KotlinExceptionWithAttachments            : loaded 2 times (x 72B)
Class kotlin.reflect.jvm.internal.impl.builtins.ReflectionTypes                       : loaded 2 times (x 74B)
Class [Lcom.android.prefs.LocationValue;                                              : loaded 2 times (x 71B)
Class kotlin.reflect.jvm.internal.impl.resolve.constants.ByteValue                    : loaded 2 times (x 76B)
Class kotlin.io.FileTreeWalk$WalkState                                                : loaded 2 times (x 75B)
Class kotlin.reflect.jvm.internal.JvmFunctionSignature$KotlinConstructor              : loaded 2 times (x 75B)
Class kotlin.reflect.jvm.internal.impl.metadata.jvm.JvmProtoBuf$JvmPropertySignatureOrBuilder: loaded 2 times (x 72B)
Class kotlin.reflect.jvm.internal.impl.descriptors.ValueDescriptor                    : loaded 2 times (x 72B)
Class kotlin.reflect.jvm.internal.impl.renderer.DescriptorRendererOptionsImpl$property$$inlined$vetoable$1: loaded 2 times (x 85B)
Class com.google.common.collect.AbstractRangeSet                                      : loaded 2 times (x 116B)
Class org.jetbrains.kotlin.gradle.plugin.PropertiesProvider$propertyWithValueReporting$1: loaded 2 times (x 77B)
Class org.jetbrains.kotlin.gradle.plugin.mpp.KotlinCompilationFactory$DefaultImpls    : loaded 2 times (x 73B)
Class org.jetbrains.kotlin.gradle.internal.properties.PropertiesBuildService$Companion$registerIfAbsent$1: loaded 2 times (x 77B)
Class org.jetbrains.kotlin.gradle.plugin.internal.DefaultConfigurationCacheStartParameterAccessorVariantFactory: loaded 2 times (x 78B)
Class org.jetbrains.kotlin.gradle.dsl.KotlinCommonCompilerToolOptions                 : loaded 2 times (x 72B)
Class com.google.common.cache.LocalCache                                              : loaded 2 times (x 188B)
Class com.google.common.cache.CacheBuilder$2                                          : loaded 2 times (x 81B)
Class kotlin.reflect.jvm.internal.impl.resolve.constants.LongValue                    : loaded 2 times (x 76B)
Class kotlin.reflect.jvm.internal.impl.descriptors.ClassOrPackageFragmentDescriptor   : loaded 2 times (x 72B)
Class com.google.gson.TypeAdapter$1                                                   : loaded 2 times (x 76B)
Class org.codehaus.groovy.runtime.ProcessGroovyMethods                                : loaded 2 times (x 73B)
Class org.codehaus.groovy.util.ComplexKeyHashMap                                      : loaded 2 times (x 81B)
Class org.codehaus.groovy.util.Reference                                              : loaded 2 times (x 72B)
Class org.codehaus.groovy.reflection.stdclasses.CachedSAMClass                        : loaded 2 times (x 97B)
Class it.unimi.dsi.fastutil.objects.AbstractObject2IntFunction                        : loaded 2 times (x 121B)
Class kotlin.reflect.jvm.internal.impl.util.ModuleVisibilityHelper                    : loaded 2 times (x 72B)
Class kotlin.reflect.jvm.internal.impl.protobuf.AbstractParser                        : loaded 2 times (x 89B)
Class kotlin.reflect.jvm.internal.impl.serialization.deserialization.ProtoEnumFlagsUtilsKt$WhenMappings: loaded 2 times (x 73B)
Class kotlin.reflect.jvm.internal.impl.descriptors.ScopesHolderForClass               : loaded 2 times (x 74B)
Class kotlin.reflect.jvm.internal.impl.descriptors.impl.AbstractTypeParameterDescriptor: loaded 2 times (x 125B)
Class kotlin.reflect.jvm.internal.KClassImpl$Data$$Lambda$12                          : loaded 2 times (x 78B)
Class kotlin.reflect.jvm.internal.impl.resolve.scopes.SubstitutingScope               : loaded 2 times (x 87B)
Class kotlinx.coroutines.CoroutineId                                                  : loaded 2 times (x 95B)
Class org.jetbrains.kotlin.config.LanguageVersion                                     : loaded 2 times (x 92B)
Class kotlin.reflect.jvm.internal.impl.load.java.typeEnhancement.TypeEnhancementUtilsKt: loaded 2 times (x 73B)
Class kotlin.reflect.jvm.internal.impl.resolve.OverridingUtil$7                       : loaded 2 times (x 77B)
Class kotlin.reflect.jvm.internal.impl.descriptors.runtime.structure.ReflectJavaClassifierType: loaded 2 times (x 94B)
Class kotlin.reflect.jvm.internal.KProperty1Impl$Getter                               : loaded 2 times (x 132B)
Class kotlin.reflect.jvm.internal.impl.serialization.deserialization.descriptors.DeserializedClassDescriptor: loaded 2 times (x 178B)
Class kotlin.reflect.jvm.internal.impl.load.kotlin.KotlinJvmBinaryClass$AnnotationArrayArgumentVisitor: loaded 2 times (x 72B)
Class kotlin.reflect.jvm.internal.impl.load.java.structure.JavaAnnotationOwner        : loaded 2 times (x 72B)
Class [Lkotlin.reflect.jvm.internal.impl.protobuf.WireFormat$JavaType;                : loaded 2 times (x 71B)
Class kotlin.reflect.jvm.internal.impl.types.model.TypeArgumentMarker                 : loaded 2 times (x 72B)
Class kotlin.reflect.jvm.internal.impl.renderer.RenderingFormat$HTML                  : loaded 2 times (x 82B)
Class kotlin.reflect.jvm.internal.impl.descriptors.DeclarationDescriptorWithVisibility: loaded 2 times (x 72B)
Class kotlin.reflect.jvm.internal.impl.storage.EmptySimpleLock                        : loaded 2 times (x 77B)
Class Build_gradle$inlined$sam$i$org_gradle_api_Action$0                              : loaded 2 times (x 77B)
Class org.jetbrains.kotlin.build.report.metrics.BuildPerformanceMetrics$Companion     : loaded 2 times (x 73B)
Class [Lorg.jetbrains.kotlin.gradle.plugin.sources.ConsistencyCheck;                  : loaded 2 times (x 71B)
Class com.google.common.collect.ArrayListMultimap                                     : loaded 2 times (x 173B)
Class org.jetbrains.kotlin.gradle.plugin.statistics.FlowActionBuildFusService$Companion: loaded 2 times (x 73B)
Class org.jetbrains.kotlin.gradle.report.ReportingSettings                            : loaded 2 times (x 74B)
Class org.jetbrains.kotlin.statistics.metrics.StringAnonymizationPolicy$ComponentVersionAnonymizer: loaded 2 times (x 80B)
Class org.jetbrains.kotlin.gradle.plugin.KotlinBasePluginWrapper                      : loaded 2 times (x 88B)
Class com.google.common.cache.CacheBuilder$3                                          : loaded 2 times (x 74B)
Class org.gradle.api.GradleException                                                  : loaded 2 times (x 84B)
Class org.codehaus.groovy.vmplugin.v9.ClassFinder$1                                   : loaded 2 times (x 86B)
Class groovy.lang.SpreadMapEvaluatingException                                        : loaded 2 times (x 89B)
Class org.codehaus.groovy.runtime.m12n.ExtensionModuleRegistry                        : loaded 2 times (x 79B)
Class org.codehaus.groovy.reflection.GeneratedMetaMethod$Proxy                        : loaded 2 times (x 98B)
Class groovy.lang.MetaClassRegistry                                                   : loaded 2 times (x 72B)
Class com.android.ide.common.resources.configuration.FolderConfiguration              : loaded 2 times (x 77B)
Class com.android.utils.ILogger                                                       : loaded 2 times (x 72B)
Class com.android.utils.NullLogger                                                    : loaded 2 times (x 87B)
Class kotlin.reflect.jvm.internal.KClassImpl$Data$$Lambda$13                          : loaded 2 times (x 78B)
Class it.unimi.dsi.fastutil.objects.ReferenceSet                                      : loaded 2 times (x 72B)
Class com.android.ide.common.gradle.Version                                           : loaded 2 times (x 77B)
Class kotlinx.coroutines.ChildHandle                                                  : loaded 2 times (x 72B)
Class kotlinx.coroutines.CoroutineScope                                               : loaded 2 times (x 72B)
Class org.codehaus.groovy.ast.PackageNode                                             : loaded 2 times (x 125B)
Class kotlin.reflect.jvm.internal.impl.types.TypeConstructorSubstitution$Companion    : loaded 2 times (x 73B)
Class kotlin.reflect.jvm.internal.impl.load.java.structure.JavaNamedElement           : loaded 2 times (x 72B)
Class kotlin.reflect.jvm.internal.impl.metadata.ProtoBuf$Annotation$Builder           : loaded 2 times (x 93B)
Class kotlin.reflect.jvm.internal.impl.metadata.ProtoBuf$PackageFragmentOrBuilder     : loaded 2 times (x 72B)
Class kotlin.reflect.jvm.internal.impl.descriptors.ScopesHolderForClass$Companion     : loaded 2 times (x 73B)
Class [Lkotlin.reflect.jvm.internal.impl.metadata.ProtoBuf$TypeParameter$Variance;    : loaded 2 times (x 71B)
Class kotlin.reflect.jvm.internal.impl.types.checker.KotlinTypeRefiner                : loaded 2 times (x 81B)
Class kotlin.reflect.jvm.internal.impl.descriptors.DeclarationDescriptorWithSource    : loaded 2 times (x 72B)
Class com.google.common.base.Suppliers$MemoizingSupplier                              : loaded 2 times (x 81B)
Class com.google.common.io.CharSource$EmptyCharSource                                 : loaded 2 times (x 88B)
Class org.jetbrains.kotlin.gradle.dsl.JvmDefaultMode                                  : loaded 2 times (x 81B)
Class org.jetbrains.kotlin.gradle.plugin.ProjectLocalConfigurations$ProjectLocalCompatibility: loaded 2 times (x 78B)
Class org.jetbrains.kotlin.gradle.plugin.internal.DefaultMavenPublicationComponentAccessor: loaded 2 times (x 77B)
Class org.jetbrains.kotlin.gradle.plugin.statistics.BuildFinishBuildService           : loaded 2 times (x 86B)
Class org.jetbrains.kotlin.gradle.plugin.internal.DefaultProjectIsolationStartParameterAccessor$Factory: loaded 2 times (x 78B)
Class org.jetbrains.kotlin.gradle.dsl.KotlinJvmCompilerOptions                        : loaded 2 times (x 72B)
Class com.android.tools.analytics.NullUsageTracker                                    : loaded 2 times (x 84B)
Class com.google.protobuf.Internal$EnumLiteMap                                        : loaded 2 times (x 72B)
Class org.codehaus.groovy.ast.AnnotationNode                                          : loaded 2 times (x 120B)
Class org.codehaus.groovy.ast.stmt.SwitchStatement                                    : loaded 2 times (x 119B)
Class org.codehaus.groovy.runtime.GroovyCategorySupport                               : loaded 2 times (x 73B)
Class org.codehaus.groovy.runtime.metaclass.NewMetaMethod                             : loaded 2 times (x 101B)
Class org.codehaus.groovy.reflection.stdclasses.DoubleCachedClass                     : loaded 2 times (x 97B)
Class groovy.lang.MetaClassImpl$10                                                    : loaded 2 times (x 79B)
Class org.codehaus.groovy.reflection.MixinInMetaClass                                 : loaded 2 times (x 89B)
Class kotlin.reflect.jvm.internal.KClassImpl$Data$$Lambda$14                          : loaded 2 times (x 78B)
Class org.codehaus.groovy.control.ProcessingUnit                                      : loaded 2 times (x 85B)
Class kotlinx.coroutines.Unconfined                                                   : loaded 2 times (x 102B)
Class kotlinx.coroutines.GlobalScope                                                  : loaded 2 times (x 76B)
Class com.google.gson.internal.bind.JsonTreeReader                                    : loaded 2 times (x 99B)
Class com.android.utils.FileUtils                                                     : loaded 2 times (x 73B)
Class com.google.protobuf.GeneratedMessageV3$Builder$BuilderParentImpl                : loaded 2 times (x 80B)
Class org.jetbrains.kotlin.gradle.plugin.KotlinBaseApiPlugin$kaptExtension$2          : loaded 2 times (x 81B)
Class kotlin.reflect.jvm.internal.impl.descriptors.impl.PropertyDescriptorImpl$CopyConfiguration: loaded 2 times (x 84B)
Class [Lkotlin.reflect.jvm.internal.impl.load.java.typeEnhancement.NullabilityQualifier;: loaded 2 times (x 71B)
Class kotlin.reflect.jvm.internal.impl.descriptors.runtime.structure.ReflectJavaAnnotationOwnerKt: loaded 2 times (x 73B)
Class kotlin.reflect.jvm.internal.impl.types.TypeSubstitutor$SubstitutionException    : loaded 2 times (x 84B)
Class kotlin.reflect.jvm.internal.impl.load.java.lazy.descriptors.LazyJavaClassDescriptor: loaded 2 times (x 179B)
Class kotlin.reflect.jvm.internal.impl.metadata.ProtoBuf$StringTableOrBuilder         : loaded 2 times (x 72B)
Class kotlin.reflect.jvm.internal.impl.serialization.deserialization.DeserializationContext: loaded 2 times (x 74B)
Class kotlin.reflect.jvm.internal.impl.metadata.ProtoBuf$Type$Argument                : loaded 2 times (x 98B)
Class kotlin.reflect.jvm.internal.impl.load.java.lazy.LazyJavaAnnotationsKt           : loaded 2 times (x 73B)
Class kotlin.reflect.jvm.internal.impl.resolve.ResolutionAnchorProviderKt             : loaded 2 times (x 73B)
Class kotlin.reflect.jvm.internal.impl.protobuf.ByteString$Output                     : loaded 2 times (x 88B)
Class kotlin.reflect.jvm.internal.impl.descriptors.Visibilities$Private               : loaded 2 times (x 77B)
Class kotlin.reflect.jvm.internal.impl.renderer.ClassifierNamePolicy                  : loaded 2 times (x 72B)
Class kotlin.reflect.jvm.internal.impl.load.java.JavaNullabilityAnnotationsStatus$Companion: loaded 2 times (x 73B)
Class kotlin.reflect.jvm.internal.impl.types.model.TypeArgumentListMarker             : loaded 2 times (x 72B)
Class kotlin.reflect.jvm.internal.impl.storage.NullableLazyValue                      : loaded 2 times (x 72B)
Class [Lcom.google.common.io.FileWriteMode;                                           : loaded 2 times (x 71B)
Class org.jetbrains.kotlin.buildtools.api.SourcesChanges                              : loaded 2 times (x 72B)
Class org.jetbrains.kotlin.konan.target.HostManager$Companion$targetAliases$2         : loaded 2 times (x 80B)
Class org.jetbrains.kotlin.gradle.utils.Completable                                   : loaded 2 times (x 74B)
Class org.jetbrains.kotlin.gradle.plugin.DefaultKotlinBasePlugin$addKotlinCompilerConfiguration$2$1: loaded 2 times (x 77B)
Class org.jetbrains.kotlin.gradle.plugin.statistics.KotlinBuildStatsServicesRegistry$Companion: loaded 2 times (x 73B)
Class org.jetbrains.kotlin.gradle.plugin.internal.DefaultCompatibilityConventionRegistrar$Factory: loaded 2 times (x 78B)
Class org.jetbrains.kotlin.gradle.internal.properties.PropertiesBuildService$IntGradleProperty: loaded 2 times (x 78B)
Class com.google.protobuf.LazyStringList                                              : loaded 2 times (x 72B)
Class com.google.common.hash.HashCode$IntHashCode                                     : loaded 2 times (x 82B)
Class org.codehaus.groovy.runtime.metaclass.DefaultMetaClassInfo$ConstantMetaClassVersioning: loaded 2 times (x 74B)
Class groovy.lang.MetaBeanProperty                                                    : loaded 2 times (x 85B)
Class org.codehaus.groovy.runtime.DefaultGroovyMethods$1                              : loaded 2 times (x 80B)
Class org.codehaus.groovy.runtime.GeneratedClosure                                    : loaded 2 times (x 72B)
Class kotlin.sequences.SequencesKt___SequencesKt$asIterable$$inlined$Iterable$1       : loaded 2 times (x 81B)
Class [Lkotlin.time.DurationUnit;                                                     : loaded 2 times (x 71B)
Class org.jetbrains.kotlin.gradle.plugin.statistics.FlowActionBuildFusService$Companion$registerIfAbsentImpl$1: loaded 2 times (x 77B)
Class org.jetbrains.kotlin.gradle.plugin.mpp.KotlinUsages$KotlinMetadataDisambiguation: loaded 2 times (x 78B)
Class kotlin.reflect.jvm.internal.KClassImpl$Data$$Lambda$15                          : loaded 2 times (x 78B)
Class org.jetbrains.kotlin.gradle.tasks.configuration.AbstractKotlinCompileConfig$1   : loaded 2 times (x 81B)
Class org.jetbrains.kotlin.gradle.plugin.mpp.compilationImpl.KotlinCompilationFriendPathsResolver: loaded 2 times (x 72B)
Class kotlinx.coroutines.AbstractCoroutine                                            : loaded 2 times (x 145B)
Class it.unimi.dsi.fastutil.objects.ObjectSet                                         : loaded 2 times (x 72B)
Class com.android.tools.lint.model.DefaultLintModelSourceProvider                     : loaded 2 times (x 86B)
Class org.jetbrains.kotlin.gradle.report.GradleBuildMetricsReporter                   : loaded 2 times (x 100B)
Class [Lcom.android.prefs.VariableType;                                               : loaded 2 times (x 71B)
Class kotlin.reflect.jvm.internal.impl.load.java.lazy.descriptors.ClassDeclaredMemberIndex: loaded 2 times (x 88B)
Class kotlin.reflect.jvm.internal.impl.serialization.deserialization.KotlinMetadataFinder: loaded 2 times (x 72B)
Class kotlin.reflect.jvm.internal.FunctionWithAllInvokes                              : loaded 2 times (x 72B)
Class kotlin.reflect.jvm.internal.impl.resolve.jvm.JavaDescriptorResolver             : loaded 2 times (x 74B)
Class kotlin.reflect.jvm.internal.impl.metadata.ProtoBuf$TypeTableOrBuilder           : loaded 2 times (x 72B)
Class kotlin.reflect.jvm.internal.impl.descriptors.DescriptorVisibilities$10          : loaded 2 times (x 76B)
Class org.jetbrains.kotlin.gradle.plugin.diagnostics.DiagnosticGroup$Base             : loaded 2 times (x 83B)
Class com.google.common.collect.Iterables$4                                           : loaded 2 times (x 83B)
Class com.google.common.collect.MapMakerInternalMap$StrongKeyDummyValueSegment        : loaded 2 times (x 143B)
Class com.google.common.cache.LocalCache$WriteThroughEntry                            : loaded 2 times (x 81B)
Class com.google.common.cache.LocalCache$HashIterator                                 : loaded 2 times (x 88B)
Class org.jetbrains.kotlin.gradle.tasks.DefaultKotlinJavaToolchain$DefaultJdkSetter   : loaded 2 times (x 78B)
Class org.jetbrains.kotlin.gradle.dsl.KotlinVersion$Companion                         : loaded 2 times (x 73B)
Class org.jetbrains.kotlin.gradle.plugin.mpp.KotlinOnlyTarget                         : loaded 2 times (x 152B)
Class org.jetbrains.kotlin.gradle.dsl.DefaultToolchainSupport                         : loaded 2 times (x 78B)
Class org.jetbrains.kotlin.gradle.plugin.VariantImplementationFactories$Inject_       : loaded 2 times (x 108B)
Class org.jetbrains.kotlin.gradle.plugin.internal.CustomPropertiesFileValueSource     : loaded 2 times (x 84B)
Class org.jetbrains.kotlin.gradle.InternalKotlinGradlePluginApi                       : loaded 2 times (x 72B)
Class com.google.common.cache.LocalCache$EntryFactory                                 : loaded 2 times (x 85B)
Class com.android.tools.analytics.HostData$runtimeBean$2                              : loaded 2 times (x 80B)
Class com.google.protobuf.GeneratedMessageV3$Builder                                  : loaded 2 times (x 280B)
Class com.google.protobuf.MutabilityOracle                                            : loaded 2 times (x 72B)
Class [Lkotlin.annotation.AnnotationRetention;                                        : loaded 2 times (x 71B)
Class org.codehaus.groovy.reflection.ReflectionUtils                                  : loaded 2 times (x 73B)
Class kotlin.reflect.jvm.internal.impl.protobuf.InvalidProtocolBufferException        : loaded 2 times (x 86B)
Class it.unimi.dsi.fastutil.ints.IntArrays$ForkJoinQuickSortIndirect                  : loaded 2 times (x 97B)
Class [Lkotlin.reflect.jvm.internal.impl.descriptors.impl.ModuleDescriptorImpl;       : loaded 2 times (x 71B)
Class kotlin.reflect.jvm.internal.KClassImpl$Data$$Lambda$16                          : loaded 2 times (x 78B)
Class [Lkotlin.reflect.jvm.internal.impl.incremental.components.LookupLocation;       : loaded 2 times (x 71B)
Class [Lcom.android.ide.common.gradle.Separator;                                      : loaded 2 times (x 71B)
Class com.android.prefs.QueryResult                                                   : loaded 2 times (x 84B)
Class kotlin.reflect.jvm.internal.impl.descriptors.runtime.components.ReflectKotlinClassKt: loaded 2 times (x 73B)
Class com.google.common.base.CharMatcher$Whitespace                                   : loaded 2 times (x 114B)
Class com.google.common.base.Splitter$1$1                                             : loaded 2 times (x 88B)
Class kotlin.reflect.jvm.internal.impl.protobuf.BoundedByteString                     : loaded 2 times (x 104B)
Class org.jetbrains.kotlin.cli.common.arguments.ArgumentField                         : loaded 2 times (x 74B)
Class [Lkotlin.reflect.jvm.internal.impl.load.java.SpecialGenericSignatures$TypeSafeBarrierDescription;: loaded 2 times (x 71B)
Class org.jetbrains.kotlin.cli.common.arguments.CommonCompilerArgumentsConfigurator   : loaded 2 times (x 76B)
Class kotlin.reflect.jvm.internal.impl.types.TypeSubstitution$replaceWithNonApproximating$1: loaded 2 times (x 80B)
Class kotlin.reflect.jvm.internal.impl.descriptors.DescriptorVisibilities$11          : loaded 2 times (x 76B)
Class kotlin.reflect.jvm.internal.impl.storage.LockBasedStorageManager$CacheWithNullableValuesBasedOnMemoizedFunction$1: loaded 2 times (x 78B)
Class kotlin.reflect.jvm.internal.impl.load.java.AnnotationTypeQualifierResolver      : loaded 2 times (x 74B)
Class kotlin.reflect.jvm.internal.impl.descriptors.DeclarationDescriptor              : loaded 2 times (x 72B)
Class kotlin.reflect.jvm.internal.impl.storage.LockBasedStorageManager                : loaded 2 times (x 97B)
Class com.google.common.reflect.TypeParameter                                         : loaded 2 times (x 74B)
Class org.jetbrains.kotlin.gradle.plugin.diagnostics.DiagnosticGroup                  : loaded 2 times (x 72B)
Class [Lcom.google.common.collect.MapMaker$Dummy;                                     : loaded 2 times (x 71B)
Class com.google.common.collect.NullsLastOrdering                                     : loaded 2 times (x 117B)
Class org.jetbrains.kotlin.gradle.tasks.TaskOutputsBackup                             : loaded 2 times (x 74B)
Class org.jetbrains.kotlin.gradle.internal.CompilerOptionsDslHelpersKt                : loaded 2 times (x 73B)
Class org.jetbrains.kotlin.konan.target.Family                                        : loaded 2 times (x 81B)
Class org.jetbrains.kotlin.gradle.internal.properties.NativePropertiesLoader$konanDataDirProperty$1: loaded 2 times (x 77B)
Class org.jetbrains.kotlin.gradle.plugin.KotlinGradleBuildServices$Inject_            : loaded 2 times (x 102B)
Class org.jetbrains.kotlin.gradle.plugin.KotlinGradleBuildServices$Companion$registerIfAbsent$2$1: loaded 2 times (x 81B)
Class org.jetbrains.kotlin.gradle.plugin.statistics.BuildFusService$Parameters_Decorated: loaded 2 times (x 141B)
Class org.jetbrains.kotlin.gradle.plugin.VariantImplementationFactoriesConfigurator$Inject_: loaded 2 times (x 98B)
Class org.jetbrains.kotlin.tooling.core.HasMutableExtras                              : loaded 2 times (x 72B)
Class com.google.common.cache.LocalCache$AbstractReferenceEntry                       : loaded 2 times (x 109B)
Class org.gradle.internal.IoActions                                                   : loaded 2 times (x 73B)
Class kotlin.reflect.jvm.internal.impl.resolve.OverridingUtil$6                       : loaded 2 times (x 76B)
Class com.google.protobuf.Android                                                     : loaded 2 times (x 73B)
Class org.jetbrains.kotlin.cli.common.arguments.Enables$Container                     : loaded 2 times (x 72B)
Class org.codehaus.groovy.ast.expr.MethodCall                                         : loaded 2 times (x 72B)
Class org.codehaus.groovy.ast.expr.ExpressionTransformer                              : loaded 2 times (x 72B)
Class groovy.lang.ReadOnlyPropertyException                                           : loaded 2 times (x 91B)
Class org.codehaus.groovy.runtime.dgmimpl.arrays.ShortArrayGetAtMetaMethod            : loaded 2 times (x 99B)
Class org.codehaus.groovy.runtime.callsite.CallSite                                   : loaded 2 times (x 72B)
Class groovy.lang.GString                                                             : loaded 2 times (x 125B)
Class com.android.ide.common.resources.configuration.LocaleQualifier                  : loaded 2 times (x 91B)
Class org.jetbrains.kotlin.utils.KotlinExceptionWithAttachments                       : loaded 2 times (x 96B)
Class [Lkotlin.reflect.jvm.internal.impl.name.ClassId;                                : loaded 2 times (x 71B)
Class kotlin.reflect.jvm.internal.calls.CallerImpl$Method                             : loaded 2 times (x 83B)
Class com.android.tools.lint.model.DefaultLintModelAndroidArtifact                    : loaded 2 times (x 95B)
Class kotlin.reflect.jvm.internal.KClassImpl$Data$$Lambda$17                          : loaded 2 times (x 78B)
Class kotlin.reflect.jvm.internal.KCallableImpl$$Lambda$0                             : loaded 2 times (x 78B)
Class groovy.lang.MissingFieldException                                               : loaded 2 times (x 91B)
Class org.codehaus.groovy.ast.MethodNode                                              : loaded 2 times (x 158B)
Class it.unimi.dsi.fastutil.objects.AbstractObjectSet                                 : loaded 2 times (x 181B)
Class org.codehaus.groovy.runtime.MetaClassHelper                                     : loaded 2 times (x 73B)
Class org.codehaus.groovy.ast.expr.TupleExpression                                    : loaded 2 times (x 140B)
Class kotlin.reflect.jvm.internal.impl.descriptors.java.JavaVisibilities$PackageVisibility: loaded 2 times (x 77B)
Class kotlin.reflect.jvm.internal.impl.metadata.builtins.BuiltInsBinaryVersion$Companion: loaded 2 times (x 73B)
Class kotlin.reflect.jvm.internal.impl.load.java.lazy.descriptors.LazyJavaPackageScope$FindClassRequest: loaded 2 times (x 74B)
Class kotlin.reflect.jvm.internal.impl.resolve.scopes.LazyScopeAdapter                : loaded 2 times (x 96B)
Class kotlin.reflect.jvm.internal.impl.descriptors.DescriptorVisibilities$12          : loaded 2 times (x 76B)
Class kotlin.reflect.jvm.internal.impl.renderer.DescriptorRendererModifier$Companion  : loaded 2 times (x 73B)
Class kotlin.reflect.jvm.internal.impl.descriptors.SourceElement$1                    : loaded 2 times (x 76B)
Class kotlin.reflect.jvm.internal.impl.load.kotlin.DeserializationComponentsForJavaKt$makeLazyJavaPackageFragmentProvider$javaResolverComponents$1: loaded 2 times (x 76B)
Class kotlin.reflect.jvm.internal.impl.descriptors.annotations.Annotations$Companion  : loaded 2 times (x 73B)
Class com.google.common.collect.ImmutableRangeSet$ComplementRanges                    : loaded 2 times (x 209B)
Class org.jetbrains.kotlin.gradle.internal.Kapt3KotlinGradleSubpluginKt               : loaded 2 times (x 73B)
Class org.jetbrains.kotlin.gradle.dsl.KotlinJvmCompile                                : loaded 2 times (x 72B)
Class org.objectweb.asm.SymbolTable                                                   : loaded 2 times (x 74B)
Class org.jetbrains.kotlin.statistics.metrics.BooleanOverridePolicy$OR                : loaded 2 times (x 87B)
Class org.jetbrains.kotlin.gradle.plugin.UsesVariantImplementationFactories           : loaded 2 times (x 72B)
Class org.jetbrains.kotlin.gradle.internal.Kapt3GradleSubplugin                       : loaded 2 times (x 83B)
Class com.google.common.cache.CacheLoader$InvalidCacheLoadException                   : loaded 2 times (x 84B)
Class org.gradle.internal.classloader.SystemClassLoaderSpec                           : loaded 2 times (x 73B)
Class groovy.lang.MutableMetaClass                                                    : loaded 2 times (x 72B)
Class org.codehaus.groovy.reflection.stdclasses.StringCachedClass                     : loaded 2 times (x 97B)
Class com.google.common.collect.Queues                                                : loaded 2 times (x 73B)
Class kotlin.jvm.internal.PropertyReference0Impl                                      : loaded 2 times (x 129B)
Class com.google.gson.stream.MalformedJsonException                                   : loaded 2 times (x 84B)
Class com.android.tools.analytics.HostData$threadBean$2                               : loaded 2 times (x 80B)
Class kotlin.reflect.jvm.internal.KClassImpl$Data$$Lambda$18                          : loaded 2 times (x 78B)
Class kotlin.reflect.jvm.internal.KCallableImpl$$Lambda$1                             : loaded 2 times (x 78B)
Class kotlin.coroutines.intrinsics.IntrinsicsKt                                       : loaded 2 times (x 73B)
Class kotlin.coroutines.CoroutineContext$DefaultImpls                                 : loaded 2 times (x 73B)
Class kotlinx.coroutines.internal.LockFreeLinkedListNode                              : loaded 2 times (x 76B)
Class com.google.protobuf.WireFormat                                                  : loaded 2 times (x 73B)
Class org.gradle.api.internal.classpath.ManifestUtil                                  : loaded 2 times (x 73B)
Class com.google.common.util.concurrent.ExecutionError                                : loaded 2 times (x 84B)
Class org.jetbrains.kotlin.gradle.plugin.internal.CustomPropertiesFileValueSource$Parameters$Inject_: loaded 2 times (x 108B)
Class org.jetbrains.kotlin.statistics.metrics.StringAnonymizationPolicy$AllowedListAnonymizer: loaded 2 times (x 81B)
Class org.jetbrains.kotlin.cli.common.ExitCode                                        : loaded 2 times (x 81B)
Class org.jetbrains.kotlin.compilerRunner.ArgumentsToStrings                          : loaded 2 times (x 73B)
Class kotlin.reflect.jvm.internal.impl.types.DisjointKeysUnionTypeSubstitution$Companion: loaded 2 times (x 73B)
Class kotlin.reflect.jvm.internal.impl.load.java.lazy.descriptors.LazyJavaClassDescriptor$Companion: loaded 2 times (x 73B)
Class kotlin.reflect.jvm.internal.impl.descriptors.impl.ClassConstructorDescriptorImpl: loaded 2 times (x 217B)
Class kotlin.reflect.jvm.internal.impl.resolve.scopes.MemberScopeImpl                 : loaded 2 times (x 94B)
Class kotlin.reflect.jvm.internal.impl.resolve.constants.UShortValue                  : loaded 2 times (x 76B)
Class kotlin.reflect.jvm.internal.impl.types.checker.KotlinTypeRefiner$Default        : loaded 2 times (x 81B)
Class build_chzb4lao361kydy19dek8nrgq                                                 : loaded 2 times (x 175B)
Class com.google.common.collect.FluentIterable                                        : loaded 2 times (x 83B)
Class org.jetbrains.kotlin.gradle.tasks.CacheableTasksKt$cacheOnlyIfEnabledForKotlin$1$1: loaded 2 times (x 76B)
Class org.jetbrains.kotlin.gradle.plugin.mpp.compilationImpl.factory.KotlinCompilationImplFactory$PostConfigure: loaded 2 times (x 72B)
Class org.jetbrains.kotlin.gradle.tasks.configuration.BaseKotlinCompileConfig$1$1     : loaded 2 times (x 77B)
Class org.jetbrains.kotlin.gradle.plugin.mpp.AbstractKotlinTarget$kotlinComponents$2  : loaded 2 times (x 81B)
Class org.jetbrains.kotlin.gradle.tasks.abi.KotlinLegacyAbiDumpTask                   : loaded 2 times (x 72B)
Class org.jetbrains.kotlin.gradle.plugin.KotlinPlatformType$CompatibilityRule         : loaded 2 times (x 78B)
Class org.jetbrains.kotlin.gradle.internal.properties.NativePropertiesLoader$actualNativeHomeDirectory$1: loaded 2 times (x 77B)
Class org.jetbrains.kotlin.gradle.internal.properties.NativePropertiesKt              : loaded 2 times (x 73B)
Class [Lorg.jetbrains.kotlin.statistics.metrics.BooleanOverridePolicy;                : loaded 2 times (x 71B)
Class org.jetbrains.kotlin.gradle.plugin.BuildEventsListenerRegistryHolder            : loaded 2 times (x 74B)
Class com.google.common.cache.LocalCache$StrongEntry                                  : loaded 2 times (x 110B)
Class com.google.common.util.concurrent.AbstractFuture$TrustedFuture                  : loaded 2 times (x 116B)
Class com.google.common.cache.LoadingCache                                            : loaded 2 times (x 72B)
Class androidx.startup.lint.StartupRuntimeIssueRegistry                               : loaded 2 times (x 84B)
Class org.jetbrains.kotlin.gradle.report.BuildReportType                              : loaded 2 times (x 81B)
Class kotlin.sequences.TakeWhileSequence                                              : loaded 2 times (x 77B)
Class com.google.protobuf.AbstractProtobufList                                        : loaded 2 times (x 231B)
Class org.codehaus.groovy.runtime.wrappers.GroovyObjectWrapper                        : loaded 2 times (x 90B)
Class org.codehaus.groovy.runtime.memoize.ValueConvertable                            : loaded 2 times (x 72B)
Class org.codehaus.groovy.ast.AnnotatedNode                                           : loaded 2 times (x 123B)
Class org.jetbrains.kotlin.gradle.targets.native.KonanPropertiesBuildService$Companion$registerIfAbsent$2$1: loaded 2 times (x 81B)
Class org.jetbrains.kotlin.gradle.report.UsesBuildMetricsService                      : loaded 2 times (x 72B)
Class it.unimi.dsi.fastutil.BidirectionalIterator                                     : loaded 2 times (x 72B)
Class org.jetbrains.kotlin.gradle.utils.ConfigurationCacheOpaqueValueSource           : loaded 2 times (x 81B)
Class kotlin.reflect.jvm.internal.KCallableImpl$$Lambda$2                             : loaded 2 times (x 78B)
Class kotlin.coroutines.intrinsics.CoroutineSingletons                                : loaded 2 times (x 81B)
Class it.unimi.dsi.fastutil.objects.ObjectCollection                                  : loaded 2 times (x 72B)
Class org.jetbrains.kotlin.gradle.plugin.mpp.compilationImpl.factory.KotlinCompilationImplFactory$KotlinCompilationSourceSetsContainerFactory: loaded 2 times (x 72B)
Class com.android.tools.lint.model.DefaultLintModelModule                             : loaded 2 times (x 97B)
Class org.jetbrains.kotlin.gradle.utils.MutableObservableSet                          : loaded 2 times (x 72B)
Class org.jetbrains.kotlin.gradle.plugin.hierarchy.KotlinSourceSetTreeClassifierKt    : loaded 2 times (x 73B)
Class kotlin.io.FileTreeWalk$FileTreeWalkIterator$TopDownDirectoryState               : loaded 2 times (x 75B)
Class kotlin.reflect.jvm.internal.impl.types.DefinitelyNotNullType                    : loaded 2 times (x 100B)
Class kotlin.reflect.jvm.internal.impl.types.DescriptorSubstitutor                    : loaded 2 times (x 73B)
Class kotlin.reflect.jvm.internal.impl.load.java.structure.JavaClassifier             : loaded 2 times (x 72B)
Class kotlin.reflect.jvm.internal.impl.load.java.lazy.ContextKt                       : loaded 2 times (x 73B)
Class kotlin.reflect.jvm.internal.impl.metadata.ProtoBuf$Annotation$Argument$Value$1  : loaded 2 times (x 89B)
Class kotlin.reflect.jvm.internal.impl.renderer.DescriptorRendererImpl$RenderDeclarationDescriptorVisitor: loaded 2 times (x 89B)
Class org.jetbrains.kotlin.gradle.plugin.PropertiesProvider$separateKmpCompilation$1  : loaded 2 times (x 81B)
Class build_5bih95g7ffz27q3h2wqmh0xry                                                 : loaded 2 times (x 175B)
Class com.google.common.base.Suppliers$NonSerializableMemoizingSupplier               : loaded 2 times (x 81B)
Class org.jetbrains.kotlin.gradle.tasks.GradleCompileTaskProvider                     : loaded 2 times (x 74B)
Class org.jetbrains.kotlin.gradle.plugin.mpp.compilationImpl.factory.KotlinCompilationDependencyConfigurationsFactoriesKt: loaded 2 times (x 73B)
Class org.jetbrains.kotlin.gradle.plugin.mpp.compilationImpl.DefaultKotlinCompilationFriendPathsResolver: loaded 2 times (x 77B)
Class org.jetbrains.kotlin.gradle.tasks.configuration.BaseKotlinCompileConfig$registerBuildToolsApiTransformations$1: loaded 2 times (x 81B)
Class org.jetbrains.kotlin.gradle.tasks.configuration.AbstractKotlinCompileConfigKt$sam$org_gradle_api_Action$0: loaded 2 times (x 77B)
Class org.jetbrains.kotlin.gradle.plugin.internal.BuildIdService                      : loaded 2 times (x 78B)
Class org.jetbrains.kotlin.gradle.dsl.KotlinVersion                                   : loaded 2 times (x 81B)
Class org.jetbrains.kotlin.gradle.internal.properties.NativePropertiesLoader$actualNativeHomeDirectory$2: loaded 2 times (x 76B)
Class org.jetbrains.kotlin.gradle.utils.StoredPropertyKt                              : loaded 2 times (x 73B)
Class [Lcom.google.common.cache.Weigher;                                              : loaded 2 times (x 71B)
Class com.android.tools.analytics.HostData$graphicsEnvironment$2                      : loaded 2 times (x 80B)
Class com.google.protobuf.Message$Builder                                             : loaded 2 times (x 72B)
Class com.android.tools.analytics.Environment$EnvironmentVariable                     : loaded 2 times (x 81B)
Class org.codehaus.groovy.classgen.asm.util.TypeUtil                                  : loaded 2 times (x 73B)
Class kotlin.sequences.SequenceBuilderIterator                                        : loaded 2 times (x 87B)
Class com.google.common.collect.AbstractMapBasedMultimap$WrappedCollection            : loaded 2 times (x 126B)
Class kotlin.reflect.jvm.internal.KCallableImpl$$Lambda$3                             : loaded 2 times (x 78B)
Class kotlinx.coroutines.internal.LockFreeTaskQueueCore$Companion                     : loaded 2 times (x 73B)
Class kotlin.reflect.jvm.internal.impl.metadata.ProtoBuf$TypeParameter$1              : loaded 2 times (x 89B)
Class [Lkotlin.reflect.jvm.internal.impl.descriptors.annotations.AnnotatedImpl;       : loaded 2 times (x 71B)
Class com.android.ide.common.gradle.Version$Companion$ParseState$EMPTY                : loaded 2 times (x 76B)
Class kotlin.reflect.jvm.internal.impl.metadata.ProtoBuf$Class$Kind                   : loaded 2 times (x 84B)
Class kotlin.reflect.jvm.internal.impl.serialization.deserialization.ProtoContainer   : loaded 2 times (x 75B)
Class org.jetbrains.kotlin.build.report.metrics.COMPILE_ITERATION                     : loaded 2 times (x 74B)
Class kotlin.reflect.jvm.ReflectJvmMapping                                            : loaded 2 times (x 73B)
Class kotlin.reflect.jvm.internal.impl.load.java.PropertiesConventionUtilKt           : loaded 2 times (x 73B)
Class kotlin.reflect.jvm.internal.impl.load.java.typeEnhancement.NullabilityQualifier : loaded 2 times (x 81B)
Class kotlin.reflect.jvm.internal.impl.types.TypeProjectionBase                       : loaded 2 times (x 83B)
Class kotlin.reflect.jvm.internal.impl.metadata.ProtoBuf$Modality                     : loaded 2 times (x 84B)
Class kotlin.reflect.jvm.internal.impl.protobuf.WireFormat                            : loaded 2 times (x 73B)
Class [Lkotlin.reflect.jvm.internal.impl.descriptors.ModuleDescriptor;                : loaded 2 times (x 71B)
Class kotlin.reflect.jvm.internal.impl.metadata.ProtoBuf$TypeParameterOrBuilder       : loaded 2 times (x 72B)
Class kotlin.reflect.jvm.internal.impl.protobuf.ExtensionRegistryLite                 : loaded 2 times (x 75B)
Class kotlin.reflect.jvm.internal.impl.storage.LockBasedStorageManager$LockBasedNotNullLazyValueWithPostCompute: loaded 2 times (x 87B)
Class kotlin.reflect.jvm.internal.impl.resolve.scopes.ResolutionScope                 : loaded 2 times (x 72B)
Class kotlin.reflect.jvm.internal.impl.serialization.deserialization.ClassDataFinder  : loaded 2 times (x 72B)
Class kotlin.reflect.jvm.internal.impl.load.java.lazy.TypeParameterResolver           : loaded 2 times (x 72B)
Class build_9shshugj4p5too4x9vtmvagpj                                                 : loaded 2 times (x 174B)
Class com.google.common.collect.ImmutableMultimap$1                                   : loaded 2 times (x 84B)
Class com.google.common.collect.AbstractMapBasedMultimap$RandomAccessWrappedList      : loaded 2 times (x 207B)
Class org.jetbrains.kotlin.gradle.internal.build.SourcesUtilsKt                       : loaded 2 times (x 73B)
Class org.jetbrains.kotlin.gradle.plugin.mpp.compilationImpl.KotlinCompilationSourceSetsContainerKt: loaded 2 times (x 73B)
Class org.jetbrains.kotlin.gradle.tasks.configuration.BaseKotlinCompileConfig$registerBuildToolsApiTransformations$2: loaded 2 times (x 81B)
Class org.jetbrains.kotlin.gradle.tasks.KotlinJvmCompile                              : loaded 2 times (x 72B)
Class org.jetbrains.kotlin.gradle.internal.properties.NativePropertiesLoader$actualNativeHomeDirectory$3: loaded 2 times (x 77B)
Class org.jetbrains.kotlin.gradle.report.BuildReportMode                              : loaded 2 times (x 81B)
Class org.jetbrains.kotlin.statistics.metrics.StringAnonymizationPolicy$RegexControlled: loaded 2 times (x 81B)
Class org.jetbrains.kotlin.statistics.ValueAnonymizer                                 : loaded 2 times (x 72B)
Class org.jetbrains.kotlin.gradle.plugin.VariantImplementationFactories$Companion$getProvider$2$1$1: loaded 2 times (x 77B)
Class org.jetbrains.kotlin.gradle.plugin.internal.ProjectIsolationStartParameterAccessor$Factory: loaded 2 times (x 72B)
Class androidx.startup.lint.EnsureInitializerMetadataDetector$Companion               : loaded 2 times (x 73B)
Class com.android.repository.io.FileOpUtils                                           : loaded 2 times (x 73B)
Class kotlin.reflect.jvm.internal.KDeclarationContainerImpl$getMembers$visitor$1      : loaded 2 times (x 106B)
Class org.codehaus.groovy.vmplugin.v9.ClassFindFailedException                        : loaded 2 times (x 84B)
Class org.codehaus.groovy.runtime.ResourceGroovyMethods                               : loaded 2 times (x 73B)
Class org.codehaus.groovy.runtime.IOGroovyMethods                                     : loaded 2 times (x 73B)
Class org.codehaus.groovy.reflection.GroovyClassValueFactory                          : loaded 2 times (x 73B)
Class kotlin.reflect.jvm.internal.impl.resolve.NonReportingOverrideStrategy           : loaded 2 times (x 78B)
Class kotlin.reflect.jvm.internal.KCallableImpl$$Lambda$4                             : loaded 2 times (x 78B)
Class kotlin.reflect.jvm.internal.impl.resolve.OverridingUtil$5                       : loaded 2 times (x 77B)
Class com.android.ide.common.repository.AgpVersion$Companion$WhenMappings             : loaded 2 times (x 73B)
Class com.android.tools.lint.model.DefaultLintModelVariant$mainArtifact$2             : loaded 2 times (x 81B)
Class com.android.sdklib.IAndroidTarget                                               : loaded 2 times (x 72B)
Class kotlin.reflect.jvm.internal.impl.types.TypeConstructorSubstitution              : loaded 2 times (x 80B)
Class kotlin.reflect.jvm.internal.impl.descriptors.impl.DeclarationDescriptorVisitorEmptyBodies: loaded 2 times (x 103B)
Class kotlin.reflect.jvm.internal.impl.descriptors.runtime.structure.ReflectJavaElement: loaded 2 times (x 73B)
Class kotlin.reflect.jvm.internal.impl.storage.SimpleLock                             : loaded 2 times (x 72B)
Class kotlin.reflect.full.KClasses                                                    : loaded 2 times (x 73B)
Class com.google.common.collect.ImmutableMultimap$2                                   : loaded 2 times (x 83B)
Class com.google.common.collect.AbstractIterator$State                                : loaded 2 times (x 81B)
Class org.jetbrains.kotlin.gradle.tasks.DefaultKotlinJavaToolchain$javaExecutable$1   : loaded 2 times (x 77B)
Class org.jetbrains.kotlin.build.report.metrics.BuildAttribute                        : loaded 2 times (x 81B)
Class org.jetbrains.kotlin.gradle.plugin.mpp.compilationImpl.KotlinCompilationRegisterInSourceSetsConfigurator: loaded 2 times (x 76B)
Class org.jetbrains.kotlin.gradle.plugin.mpp.compilationImpl.factory.DefaultKotlinCompilationTaskNamesContainerFactory: loaded 2 times (x 76B)
Class org.jetbrains.kotlin.gradle.plugin.mpp.compilationImpl.DefaultKotlinCompilationFriendPathsResolver$FriendArtifactResolver$Companion: loaded 2 times (x 73B)
Class org.jetbrains.kotlin.gradle.plugin.mpp.AbstractKotlinTarget$components$2        : loaded 2 times (x 81B)
Class org.jetbrains.kotlin.gradle.plugin.mpp.KotlinUsages$setupAttributesMatchingStrategy$1: loaded 2 times (x 76B)
Class org.jetbrains.kotlin.gradle.plugin.KotlinGradleBuildServices$Companion$registerIfAbsent$2$1$1: loaded 2 times (x 77B)
Class org.jetbrains.kotlin.gradle.plugin.statistics.BuildFinishBuildService$Parameters$Inject_: loaded 2 times (x 116B)
Class org.jetbrains.kotlin.gradle.internal.diagnostics.AgpCompatibilityCheck$runAgpCompatibilityCheckIfAgpIsApplied$1$1: loaded 2 times (x 77B)
Class org.jetbrains.kotlin.gradle.utils.AndroidPluginIdsKt                            : loaded 2 times (x 73B)
Class org.jetbrains.kotlin.gradle.plugin.KotlinBaseApiPlugin_Decorated                : loaded 2 times (x 162B)
Class org.jetbrains.kotlin.gradle.plugin.KotlinCompilerPluginSupportPlugin            : loaded 2 times (x 72B)
Class org.jetbrains.kotlin.gradle.plugin.KotlinBasePlugin                             : loaded 2 times (x 72B)
Class com.google.common.cache.LocalCache$ValueReference                               : loaded 2 times (x 72B)
Class kotlin.coroutines.jvm.internal.Boxing                                           : loaded 2 times (x 73B)
Class kotlin.reflect.jvm.internal.KProperty0Impl$$Lambda$1                            : loaded 2 times (x 78B)
Class com.android.ide.common.blame.SourcePosition                                     : loaded 2 times (x 73B)
Class kotlin.collections.ArrayDeque$Companion                                         : loaded 2 times (x 73B)
Class org.codehaus.groovy.runtime.dgmimpl.arrays.FloatArrayPutAtMetaMethod            : loaded 2 times (x 99B)
Class groovy.lang.GString$1                                                           : loaded 2 times (x 125B)
Class groovy.util.BufferedIterator                                                    : loaded 2 times (x 72B)
Class groovy.lang.GroovyObject                                                        : loaded 2 times (x 72B)
Class it.unimi.dsi.fastutil.Pair                                                      : loaded 2 times (x 72B)
Class org.codehaus.groovy.reflection.stdclasses.LongCachedClass                       : loaded 2 times (x 97B)
Class it.unimi.dsi.fastutil.ints.IntArrays$Segment                                    : loaded 2 times (x 73B)
Class it.unimi.dsi.fastutil.ints.IntBidirectionalIterator                             : loaded 2 times (x 72B)
Class org.codehaus.groovy.reflection.stdclasses.ShortCachedClass                      : loaded 2 times (x 97B)
Class kotlin.reflect.jvm.internal.KCallableImpl$$Lambda$5                             : loaded 2 times (x 78B)
Class kotlin.concurrent.atomics.AtomicsKt                                             : loaded 2 times (x 73B)
Class org.codehaus.groovy.reflection.stdclasses.BooleanCachedClass                    : loaded 2 times (x 97B)
Class com.android.tools.lint.model.LintModelAndroidLibrary                            : loaded 2 times (x 72B)
Class groovy.lang.MetaProperty                                                        : loaded 2 times (x 79B)
Class org.codehaus.groovy.ast.expr.BinaryExpression                                   : loaded 2 times (x 136B)
Class groovyjarjarasm.asm.Type                                                        : loaded 2 times (x 74B)
Class kotlin.reflect.jvm.internal.impl.serialization.deserialization.descriptors.DeserializedClassConstructorDescriptor: loaded 2 times (x 230B)
Class kotlin.reflect.jvm.internal.KMutableProperty0Impl                               : loaded 2 times (x 137B)
Class kotlin.reflect.jvm.internal.JvmFunctionSignature                                : loaded 2 times (x 74B)
Class kotlin.reflect.jvm.internal.impl.metadata.jvm.deserialization.JvmMemberSignature$Method: loaded 2 times (x 77B)
Class kotlin.reflect.jvm.internal.impl.serialization.deserialization.descriptors.DeserializedMemberDescriptor: loaded 2 times (x 72B)
Class [Lkotlin.reflect.jvm.internal.impl.resolve.scopes.ResolutionScope;              : loaded 2 times (x 71B)
Class kotlin.reflect.jvm.internal.impl.protobuf.WireFormat$JavaType                   : loaded 2 times (x 81B)
Class kotlin.reflect.jvm.internal.impl.types.AbstractTypeConstructor                  : loaded 2 times (x 98B)
Class kotlin.reflect.jvm.internal.impl.renderer.RenderingUtilsKt                      : loaded 2 times (x 73B)
Class kotlin.reflect.jvm.internal.impl.renderer.ParameterNameRenderingPolicy          : loaded 2 times (x 81B)
Class kotlin.reflect.jvm.internal.impl.descriptors.FunctionDescriptor                 : loaded 2 times (x 72B)
Class kotlin.reflect.jvm.internal.impl.descriptors.impl.PackageViewDescriptorFactory$Default: loaded 2 times (x 76B)
Class org.jetbrains.kotlin.gradle.tasks.internal.KotlinJvmOptionsCompat               : loaded 2 times (x 103B)
Class org.jetbrains.kotlin.gradle.utils.FutureKt                                      : loaded 2 times (x 73B)
Class org.jetbrains.kotlin.gradle.dsl.abi.AbiFiltersSpec                              : loaded 2 times (x 72B)
Class org.jetbrains.kotlin.gradle.targets.native.internal.PlatformLibrariesGenerator$GeneratedPlatformLibrariesService: loaded 2 times (x 78B)
Class org.jetbrains.kotlin.gradle.logging.GradleLoggingUtilsKt                        : loaded 2 times (x 73B)
Class org.jetbrains.kotlin.gradle.plugin.KotlinAndroidPluginWrapper                   : loaded 2 times (x 88B)
Class com.google.common.util.concurrent.AbstractFuture$Failure                        : loaded 2 times (x 74B)
Class com.google.protobuf.CodedInputStream$StreamDecoder                              : loaded 2 times (x 121B)
Class com.google.protobuf.PrimitiveNonBoxingCollection                                : loaded 2 times (x 72B)
Class com.google.gson.stream.JsonReader                                               : loaded 2 times (x 99B)
Class org.codehaus.groovy.ast.ClassHelper$ClassHelperCache                            : loaded 2 times (x 73B)
Class org.codehaus.groovy.ast.ClassHelper                                             : loaded 2 times (x 73B)
Class org.codehaus.groovy.runtime.DefaultGroovyMethodsSupport                         : loaded 2 times (x 73B)
Class groovy.lang.groovydoc.Groovydoc                                                 : loaded 2 times (x 78B)
Class org.gradle.internal.classloader.ClassLoaderHierarchy                            : loaded 2 times (x 72B)
Class kotlin.reflect.jvm.internal.KProperty0Impl                                      : loaded 2 times (x 130B)
Class org.jetbrains.kotlin.gradle.plugin.internal.ConfigurationCacheStartParameterAccessorKt: loaded 2 times (x 73B)
Class kotlin.reflect.jvm.internal.CacheByClassKt                                      : loaded 2 times (x 73B)
Class kotlin.coroutines.EmptyCoroutineContext                                         : loaded 2 times (x 79B)
Class org.jetbrains.kotlin.gradle.plugin.KotlinPlatformType$Companion                 : loaded 2 times (x 73B)
Class org.jetbrains.kotlin.gradle.plugin.KotlinPlatformType$DisambiguationRule        : loaded 2 times (x 78B)
Class org.jetbrains.kotlin.gradle.plugin.mpp.compilationImpl.factory.DefaultKotlinCompilationSourceSetsContainerFactory: loaded 2 times (x 77B)
Class kotlin.reflect.jvm.internal.impl.load.java.BuiltinSpecialPropertiesKt           : loaded 2 times (x 73B)
Class [Lkotlin.reflect.jvm.internal.impl.descriptors.ClassifierDescriptor;            : loaded 2 times (x 71B)
Class kotlin.reflect.jvm.internal.impl.serialization.deserialization.ProtoContainer$Class: loaded 2 times (x 75B)
Class [Lkotlin.reflect.jvm.internal.impl.types.Variance;                              : loaded 2 times (x 71B)
Class kotlin.reflect.jvm.internal.impl.metadata.ProtoBuf$Type$Argument$Projection     : loaded 2 times (x 84B)
Class kotlin.reflect.jvm.internal.impl.metadata.ProtoBuf$Annotation$Argument$Value$Type$1: loaded 2 times (x 76B)
Class kotlin.reflect.jvm.internal.impl.metadata.jvm.JvmProtoBuf$JvmMethodSignature    : loaded 2 times (x 98B)
Class kotlin.reflect.jvm.internal.impl.descriptors.DescriptorVisibilities$1           : loaded 2 times (x 78B)
Class kotlin.reflect.jvm.internal.impl.descriptors.impl.DeclarationDescriptorNonRootImpl: loaded 2 times (x 98B)
Class kotlin.reflect.jvm.internal.impl.utils.WrappedValues$WrappedProcessCanceledException: loaded 2 times (x 84B)
Class com.google.common.collect.ImmutableSetMultimap                                  : loaded 2 times (x 182B)
Class com.google.common.collect.ByFunctionOrdering                                    : loaded 2 times (x 117B)
Class com.google.common.io.CharSink                                                   : loaded 2 times (x 81B)
Class org.jetbrains.kotlin.compilerRunner.GradleCompilerRunner$Companion              : loaded 2 times (x 73B)
Class org.objectweb.asm.CurrentFrame                                                  : loaded 2 times (x 75B)
Class org.objectweb.asm.ClassTooLargeException                                        : loaded 2 times (x 84B)
Class org.jetbrains.kotlin.gradle.plugin.DefaultKotlinBasePlugin$setupAttributeMatchingStrategy$1$1: loaded 2 times (x 81B)
Class org.jetbrains.kotlin.statistics.metrics.NumericalMetrics$Companion              : loaded 2 times (x 73B)
Class [Lorg.jetbrains.kotlin.statistics.metrics.NumberAnonymizationPolicy;            : loaded 2 times (x 71B)
Class org.jetbrains.kotlin.statistics.metrics.NumberOverridePolicy$OVERRIDE           : loaded 2 times (x 87B)
Class org.jetbrains.kotlin.gradle.internal.properties.PropertiesBuildService$property$1: loaded 2 times (x 81B)
Class com.google.common.collect.PeekingIterator                                       : loaded 2 times (x 72B)
Class androidx.startup.lint.InitializerConstructorDetector                            : loaded 2 times (x 172B)
Class com.google.common.io.FileWriteMode                                              : loaded 2 times (x 81B)
Class com.android.tools.analytics.CommonMetricsData                                   : loaded 2 times (x 73B)
Class com.google.common.hash.HashCode$LongHashCode                                    : loaded 2 times (x 82B)
Class com.google.common.collect.SortedSetMultimap                                     : loaded 2 times (x 72B)
Class com.google.common.cache.LocalCache$ValueIterator                                : loaded 2 times (x 88B)
Class org.codehaus.groovy.ast.expr.MethodPointerExpression                            : loaded 2 times (x 133B)
Class org.codehaus.groovy.runtime.DefaultGroovyStaticMethods                          : loaded 2 times (x 73B)
Class [Lkotlin.reflect.jvm.internal.impl.protobuf.Internal$EnumLite;                  : loaded 2 times (x 71B)
Class com.android.resources.ResourceFolderType                                        : loaded 2 times (x 81B)
Class kotlin.reflect.jvm.internal.impl.load.kotlin.header.ReadKotlinClassHeaderAnnotationVisitor: loaded 2 times (x 81B)
Class org.jetbrains.kotlin.cli.common.messages.MessageCollector$Companion$NONE$1      : loaded 2 times (x 78B)
Class kotlin.reflect.jvm.internal.impl.metadata.ProtoBuf$Visibility$1                 : loaded 2 times (x 76B)
Class org.jetbrains.kotlin.config.MavenComparableVersion$Item                         : loaded 2 times (x 72B)
Class com.android.ide.common.gradle.Version$Companion$ParseState$NUMERIC              : loaded 2 times (x 76B)
Class com.android.ide.common.repository.AgpVersion$PreviewKind                        : loaded 2 times (x 81B)
Class [Lcom.android.tools.lint.model.LintModelModuleType;                             : loaded 2 times (x 71B)
Class com.android.tools.lint.model.LintModelSerialization$LintModelSerializationFileAdapter$WhenMappings: loaded 2 times (x 73B)
Class kotlin.reflect.jvm.internal.impl.descriptors.TypeParameterUtilsKt               : loaded 2 times (x 73B)
Class kotlin.reflect.jvm.internal.impl.resolve.scopes.MemberScope$Companion           : loaded 2 times (x 73B)
Class kotlin.reflect.jvm.internal.impl.types.AbstractTypeConstructor$Supertypes       : loaded 2 times (x 74B)
Class org.jetbrains.kotlin.incremental.ClasspathChanges$ClasspathSnapshotEnabled      : loaded 2 times (x 74B)
Class kotlin.reflect.jvm.internal.impl.load.java.descriptors.JavaClassDescriptor      : loaded 2 times (x 72B)
Class kotlin.reflect.jvm.internal.impl.metadata.ProtoBuf$Type$Argument$Projection$1   : loaded 2 times (x 76B)
Class kotlin.reflect.jvm.internal.impl.load.java.lazy.descriptors.JvmPackageScope     : loaded 2 times (x 87B)
Class kotlin.reflect.jvm.internal.impl.serialization.deserialization.AbstractDeserializedPackageFragmentProvider: loaded 2 times (x 87B)
Class kotlin.reflect.jvm.internal.impl.descriptors.Visibilities$Internal              : loaded 2 times (x 77B)
Class kotlin.reflect.jvm.internal.impl.descriptors.DescriptorVisibilities$2           : loaded 2 times (x 78B)
Class kotlin.reflect.jvm.internal.impl.load.kotlin.DeserializedDescriptorResolver     : loaded 2 times (x 74B)
Class kotlin.reflect.jvm.internal.impl.descriptors.impl.ModuleDescriptorImpl          : loaded 2 times (x 98B)
Class kotlin.reflect.jvm.internal.impl.types.model.KotlinTypeMarker                   : loaded 2 times (x 72B)
Class com.google.common.io.ByteSource$AsCharSource                                    : loaded 2 times (x 88B)
Class com.google.common.collect.Table                                                 : loaded 2 times (x 72B)
Class com.google.common.collect.Maps$IteratorBasedAbstractMap                         : loaded 2 times (x 127B)
Class org.jetbrains.kotlin.build.report.metrics.BuildAttributes$Companion             : loaded 2 times (x 73B)
Class org.jetbrains.kotlin.gradle.plugin.mpp.compilationImpl.factory.KotlinCompilationImplFactory$ProcessResourcesTaskNameFactory: loaded 2 times (x 72B)
Class org.jetbrains.kotlin.gradle.tasks.KotlinCompilationTask                         : loaded 2 times (x 72B)
Class org.objectweb.asm.Frame                                                         : loaded 2 times (x 75B)
Class org.jetbrains.kotlin.gradle.plugin.DefaultKotlinBasePlugin$setupAttributeMatchingStrategy$1$2: loaded 2 times (x 81B)
Class org.jetbrains.kotlin.gradle.targets.native.internal.PlatformLibrariesGenerator$Companion: loaded 2 times (x 73B)
Class org.jetbrains.kotlin.gradle.plugin.statistics.KotlinBuildStatsLoggerService     : loaded 2 times (x 74B)
Class com.google.common.cache.LocalCache$EntryFactory$1                               : loaded 2 times (x 85B)
Class [Lcom.google.common.cache.RemovalListener;                                      : loaded 2 times (x 71B)
Class [Lcom.android.tools.analytics.JournalingUsageTracker$State;                     : loaded 2 times (x 71B)
Class org.codehaus.groovy.ast.stmt.BlockStatement                                     : loaded 2 times (x 117B)
Class org.apache.groovy.plugin.GroovyRunnerRegistry                                   : loaded 2 times (x 136B)
Class org.codehaus.groovy.runtime.metaclass.MetaClassRegistryImpl$DefaultModuleListener: loaded 2 times (x 78B)
Class kotlin.reflect.jvm.internal.impl.descriptors.ValueParameterDescriptor           : loaded 2 times (x 72B)
Class kotlin.reflect.jvm.internal.CachesKt                                            : loaded 2 times (x 73B)
Class [Lkotlin.reflect.jvm.internal.impl.types.model.TypeArgumentMarker;              : loaded 2 times (x 71B)
Class kotlin.reflect.jvm.internal.impl.resolve.OverridingUtil$4                       : loaded 2 times (x 76B)
Class kotlin.reflect.jvm.internal.impl.descriptors.runtime.structure.ReflectJavaClass$methods$2: loaded 2 times (x 131B)
Class kotlin.reflect.jvm.internal.impl.descriptors.TypeParameterDescriptor            : loaded 2 times (x 72B)
Class kotlin.reflect.jvm.internal.impl.metadata.deserialization.NameResolverImpl$WhenMappings: loaded 2 times (x 73B)
Class kotlin.reflect.jvm.internal.impl.serialization.deserialization.DeserializedPackageFragment: loaded 2 times (x 110B)
Class kotlin.reflect.jvm.internal.impl.load.java.lazy.descriptors.LazyJavaPackageFragment: loaded 2 times (x 107B)
Class kotlin.reflect.jvm.internal.impl.metadata.ProtoBuf$ContractOrBuilder            : loaded 2 times (x 72B)
Class kotlin.reflect.jvm.internal.impl.protobuf.GeneratedMessageLite$ExtendableMessageOrBuilder: loaded 2 times (x 72B)
Class kotlin.reflect.jvm.internal.impl.descriptors.DescriptorVisibilities$3           : loaded 2 times (x 78B)
Class [Lkotlin.reflect.jvm.internal.impl.renderer.RenderingFormat;                    : loaded 2 times (x 71B)
Class kotlin.reflect.jvm.internal.impl.storage.LockBasedStorageManager$1              : loaded 2 times (x 97B)
Class com.google.common.collect.RangeSet                                              : loaded 2 times (x 72B)
Class org.jetbrains.kotlin.tooling.core.ExtrasProperty                                : loaded 2 times (x 72B)
Class org.jetbrains.kotlin.gradle.plugin.mpp.compilationImpl.KotlinCompilationSourceSetInclusion$Companion: loaded 2 times (x 73B)
Class [Lorg.jetbrains.kotlin.gradle.plugin.sources.android.AndroidVariantType;        : loaded 2 times (x 71B)
Class org.jetbrains.kotlin.compilerRunner.UsesCompilerSystemPropertiesService         : loaded 2 times (x 72B)
Class org.jetbrains.kotlin.gradle.plugin.mpp.KotlinTargetSoftwareComponent            : loaded 2 times (x 91B)
Class org.jetbrains.kotlin.gradle.plugin.mpp.KotlinVariant                            : loaded 2 times (x 101B)
Class org.jetbrains.kotlin.gradle.utils.WhenPluginEnabledKt                           : loaded 2 times (x 73B)
Class org.jetbrains.kotlin.gradle.plugin.VariantImplementationFactories               : loaded 2 times (x 77B)
Class org.jetbrains.kotlin.gradle.internal.diagnostics.KotlinCompilerEmbeddableCheck  : loaded 2 times (x 73B)
Class org.jetbrains.kotlin.gradle.plugin.sources.android.AndroidVariantType           : loaded 2 times (x 81B)
Class com.google.common.cache.LocalCache$EntryFactory$2                               : loaded 2 times (x 85B)
Class org.gradle.api.internal.classpath.GlobalCacheRootsProvider                      : loaded 2 times (x 72B)
Class org.apache.groovy.util.Maps                                                     : loaded 2 times (x 73B)
Class org.codehaus.groovy.ast.stmt.TryCatchStatement                                  : loaded 2 times (x 123B)
Class org.codehaus.groovy.runtime.metaclass.MethodSelectionException                  : loaded 2 times (x 89B)
Class org.codehaus.groovy.util.TripleKeyHashMap                                       : loaded 2 times (x 84B)
Class org.codehaus.groovy.util.FastArray                                              : loaded 2 times (x 87B)
Class kotlin.reflect.jvm.internal.impl.load.java.SpecialGenericSignatures             : loaded 2 times (x 73B)
Class kotlin.reflect.jvm.internal.impl.load.java.DescriptorsJvmAbiUtil                : loaded 2 times (x 73B)
Class it.unimi.dsi.fastutil.ints.IntArrays$ForkJoinQuickSort                          : loaded 2 times (x 97B)
Class kotlin.reflect.jvm.internal.KPropertyImpl$Accessor                              : loaded 2 times (x 124B)
Class kotlinx.coroutines.BuildersKt                                                   : loaded 2 times (x 73B)
Class kotlinx.coroutines.internal.ThreadContextKt                                     : loaded 2 times (x 73B)
Class com.android.prefs.Global                                                        : loaded 2 times (x 81B)
Class kotlin.reflect.jvm.internal.KProperty0Impl$$Lambda$0                            : loaded 2 times (x 78B)
Class it.unimi.dsi.fastutil.Stack                                                     : loaded 2 times (x 72B)
Class org.jetbrains.kotlin.build.report.metrics.BuildTimeMetric                       : loaded 2 times (x 74B)
Class org.jetbrains.kotlin.incremental.ClasspathSnapshotFiles                         : loaded 2 times (x 74B)
Class kotlin.reflect.jvm.internal.UtilKt                                              : loaded 2 times (x 73B)
Class kotlin.reflect.jvm.internal.impl.load.java.BuiltinMethodsWithSpecialGenericSignature: loaded 2 times (x 73B)
Class kotlin.reflect.jvm.internal.impl.descriptors.impl.AbstractTypeParameterDescriptor$1: loaded 2 times (x 79B)
Class kotlin.reflect.jvm.internal.impl.serialization.deserialization.descriptors.DeserializedSimpleFunctionDescriptor: loaded 2 times (x 213B)
Class kotlin.reflect.jvm.internal.impl.serialization.deserialization.builtins.BuiltInsPackageFragmentImpl$Companion: loaded 2 times (x 73B)
Class kotlin.reflect.jvm.internal.impl.load.kotlin.KotlinClassFinderKt                : loaded 2 times (x 73B)
Class kotlin.reflect.jvm.internal.impl.metadata.deserialization.VersionRequirementTable$Companion: loaded 2 times (x 73B)
Class kotlin.reflect.jvm.internal.impl.protobuf.SmallSortedMap$Entry                  : loaded 2 times (x 90B)
Class kotlin.reflect.jvm.internal.impl.metadata.ProtoBuf$Package$1                    : loaded 2 times (x 89B)
Class kotlin.reflect.jvm.internal.impl.descriptors.DescriptorVisibilities$4           : loaded 2 times (x 78B)
Class [Lkotlin.reflect.jvm.internal.impl.descriptors.CallableMemberDescriptor$Kind;   : loaded 2 times (x 71B)
Class kotlin.reflect.jvm.internal.impl.types.checker.KotlinTypeRefinerKt              : loaded 2 times (x 73B)
Class kotlin.reflect.jvm.internal.impl.descriptors.ClassDescriptor                    : loaded 2 times (x 72B)
Class kotlin.reflect.jvm.internal.impl.load.kotlin.PackagePartProvider                : loaded 2 times (x 72B)
Class kotlin.TypeCastException                                                        : loaded 2 times (x 84B)
Class com.google.common.collect.Multimaps                                             : loaded 2 times (x 73B)
Class com.google.common.collect.CollectCollectors                                     : loaded 2 times (x 73B)
Class org.jetbrains.kotlin.tooling.core.Extras$Entry$Companion                        : loaded 2 times (x 73B)
Class org.jetbrains.kotlin.gradle.targets.js.dsl.KotlinWasmWasiTargetDsl              : loaded 2 times (x 72B)
Class org.objectweb.asm.ModuleWriter                                                  : loaded 2 times (x 83B)
Class org.jetbrains.kotlin.gradle.internal.CompilerArgumentAware                      : loaded 2 times (x 72B)
Class org.jetbrains.kotlin.gradle.plugin.statistics.BuildFusService$Parameters$Inject_: loaded 2 times (x 114B)
Class org.jetbrains.kotlin.gradle.utils.ReportUtilsKt                                 : loaded 2 times (x 73B)
Class org.jetbrains.kotlin.gradle.utils.StoredLazyProperty                            : loaded 2 times (x 77B)
Class com.google.common.cache.LocalCache$EntryFactory$3                               : loaded 2 times (x 85B)
Class com.google.common.base.Ticker$1                                                 : loaded 2 times (x 74B)
Class groovy.lang.Range                                                               : loaded 2 times (x 72B)
Class androidx.lifecycle.lint.NonNullableMutableLiveDataDetector$Companion            : loaded 2 times (x 73B)
Class org.codehaus.groovy.reflection.CacheAccessControlException                      : loaded 2 times (x 89B)
Class com.google.protobuf.Descriptors$Descriptor                                      : loaded 2 times (x 78B)
Class [Lcom.android.tools.analytics.Environment$SystemProperty;                       : loaded 2 times (x 71B)
Class com.android.tools.analytics.AnalyticsSettings                                   : loaded 2 times (x 73B)
Class org.codehaus.groovy.control.MultipleCompilationErrorsException                  : loaded 2 times (x 92B)
Class org.codehaus.groovy.runtime.metaclass.ThreadManagedMetaBeanProperty             : loaded 2 times (x 88B)
Class groovy.lang.groovydoc.GroovydocHolder                                           : loaded 2 times (x 72B)
Class org.codehaus.groovy.util.ManagedConcurrentLinkedQueue$Element                   : loaded 2 times (x 78B)
Class groovy.lang.GroovyCallable                                                      : loaded 2 times (x 72B)
Class groovy.lang.GroovyObjectSupport                                                 : loaded 2 times (x 86B)
Class kotlinx.coroutines.Incomplete                                                   : loaded 2 times (x 72B)
Class com.android.tools.analytics.UsageTracker$setMaxJournalTime$1                    : loaded 2 times (x 81B)
Class com.google.protobuf.MapField                                                    : loaded 2 times (x 91B)
Class com.google.protobuf.CodedInputStream$UnsafeDirectNioDecoder                     : loaded 2 times (x 121B)
Class kotlin.reflect.jvm.internal.calls.CallerImpl                                    : loaded 2 times (x 83B)
Class org.jetbrains.kotlin.cli.common.arguments.ManualLanguageFeatureSetting          : loaded 2 times (x 74B)
Class kotlin.reflect.jvm.internal.impl.types.FlexibleType                             : loaded 2 times (x 91B)
Class kotlin.reflect.jvm.internal.impl.descriptors.impl.AbstractTypeParameterDescriptor$2: loaded 2 times (x 79B)
Class kotlin.reflect.jvm.internal.impl.serialization.deserialization.descriptors.DeserializedTypeParameterDescriptor: loaded 2 times (x 126B)
Class [Lkotlin.reflect.jvm.internal.impl.metadata.ProtoBuf$QualifiedNameTable$QualifiedName$Kind;: loaded 2 times (x 71B)
Class kotlin.reflect.jvm.internal.impl.serialization.deserialization.descriptors.DeserializedMemberScope: loaded 2 times (x 104B)
Class [Lkotlin.reflect.jvm.internal.impl.metadata.ProtoBuf$Class$Kind;                : loaded 2 times (x 71B)
Class kotlin.reflect.jvm.internal.impl.resolve.scopes.AbstractScopeAdapter            : loaded 2 times (x 95B)
Class kotlin.reflect.jvm.internal.impl.metadata.builtins.BuiltInsProtoBuf             : loaded 2 times (x 73B)
Class kotlin.reflect.jvm.internal.impl.metadata.jvm.JvmProtoBuf$JvmPropertySignature  : loaded 2 times (x 98B)
Class kotlin.reflect.jvm.internal.impl.metadata.ProtoBuf$FunctionOrBuilder            : loaded 2 times (x 72B)
Class kotlin.reflect.jvm.internal.impl.descriptors.DescriptorVisibilities$5           : loaded 2 times (x 78B)
Class kotlin.reflect.jvm.internal.impl.descriptors.Visibilities$PrivateToThis         : loaded 2 times (x 77B)
Class kotlin.reflect.jvm.internal.impl.builtins.ReflectionTypes$ClassLookup           : loaded 2 times (x 73B)
Class kotlin.reflect.jvm.internal.impl.descriptors.SupertypeLoopChecker               : loaded 2 times (x 72B)
Class kotlin.reflect.jvm.internal.impl.resolve.sam.SamConversionResolverImpl          : loaded 2 times (x 74B)
Class Native_plugin_loader_gradle$NativePluginLoader                                  : loaded 2 times (x 74B)
Class com.google.common.collect.CollectSpliterators$1                                 : loaded 2 times (x 92B)
Class org.jetbrains.kotlin.gradle.tasks.K2MultiplatformStructure_Decorated            : loaded 2 times (x 133B)
Class org.jetbrains.kotlin.compilerRunner.GradleCompilerRunner                        : loaded 2 times (x 75B)
Class org.jetbrains.kotlin.gradle.plugin.sources.FragmentConsistencyChecks            : loaded 2 times (x 74B)
Class org.jetbrains.kotlin.gradle.plugin.diagnostics.IsAttachedToTerminalValueSource  : loaded 2 times (x 82B)
Class com.google.common.collect.SetMultimap                                           : loaded 2 times (x 72B)
Class org.jetbrains.kotlin.gradle.plugin.mpp.InternalKotlinTargetComponent            : loaded 2 times (x 93B)
Class org.jetbrains.kotlin.gradle.utils.ProviderApiUtilsKt                            : loaded 2 times (x 73B)
Class org.jetbrains.kotlin.gradle.targets.native.UsesKonanPropertiesBuildService      : loaded 2 times (x 72B)
Class org.jetbrains.kotlin.gradle.internal.properties.NativePropertiesLoader$forceDisableRunningInProcess$1: loaded 2 times (x 77B)
Class org.jetbrains.kotlin.gradle.internal.tasks.TaskWithLocalState                   : loaded 2 times (x 72B)
Class org.jetbrains.kotlin.gradle.plugin.statistics.KotlinBuildStatisticsUtilsKt      : loaded 2 times (x 73B)
Class org.jetbrains.kotlin.statistics.metrics.BooleanMetrics                          : loaded 2 times (x 81B)
Class org.jetbrains.kotlin.gradle.utils.PersistentCachesKt                            : loaded 2 times (x 73B)
Class org.jetbrains.kotlin.gradle.internal.properties.PropertiesBuildService$Params   : loaded 2 times (x 72B)
Class org.jetbrains.kotlin.gradle.internal.diagnostics.GradleCompatibilityCheck       : loaded 2 times (x 73B)
Class com.google.common.cache.LocalCache$EntryFactory$4                               : loaded 2 times (x 85B)
Class org.gradle.internal.classloader.FilteringClassLoader                            : loaded 2 times (x 106B)
Class com.android.tools.analytics.AnalyticsPaths                                      : loaded 2 times (x 73B)
Class groovy.lang.GroovyResourceLoader                                                : loaded 2 times (x 72B)
Class org.jetbrains.kotlin.gradle.plugin.internal.CustomPropertiesFileValueSource$Inject_: loaded 2 times (x 115B)
Class kotlinx.coroutines.AbstractTimeSourceKt                                         : loaded 2 times (x 73B)
Class kotlin.reflect.jvm.internal.impl.resolve.InlineClassesUtilsKt                   : loaded 2 times (x 73B)
Class kotlin.reflect.jvm.internal.impl.protobuf.UnmodifiableLazyStringList            : loaded 2 times (x 260B)
Class kotlin.reflect.jvm.internal.impl.storage.LockBasedStorageManager$4              : loaded 2 times (x 86B)
Class kotlin.reflect.jvm.internal.impl.descriptors.DescriptorVisibilities$6           : loaded 2 times (x 78B)
Class kotlin.reflect.jvm.internal.impl.descriptors.DeclarationDescriptorVisitor       : loaded 2 times (x 72B)
Class kotlin.reflect.jvm.internal.impl.renderer.DescriptorRenderer$ValueParametersHandler$DEFAULT: loaded 2 times (x 79B)
Class kotlin.reflect.jvm.internal.impl.load.java.components.JavaResolverCache$1       : loaded 2 times (x 80B)
Class kotlin.reflect.jvm.internal.impl.storage.CacheWithNotNullValues                 : loaded 2 times (x 72B)
Class [Lorg.jetbrains.kotlin.gradle.plugin.diagnostics.ToolingDiagnostic$Severity;    : loaded 2 times (x 71B)
Class com.google.common.collect.ReverseOrdering                                       : loaded 2 times (x 117B)
Class org.jetbrains.kotlin.gradle.utils.ConfigurationsKt$maybeCreateDependencyScope$1 : loaded 2 times (x 80B)
Class org.jetbrains.kotlin.gradle.plugin.sources.FragmentConsistencyChecks$languageVersionCheck$1: loaded 2 times (x 81B)
Class org.jetbrains.kotlin.gradle.tasks.K2MultiplatformCompilationTask                : loaded 2 times (x 72B)
Class [Lorg.jetbrains.kotlin.gradle.plugin.KotlinPlatformType;                        : loaded 2 times (x 71B)
Class org.jetbrains.kotlin.gradle.plugin.statistics.UsesBuildFusService               : loaded 2 times (x 72B)
Class org.jetbrains.kotlin.gradle.plugin.statistics.old.Pre232IdeaKotlinBuildStatsBeanService: loaded 2 times (x 97B)
Class org.jetbrains.kotlin.statistics.metrics.NumberOverridePolicy$AVERAGE            : loaded 2 times (x 87B)
Class org.jetbrains.kotlin.gradle.plugin.BuildFinishedListenerService$Companion$registerIfAbsent$1$1: loaded 2 times (x 81B)
Class org.jetbrains.kotlin.gradle.internal.diagnostics.GradleCompatibilityCheck$CurrentGradleVersionProvider: loaded 2 times (x 72B)
Class org.jetbrains.kotlin.gradle.plugin.mpp.DecoratedKotlinCompilation               : loaded 2 times (x 193B)
Class com.google.common.cache.LocalCache$EntryFactory$5                               : loaded 2 times (x 85B)
Class org.jetbrains.kotlin.gradle.fus.internal.SynchronizedConfigurationMetrics$Companion: loaded 2 times (x 73B)
Class androidx.lifecycle.lint.NonNullableMutableLiveDataDetector$createUastHandler$1  : loaded 2 times (x 129B)
Class org.codehaus.groovy.ast.InnerClassNode                                          : loaded 2 times (x 249B)
Class org.codehaus.groovy.control.ResolveVisitor$LowerCaseClass                       : loaded 2 times (x 244B)
Class [Lgroovy.lang.MetaProperty;                                                     : loaded 2 times (x 71B)
Class org.codehaus.groovy.reflection.CachedClass$1                                    : loaded 2 times (x 84B)
Class org.codehaus.groovy.util.LazyReference$1                                        : loaded 2 times (x 78B)
Class kotlin.time.Duration                                                            : loaded 2 times (x 76B)
Class org.jetbrains.kotlin.gradle.internal.ClassLoadersCachingBuildService$Companion$registerIfAbsent$2$1$1: loaded 2 times (x 77B)
Class org.jetbrains.kotlin.gradle.targets.native.KonanPropertiesBuildService$Companion$registerIfAbsent$1: loaded 2 times (x 77B)
Class kotlin.reflect.jvm.internal.impl.types.TypeSystemCommonBackendContext           : loaded 2 times (x 72B)
Class kotlin.reflect.jvm.internal.impl.load.java.typeEnhancement.MutabilityQualifier  : loaded 2 times (x 81B)
Class kotlin.reflect.jvm.internal.impl.descriptors.runtime.structure.ReflectJavaAnnotationOwner: loaded 2 times (x 72B)
Class kotlin.reflect.jvm.internal.impl.protobuf.UninitializedMessageException         : loaded 2 times (x 85B)
Class kotlin.reflect.jvm.internal.impl.serialization.deserialization.builtins.BuiltInSerializerProtocol: loaded 2 times (x 74B)
Class kotlin.reflect.jvm.internal.impl.metadata.ProtoBuf$TypeOrBuilder                : loaded 2 times (x 72B)
Class kotlin.reflect.jvm.internal.impl.descriptors.Visibilities$InvisibleFake         : loaded 2 times (x 77B)
Class kotlin.reflect.jvm.internal.impl.descriptors.DescriptorVisibilities$7           : loaded 2 times (x 78B)
Class kotlin.reflect.jvm.internal.impl.storage.LockBasedStorageManager$5              : loaded 2 times (x 87B)
Class kotlin.reflect.jvm.internal.impl.builtins.jvm.JavaToKotlinClassMapper           : loaded 2 times (x 73B)
Class kotlin.reflect.jvm.internal.impl.load.java.components.JavaPropertyInitializerEvaluator: loaded 2 times (x 72B)
Class kotlin.reflect.jvm.internal.impl.load.java.JavaNullabilityAnnotationSettingsKt  : loaded 2 times (x 73B)
Class kotlin.reflect.jvm.internal.impl.load.java.lazy.SingleModuleClassResolver       : loaded 2 times (x 77B)
Class kotlin.reflect.jvm.internal.impl.descriptors.impl.PackageViewDescriptorFactory$Companion: loaded 2 times (x 73B)
Class org.jetbrains.kotlin.compilerRunner.CompilerSystemPropertiesService$Companion   : loaded 2 times (x 73B)
Class com.google.common.collect.HashMultimap                                          : loaded 2 times (x 175B)
Class org.jetbrains.kotlin.gradle.targets.js.dsl.KotlinWasmJsTargetDsl                : loaded 2 times (x 72B)
Class org.jetbrains.kotlin.gradle.plugin.mpp.compilationImpl.factory.ConfigurationNaming$Default: loaded 2 times (x 77B)
Class org.jetbrains.kotlin.gradle.plugin.sources.DefaultLanguageSettingsBuilder       : loaded 2 times (x 102B)
Class org.jetbrains.kotlin.gradle.plugin.sources.FragmentConsistencyChecks$languageVersionCheck$2: loaded 2 times (x 80B)
Class org.jetbrains.kotlin.gradle.plugin.mpp.compilationImpl.KotlinCompilationSourceSetInclusion: loaded 2 times (x 74B)
Class org.jetbrains.kotlin.gradle.plugin.diagnostics.ToolingDiagnosticRenderingOptionsKt$WhenMappings: loaded 2 times (x 73B)
Class org.jetbrains.kotlin.gradle.tasks.configuration.BaseKotlinCompileConfig$1       : loaded 2 times (x 81B)
Class org.jetbrains.kotlin.gradle.utils.GradleConfigurationUtilsKt                    : loaded 2 times (x 73B)
Class org.jetbrains.kotlin.gradle.plugin.internal.CustomPropertiesFileValueSource$Parameters: loaded 2 times (x 72B)
Class org.jetbrains.kotlin.gradle.plugin.UsesBuildFinishedListenerService             : loaded 2 times (x 72B)
Class org.jetbrains.kotlin.gradle.dsl.KotlinPublishingDsl                             : loaded 2 times (x 72B)
Class org.jetbrains.kotlin.gradle.plugin.KotlinBaseApiPlugin                          : loaded 2 times (x 118B)
Class com.google.common.cache.LocalCache$EntryFactory$6                               : loaded 2 times (x 85B)
Class org.gradle.internal.installation.CurrentGradleInstallationLocator               : loaded 2 times (x 73B)
Class com.google.common.io.LineReader                                                 : loaded 2 times (x 74B)
Class com.google.protobuf.CodedInputStream$ArrayDecoder                               : loaded 2 times (x 121B)
Class com.android.tools.analytics.HostData$osBean$2                                   : loaded 2 times (x 80B)
Class com.android.tools.analytics.HostData                                            : loaded 2 times (x 73B)
Class com.android.tools.analytics.JournalingUsageTracker                              : loaded 2 times (x 85B)
Class [Lcom.google.protobuf.Internal$EnumLite;                                        : loaded 2 times (x 71B)
Class org.codehaus.groovy.runtime.callsite.BooleanClosureWrapper                      : loaded 2 times (x 76B)
Class groovy.lang.Binding                                                             : loaded 2 times (x 91B)
Class org.codehaus.groovy.runtime.memoize.CommonCache                                 : loaded 2 times (x 156B)
Class [Lorg.codehaus.groovy.reflection.CachedField;                                   : loaded 2 times (x 71B)
Class org.codehaus.groovy.reflection.CachedClass$2                                    : loaded 2 times (x 84B)
Class [Lorg.codehaus.groovy.util.ComplexKeyHashMap$Entry;                             : loaded 2 times (x 71B)
Class org.codehaus.groovy.util.LazyReference$2                                        : loaded 2 times (x 78B)
Class [Lorg.codehaus.groovy.reflection.ParameterTypes;                                : loaded 2 times (x 71B)
Class com.android.utils.PositionXmlParser$Position                                    : loaded 2 times (x 80B)
Class kotlin.reflect.jvm.internal.impl.metadata.ProtoBuf$Property$1                   : loaded 2 times (x 89B)
Class kotlin.coroutines.jvm.internal.SpillingKt                                       : loaded 2 times (x 73B)
Class kotlinx.coroutines.Empty                                                        : loaded 2 times (x 77B)
Class com.android.tools.lint.model.DefaultLintModelDependencyGraph                    : loaded 2 times (x 80B)
Class com.android.tools.lint.model.DefaultLintModelLintOptions                        : loaded 2 times (x 105B)
Class kotlin.reflect.jvm.internal.impl.protobuf.FieldSet$1                            : loaded 2 times (x 73B)
Class org.jetbrains.kotlin.cli.common.messages.CompilerMessageSeverity$Companion      : loaded 2 times (x 73B)
Class [Lkotlin.io.FileWalkDirection;                                                  : loaded 2 times (x 71B)
Class kotlin.reflect.jvm.internal.impl.resolve.jvm.InlineClassManglingRulesKt         : loaded 2 times (x 73B)
Class kotlin.reflect.jvm.internal.impl.load.java.typeEnhancement.JavaTypeEnhancement$Result: loaded 2 times (x 74B)
Class [Lkotlin.reflect.jvm.internal.impl.load.java.structure.LightClassOriginKind;    : loaded 2 times (x 71B)
Class kotlin.reflect.jvm.internal.impl.metadata.ProtoBuf$MemberKind$1                 : loaded 2 times (x 76B)
Class kotlin.reflect.jvm.internal.impl.serialization.deserialization.ClassData        : loaded 2 times (x 74B)
Class kotlin.reflect.jvm.internal.impl.builtins.jvm.JvmBuiltInsPackageFragmentProvider$Companion: loaded 2 times (x 73B)
Class kotlin.reflect.jvm.internal.impl.descriptors.DescriptorVisibilities$8           : loaded 2 times (x 78B)
Class kotlin.reflect.jvm.internal.impl.types.TypeUtils$SpecialType                    : loaded 2 times (x 95B)
Class [Lkotlin.reflect.jvm.internal.impl.descriptors.Modality;                        : loaded 2 times (x 71B)
Class kotlin.reflect.jvm.internal.impl.serialization.deserialization.LocalClassifierTypeSettings$Default: loaded 2 times (x 76B)
Class kotlin.reflect.jvm.internal.impl.descriptors.PropertyAccessorDescriptor         : loaded 2 times (x 72B)
Class kotlin.reflect.jvm.internal.impl.resolve.OverridingUtil                         : loaded 2 times (x 78B)
Class kotlin.reflect.jvm.internal.impl.types.checker.KotlinTypePreparator             : loaded 2 times (x 75B)
Class kotlin.reflect.jvm.internal.impl.load.java.lazy.JavaResolverSettings            : loaded 2 times (x 72B)
Class kotlin.reflect.jvm.internal.impl.descriptors.NotFoundClasses                    : loaded 2 times (x 74B)
Class kotlin.reflect.jvm.internal.impl.types.SimpleType                               : loaded 2 times (x 90B)
Class com.google.common.collect.ImmutableMultimap$Builder                             : loaded 2 times (x 88B)
Class com.google.common.io.ByteSource$SlicedByteSource                                : loaded 2 times (x 87B)
Class org.jetbrains.kotlin.gradle.tasks.DefaultKotlinJavaToolchain$getToolsJarFromJvm$1: loaded 2 times (x 77B)
Class org.jetbrains.kotlin.build.report.metrics.GcMetrics                             : loaded 2 times (x 74B)
Class com.google.common.collect.Maps$KeySet                                           : loaded 2 times (x 139B)
Class org.jetbrains.kotlin.gradle.plugin.diagnostics.UsesKotlinToolingDiagnosticsKt   : loaded 2 times (x 73B)
Class org.jetbrains.kotlin.gradle.plugin.AbstractKotlinJsPluginWrapper                : loaded 2 times (x 88B)
Class org.jetbrains.kotlin.gradle.plugin.internal.MavenPublicationComponentAccessor   : loaded 2 times (x 72B)
Class org.jetbrains.kotlin.gradle.fus.BuildUidService                                 : loaded 2 times (x 82B)
Class org.jetbrains.kotlin.gradle.plugin.KotlinPluginWrapperKt                        : loaded 2 times (x 73B)
Class org.jetbrains.kotlin.gradle.plugin.mpp.InternalKotlinCompilation                : loaded 2 times (x 72B)
Class org.jetbrains.kotlin.gradle.plugin.KotlinJvmFactory                             : loaded 2 times (x 72B)
Class com.google.common.cache.LocalCache$EntryFactory$7                               : loaded 2 times (x 85B)
Class org.gradle.internal.service.DefaultServiceLocator                               : loaded 2 times (x 85B)
Class kotlin.reflect.jvm.internal.impl.serialization.deserialization.descriptors.DeserializedClassDescriptor$DeserializedClassMemberScope: loaded 2 times (x 104B)
Class com.google.wireless.android.sdk.stats.AndroidStudioEvent$Builder                : loaded 2 times (x 1039B)
Class com.google.protobuf.ProtocolStringList                                          : loaded 2 times (x 72B)
Class [Lorg.codehaus.groovy.ast.AnnotatedNode;                                        : loaded 2 times (x 71B)
Class groovy.lang.MetaClassImpl$1MOPIter                                              : loaded 2 times (x 77B)
Class org.codehaus.groovy.runtime.dgmimpl.arrays.CharacterArrayPutAtMetaMethod        : loaded 2 times (x 99B)
Class org.codehaus.groovy.reflection.CachedClass$3                                    : loaded 2 times (x 84B)
Class org.codehaus.groovy.reflection.ClassInfo$LazyCachedClassRef                     : loaded 2 times (x 84B)
Class groovy.lang.MetaMethod                                                          : loaded 2 times (x 98B)
Class kotlin.reflect.jvm.internal.impl.resolve.scopes.DescriptorKindFilter$Companion  : loaded 2 times (x 73B)
Class kotlin.reflect.jvm.internal.impl.metadata.ProtoBuf$PackageFragment              : loaded 2 times (x 103B)
Class kotlin.reflect.jvm.internal.impl.load.java.components.DescriptorResolverUtils   : loaded 2 times (x 73B)
Class kotlin.coroutines.jvm.internal.SuspendFunction                                  : loaded 2 times (x 72B)
Class org.jetbrains.kotlin.name.FqName$Companion                                      : loaded 2 times (x 73B)
Class kotlin.reflect.jvm.internal.impl.resolve.OverridingUtil$3                       : loaded 2 times (x 77B)
Class kotlin.reflect.jvm.internal.JvmPropertySignature                                : loaded 2 times (x 74B)
Class kotlin.io.FileTreeWalk                                                          : loaded 2 times (x 77B)
Class kotlin.reflect.jvm.internal.impl.descriptors.runtime.structure.ReflectJavaClass$fields$1: loaded 2 times (x 131B)
Class [Lkotlin.reflect.jvm.internal.impl.types.TypeProjection;                        : loaded 2 times (x 71B)
Class kotlin.reflect.jvm.internal.impl.descriptors.NotFoundClasses$MockClassDescriptor: loaded 2 times (x 177B)
Class kotlin.reflect.jvm.internal.impl.load.java.lazy.descriptors.LazyJavaPackageScope$KotlinClassLookupResult: loaded 2 times (x 73B)
Class kotlin.reflect.jvm.internal.impl.types.Variance                                 : loaded 2 times (x 81B)
Class kotlin.reflect.jvm.internal.impl.metadata.ProtoBuf$Class                        : loaded 2 times (x 103B)
Class kotlin.reflect.jvm.internal.impl.descriptors.DescriptorVisibilities$9           : loaded 2 times (x 78B)
Class kotlin.reflect.jvm.internal.impl.descriptors.ClassKind                          : loaded 2 times (x 81B)
Class kotlin.properties.ObservableProperty                                            : loaded 2 times (x 85B)
Class kotlin.reflect.jvm.internal.impl.serialization.deserialization.ContractDeserializer$Companion: loaded 2 times (x 73B)
Class kotlin.reflect.jvm.internal.impl.resolve.constants.UIntValue                    : loaded 2 times (x 76B)
Class [Lkotlin.reflect.jvm.internal.impl.load.java.lazy.types.JavaTypeFlexibility;    : loaded 2 times (x 71B)
Class kotlin.reflect.jvm.internal.impl.load.java.Jsr305Settings                       : loaded 2 times (x 74B)
Class com.google.common.collect.ImmutableMultimap$EntryCollection                     : loaded 2 times (x 130B)
Class com.google.common.collect.Maps$EntrySet                                         : loaded 2 times (x 138B)
Class org.jetbrains.kotlin.gradle.tasks.configuration.BaseKotlinCompileConfig$1$1$1   : loaded 2 times (x 77B)
Class org.jetbrains.kotlin.gradle.tasks.KotlinCompile$scriptExtensions$1              : loaded 2 times (x 81B)
Class org.jetbrains.kotlin.gradle.tasks.K2MultiplatformStructure$Fragment             : loaded 2 times (x 74B)
Class org.jetbrains.kotlin.compilerRunner.CompilerSystemPropertiesService$Companion$registerIfAbsent$1: loaded 2 times (x 77B)
Class org.jetbrains.kotlin.gradle.plugin.statistics.FlowActionBuildFusService$getConfigurationTimeMetrics$1: loaded 2 times (x 77B)
Class org.jetbrains.kotlin.gradle.plugin.statistics.SynchronizedMetricsContainer      : loaded 2 times (x 84B)
Class org.jetbrains.kotlin.statistics.metrics.NumberOverridePolicy                    : loaded 2 times (x 87B)
Class org.jetbrains.kotlin.statistics.metrics.StringAnonymizationPolicy$AllowedListAnonymizer$Companion: loaded 2 times (x 73B)
Class org.jetbrains.kotlin.gradle.plugin.internal.DefaultProjectIsolationStartParameterAccessor_Decorated: loaded 2 times (x 123B)
Class org.jetbrains.kotlin.gradle.plugin.internal.ProjectIsolationStartParameterAccessorKt: loaded 2 times (x 73B)
Class org.jetbrains.kotlin.gradle.dsl.KaptExtensionConfig                             : loaded 2 times (x 72B)
Class com.google.common.cache.LocalCache$EntryFactory$8                               : loaded 2 times (x 85B)
Class org.gradle.internal.installation.CurrentGradleInstallation                      : loaded 2 times (x 75B)
Class com.google.wireless.android.sdk.stats.AndroidStudioEvent$IdeBrand$1             : loaded 2 times (x 78B)
Class kotlin.jvm.internal.StringCompanionObject                                       : loaded 2 times (x 73B)
Class org.codehaus.groovy.ast.stmt.DoWhileStatement                                   : loaded 2 times (x 120B)
Class org.codehaus.groovy.reflection.CachedClass$4                                    : loaded 2 times (x 84B)
Class org.codehaus.groovy.reflection.ParameterTypes                                   : loaded 2 times (x 84B)
Class kotlin.jvm.internal.Ref$BooleanRef                                              : loaded 2 times (x 73B)
Class com.android.utils.PositionXmlParser$ParserPool                                  : loaded 2 times (x 81B)
Class com.android.prefs.AndroidPathLocator                                            : loaded 2 times (x 75B)
Class com.android.tools.lint.model.LintModelJavaLibrary                               : loaded 2 times (x 72B)
Class kotlinx.coroutines.scheduling.Task                                              : loaded 2 times (x 77B)
Class kotlin.coroutines.intrinsics.IntrinsicsKt__IntrinsicsJvmKt                      : loaded 2 times (x 73B)
Class kotlin.coroutines.jvm.internal.CoroutineStackFrame                              : loaded 2 times (x 72B)
Class com.android.tools.lint.model.DefaultLintModelVariant                            : loaded 2 times (x 103B)
Class com.android.tools.lint.model.LintModelArtifact                                  : loaded 2 times (x 72B)
Class kotlin.reflect.jvm.internal.impl.metadata.ProtoBuf$1                            : loaded 2 times (x 73B)
Class kotlin.reflect.jvm.internal.calls.CallerKt                                      : loaded 2 times (x 73B)
Class kotlin.reflect.jvm.internal.impl.types.model.TypeSystemOptimizationContext      : loaded 2 times (x 72B)
Class kotlin.reflect.jvm.internal.impl.types.model.DefinitelyNotNullTypeMarker        : loaded 2 times (x 72B)
Class [Lkotlin.reflect.jvm.internal.impl.load.java.typeEnhancement.JavaTypeQualifiers;: loaded 2 times (x 71B)
Class kotlin.reflect.jvm.internal.impl.descriptors.runtime.structure.ReflectJavaClass$fields$2: loaded 2 times (x 131B)
Class kotlin.reflect.jvm.internal.impl.metadata.ProtoBuf$StringTable                  : loaded 2 times (x 98B)
Class kotlin.reflect.jvm.internal.impl.serialization.deserialization.descriptors.DeserializedMemberScope$OptimizedImplementation: loaded 2 times (x 83B)
Class kotlin.reflect.jvm.internal.impl.metadata.jvm.JvmProtoBuf$JvmPropertySignature$1: loaded 2 times (x 89B)
Class kotlin.reflect.jvm.internal.impl.storage.LockBasedStorageManager$LockBasedLazyValueWithPostCompute: loaded 2 times (x 84B)
Class kotlin.reflect.jvm.internal.impl.types.TypeConstructor                          : loaded 2 times (x 72B)
Class kotlin.reflect.jvm.internal.impl.resolve.constants.IntValue                     : loaded 2 times (x 76B)
Class kotlin.reflect.jvm.internal.impl.descriptors.MemberDescriptor                   : loaded 2 times (x 72B)
Class com.google.common.collect.ForwardingObject                                      : loaded 2 times (x 74B)
Class org.jetbrains.kotlin.gradle.plugin.statistics.FusMetrics                        : loaded 2 times (x 72B)
Class org.jetbrains.kotlin.gradle.tasks.configuration.BaseKotlinCompileConfig$1$1$2   : loaded 2 times (x 77B)
Class org.jetbrains.kotlin.gradle.tasks.KotlinCompilerExecutionStrategy               : loaded 2 times (x 81B)
Class org.jetbrains.kotlin.gradle.plugin.sources.DefaultKotlinSourceSet$special$$inlined$Iterable$1: loaded 2 times (x 81B)
Class org.jetbrains.kotlin.gradle.plugin.KotlinTargetConfiguratorKt                   : loaded 2 times (x 73B)
Class org.jetbrains.kotlin.gradle.plugin.mpp.compilationImpl.factory.KotlinCompilationImplFactory$KotlinCompilerOptionsFactory$Options: loaded 2 times (x 74B)
Class org.jetbrains.kotlin.gradle.plugin.diagnostics.ToolingDiagnosticRenderingOptionsKt: loaded 2 times (x 73B)
Class org.jetbrains.kotlin.gradle.targets.native.internal.PlatformLibrariesGenerator  : loaded 2 times (x 74B)
Class org.jetbrains.kotlin.tooling.core.Extras$Type$Companion                         : loaded 2 times (x 73B)
Class org.jetbrains.kotlin.gradle.plugin.KotlinCompilation                            : loaded 2 times (x 72B)
Class com.google.common.cache.CacheLoader$1                                           : loaded 2 times (x 77B)
Class org.gradle.util.internal.GUtil                                                  : loaded 2 times (x 73B)
Class com.android.utils.StringHelper                                                  : loaded 2 times (x 73B)
Class com.google.protobuf.CodedOutputStream$OutputStreamEncoder                       : loaded 2 times (x 112B)
Class com.google.wireless.android.sdk.stats.JavaProcessStats                          : loaded 2 times (x 208B)
Class com.google.protobuf.Message                                                     : loaded 2 times (x 72B)
Class com.android.tools.analytics.Environment$Companion$SYSTEM$1                      : loaded 2 times (x 75B)
Class com.android.tools.analytics.Environment$Companion                               : loaded 2 times (x 73B)
Class com.android.tools.analytics.Environment$SystemProperty                          : loaded 2 times (x 81B)
Class org.codehaus.groovy.ast.GroovyClassVisitor                                      : loaded 2 times (x 72B)
Class org.codehaus.groovy.runtime.dgmimpl.arrays.FloatArrayGetAtMetaMethod            : loaded 2 times (x 99B)
Class org.codehaus.groovy.runtime.callsite.CallSiteAwareMetaMethod                    : loaded 2 times (x 99B)
Class org.codehaus.groovy.ast.expr.AnnotationConstantExpression                       : loaded 2 times (x 136B)
Class groovy.lang.MissingPropertyException                                            : loaded 2 times (x 91B)
Class groovy.lang.Closure$1                                                           : loaded 2 times (x 134B)
Class org.codehaus.groovy.reflection.CachedClass$5                                    : loaded 2 times (x 84B)
Class it.unimi.dsi.fastutil.objects.Object2IntOpenHashMap$KeySet                      : loaded 2 times (x 182B)
Class it.unimi.dsi.fastutil.ints.AbstractIntCollection                                : loaded 2 times (x 187B)
Class kotlinx.coroutines.internal.ResizableAtomicArray                                : loaded 2 times (x 74B)
Class kotlin.coroutines.jvm.internal.CompletedContinuation                            : loaded 2 times (x 77B)
Class kotlinx.coroutines.internal.LockFreeTaskQueue                                   : loaded 2 times (x 74B)
Class kotlinx.coroutines.scheduling.DefaultScheduler                                  : loaded 2 times (x 114B)
Class kotlinx.coroutines.Dispatchers                                                  : loaded 2 times (x 73B)
Class kotlin.concurrent.atomics.AtomicsKt__Atomics_commonKt                           : loaded 2 times (x 73B)
Class [Lcom.android.tools.lint.model.LintModelSeverity;                               : loaded 2 times (x 71B)
Class org.codehaus.groovy.reflection.v7.GroovyClassValueJava7                         : loaded 2 times (x 85B)
Class com.android.prefs.PathLocator$WhenMappings                                      : loaded 2 times (x 73B)
Class kotlin.reflect.jvm.internal.impl.metadata.deserialization.ProtoBufUtilKt        : loaded 2 times (x 73B)
Class kotlin.reflect.jvm.internal.impl.builtins.jvm.CloneableClassScope$Companion     : loaded 2 times (x 73B)
Class kotlin.reflect.jvm.internal.impl.metadata.jvm.JvmProtoBuf$StringTableTypesOrBuilder: loaded 2 times (x 72B)
Class kotlin.reflect.jvm.internal.impl.descriptors.runtime.components.ReflectClassStructure: loaded 2 times (x 73B)
Class kotlin.reflect.jvm.internal.impl.incremental.components.NoLookupLocation        : loaded 2 times (x 84B)
Class kotlin.reflect.jvm.internal.impl.resolve.DescriptorUtils                        : loaded 2 times (x 73B)
Class kotlin.reflect.jvm.internal.impl.load.java.JavaIncompatibilityRulesOverridabilityCondition$Companion: loaded 2 times (x 73B)
Class kotlin.reflect.jvm.internal.impl.load.java.JavaIncompatibilityRulesOverridabilityCondition: loaded 2 times (x 77B)
Class kotlin.reflect.jvm.internal.impl.types.checker.NewKotlinTypeCheckerImpl         : loaded 2 times (x 82B)
Class [Lkotlin.reflect.jvm.internal.impl.builtins.jvm.JvmBuiltIns$Kind;               : loaded 2 times (x 71B)
Class org.jetbrains.kotlin.gradle.tasks.configuration.BaseKotlinCompileConfig$1$1$3   : loaded 2 times (x 77B)
Class org.jetbrains.kotlin.gradle.plugin.mpp.KotlinCompilationFactory                 : loaded 2 times (x 72B)
Class org.jetbrains.kotlin.gradle.utils.Future                                        : loaded 2 times (x 72B)
Class org.jetbrains.kotlin.gradle.plugin.statistics.KotlinBuildStatsConfiguration$Companion: loaded 2 times (x 73B)
Class org.jetbrains.kotlin.gradle.plugin.mpp.AbstractKotlinCompilation                : loaded 2 times (x 193B)
Class com.google.common.cache.AbstractCache$StatsCounter                              : loaded 2 times (x 72B)
Class org.codehaus.groovy.runtime.dgmimpl.NumberNumberMultiply                        : loaded 2 times (x 116B)
Class com.google.protobuf.CodedOutputStream$SafeDirectNioEncoder                      : loaded 2 times (x 111B)
Class com.google.protobuf.AbstractMessage$Builder                                     : loaded 2 times (x 259B)
Class com.google.protobuf.ExtensionRegistryFactory                                    : loaded 2 times (x 73B)
Class com.google.protobuf.ProtocolMessageEnum                                         : loaded 2 times (x 72B)
Class groovy.lang.ExpandoMetaClassCreationHandle                                      : loaded 2 times (x 78B)
Class org.codehaus.groovy.runtime.metaclass.TransformMetaMethod                       : loaded 2 times (x 98B)
Class org.codehaus.groovy.runtime.StringGroovyMethods                                 : loaded 2 times (x 73B)
Class org.codehaus.groovy.ast.NodeMetaDataHandler                                     : loaded 2 times (x 72B)
Class org.codehaus.groovy.reflection.CachedClass$6                                    : loaded 2 times (x 84B)
Class org.codehaus.groovy.util.ReferenceManager$ThreadedReferenceManager              : loaded 2 times (x 78B)
Class org.codehaus.groovy.runtime.NullObject                                          : loaded 2 times (x 93B)
Class [Lorg.codehaus.groovy.ast.GenericsType;                                         : loaded 2 times (x 71B)
Class kotlin.time.DurationUnitKt                                                      : loaded 2 times (x 73B)
Class org.jetbrains.kotlin.progress.CompilationCanceledStatus                         : loaded 2 times (x 72B)
Class groovy.transform.Trait                                                          : loaded 2 times (x 72B)
Class kotlin.coroutines.jvm.internal.DebugProbesKt                                    : loaded 2 times (x 73B)
Class kotlinx.coroutines.intrinsics.CancellableKt                                     : loaded 2 times (x 73B)
Class kotlin.coroutines.CoroutineContext                                              : loaded 2 times (x 72B)
Class com.google.wireless.android.sdk.stats.JavaProcessStatsOrBuilder                 : loaded 2 times (x 72B)
Class com.android.tools.lint.model.DefaultLintModelDependency                         : loaded 2 times (x 88B)
Class com.android.tools.lint.model.DefaultLintModelLibrary                            : loaded 2 times (x 88B)
Class com.android.tools.lint.model.DefaultLintModelBuildFeatures                      : loaded 2 times (x 77B)
Class kotlin.reflect.jvm.internal.impl.load.java.SpecialGenericSignatures$Companion   : loaded 2 times (x 73B)
Class kotlin.reflect.jvm.internal.impl.load.java.typeEnhancement.TypeComponentPositionKt: loaded 2 times (x 73B)
Class kotlin.reflect.jvm.internal.impl.types.TypeConstructorSubstitution$Companion$createByConstructorsMap$1: loaded 2 times (x 81B)
Class kotlin.reflect.jvm.internal.impl.load.java.lazy.descriptors.LazyJavaClassDescriptor$LazyJavaClassTypeConstructor: loaded 2 times (x 99B)
Class [Lkotlin.reflect.jvm.internal.impl.descriptors.PackageFragmentProvider;         : loaded 2 times (x 71B)
Class kotlin.reflect.jvm.internal.impl.types.AbstractTypePreparator                   : loaded 2 times (x 74B)
Class kotlin.reflect.jvm.internal.impl.metadata.deserialization.BinaryVersion$Companion: loaded 2 times (x 73B)
Class kotlin.reflect.jvm.internal.impl.storage.MemoizedFunctionToNullable             : loaded 2 times (x 72B)
Class kotlin.reflect.jvm.internal.impl.load.java.sources.JavaSourceElementFactory     : loaded 2 times (x 72B)
Class com.google.common.io.LineBuffer                                                 : loaded 2 times (x 77B)
Class org.jetbrains.kotlin.gradle.targets.js.dsl.KotlinJsSubTargetContainerDsl        : loaded 2 times (x 72B)
Class org.jetbrains.kotlin.tooling.core.MutableExtrasImpl$Companion                   : loaded 2 times (x 73B)
Class org.jetbrains.kotlin.gradle.internal.ClassLoadersCachingBuildService$Parameters : loaded 2 times (x 72B)
Class org.jetbrains.kotlin.gradle.plugin.KotlinGradleBuildServices$Companion$registerIfAbsent$1: loaded 2 times (x 77B)
Class org.jetbrains.kotlin.statistics.fileloggers.MetricsContainer                    : loaded 2 times (x 79B)
Class org.jetbrains.kotlin.gradle.plugin.internal.ProjectIsolationStartParameterAccessor: loaded 2 times (x 72B)
Class org.jetbrains.kotlin.gradle.utils.StoredProperty                                : loaded 2 times (x 72B)
Class com.google.common.collect.Iterators$MergingIterator                             : loaded 2 times (x 83B)
Class org.gradle.internal.installation.GradleInstallation                             : loaded 2 times (x 77B)
Class com.google.protobuf.Writer                                                      : loaded 2 times (x 72B)
Class com.google.protobuf.CodedInputStream                                            : loaded 2 times (x 121B)
Class com.google.protobuf.MessageLite                                                 : loaded 2 times (x 72B)
Class groovy.lang.ExpandoMetaClass                                                    : loaded 2 times (x 228B)
Class org.codehaus.groovy.reflection.CachedClass$7                                    : loaded 2 times (x 84B)
Class groovy.lang.IntRange                                                            : loaded 2 times (x 249B)
Class org.codehaus.groovy.reflection.ClassInfo$GlobalClassSet                         : loaded 2 times (x 78B)
Class kotlin.reflect.jvm.internal.impl.builtins.PrimitiveType$$Lambda$0               : loaded 2 times (x 78B)
Class com.android.prefs.AndroidLocationsException                                     : loaded 2 times (x 84B)
Class com.google.protobuf.UnsafeUtil$JvmMemoryAccessor                                : loaded 2 times (x 93B)
Class kotlin.reflect.jvm.internal.impl.types.SpecialTypesKt                           : loaded 2 times (x 73B)
Class kotlin.reflect.jvm.internal.JvmPropertySignature$KotlinProperty                 : loaded 2 times (x 75B)
Class kotlin.reflect.jvm.internal.impl.load.java.components.DescriptorResolverUtils$1$1: loaded 2 times (x 79B)
Class kotlin.reflect.jvm.internal.impl.utils.SmartSet                                 : loaded 2 times (x 138B)
Class kotlin.reflect.jvm.internal.impl.protobuf.GeneratedMessageLite$1                : loaded 2 times (x 73B)
Class kotlin.reflect.jvm.internal.impl.serialization.deserialization.DeserializedClassDataFinder: loaded 2 times (x 77B)
Class kotlin.reflect.jvm.internal.impl.metadata.ProtoBuf$ClassOrBuilder               : loaded 2 times (x 72B)
Class kotlin.reflect.jvm.internal.impl.metadata.ProtoBuf$ValueParameter               : loaded 2 times (x 103B)
Class kotlin.reflect.jvm.internal.impl.protobuf.SmallSortedMap$EmptySet               : loaded 2 times (x 73B)
Class kotlin.reflect.jvm.internal.impl.resolve.OverridingUtil$1                       : loaded 2 times (x 76B)
Class kotlin.reflect.jvm.internal.impl.load.java.lazy.JavaResolverSettings$Default    : loaded 2 times (x 78B)
Class kotlin.reflect.jvm.internal.impl.descriptors.ClassifierDescriptor               : loaded 2 times (x 72B)
Class com.google.common.collect.ForwardingCollection                                  : loaded 2 times (x 132B)
Class com.google.common.collect.LexicographicalOrdering                               : loaded 2 times (x 117B)
Class org.jetbrains.kotlin.gradle.dsl.KotlinJvmCompile$DefaultImpls                   : loaded 2 times (x 73B)
Class org.jetbrains.kotlin.gradle.plugin.mpp.compilationImpl.factory.KotlinCompilationImplFactory$create$1: loaded 2 times (x 77B)
Class org.jetbrains.kotlin.gradle.tasks.KotlinJavaToolchain                           : loaded 2 times (x 72B)
Class org.jetbrains.kotlin.statistics.metrics.BooleanMetrics$Companion                : loaded 2 times (x 73B)
Class org.jetbrains.kotlin.gradle.plugin.internal.CompatibilityConventionRegistrar    : loaded 2 times (x 72B)
Class org.jetbrains.kotlin.gradle.plugin.AndroidGradlePluginVersion                   : loaded 2 times (x 77B)
Class com.google.common.collect.Iterables                                             : loaded 2 times (x 73B)
Class com.google.protobuf.AbstractMessageLite$Builder                                 : loaded 2 times (x 128B)
Class com.google.protobuf.MapFieldReflectionAccessor                                  : loaded 2 times (x 76B)
Class org.codehaus.groovy.ast.expr.ConstructorCallExpression                          : loaded 2 times (x 143B)
Class org.codehaus.groovy.reflection.CachedClass$8                                    : loaded 2 times (x 84B)
Class com.android.utils.XmlUtils                                                      : loaded 2 times (x 73B)
Class kotlin.reflect.jvm.internal.impl.builtins.PrimitiveType$$Lambda$1               : loaded 2 times (x 78B)
Class kotlinx.coroutines.ExecutorCoroutineDispatcher$Key                              : loaded 2 times (x 74B)
Class kotlinx.coroutines.JobSupportKt                                                 : loaded 2 times (x 73B)
Class kotlin.reflect.jvm.internal.impl.descriptors.impl.LazyPackageViewDescriptorImpl : loaded 2 times (x 104B)
Class com.android.ide.common.gradle.Part                                              : loaded 2 times (x 79B)
Class com.android.ide.common.rendering.api.ResourceNamespace$ToolsNamespace           : loaded 2 times (x 82B)
Class kotlin.io.FileWalkDirection                                                     : loaded 2 times (x 81B)
Class kotlin.reflect.jvm.internal.impl.load.java.typeEnhancement.JavaTypeEnhancement$SimpleResult: loaded 2 times (x 74B)
Class kotlin.reflect.jvm.internal.impl.types.model.IntersectionTypeConstructorMarker  : loaded 2 times (x 72B)
Class kotlin.reflect.jvm.internal.impl.load.java.structure.JavaType                   : loaded 2 times (x 72B)
Class kotlin.reflect.jvm.internal.impl.resolve.scopes.GivenFunctionsMemberScope       : loaded 2 times (x 96B)
Class kotlin.reflect.jvm.internal.impl.descriptors.impl.ValueParameterDescriptorImpl$Companion: loaded 2 times (x 73B)
Class kotlin.reflect.jvm.internal.impl.protobuf.AbstractMessageLite$Builder           : loaded 2 times (x 87B)
Class kotlin.reflect.jvm.internal.impl.resolve.scopes.ChainedMemberScope              : loaded 2 times (x 87B)
Class kotlin.reflect.jvm.internal.impl.load.kotlin.DeserializationComponentsForJava$Companion$ModuleData: loaded 2 times (x 74B)
Class kotlin.reflect.jvm.internal.impl.metadata.ProtoBuf$Class$1                      : loaded 2 times (x 89B)
Class kotlin.reflect.jvm.internal.impl.metadata.jvm.JvmProtoBuf$JvmMethodSignature$1  : loaded 2 times (x 89B)
Class kotlin.reflect.jvm.internal.impl.metadata.jvm.deserialization.JvmProtoBufUtil   : loaded 2 times (x 73B)
Class kotlin.reflect.jvm.internal.impl.descriptors.impl.AbstractClassDescriptor$1$1   : loaded 2 times (x 79B)
Class build_5bih95g7ffz27q3h2wqmh0xry$_run_closure1                                   : loaded 2 times (x 140B)
Class org.jetbrains.kotlin.gradle.plugin.KotlinCompilation$Companion                  : loaded 2 times (x 73B)
Class org.jetbrains.kotlin.konan.target.KonanTarget$MACOS_ARM64                       : loaded 2 times (x 80B)
Class com.google.common.collect.Lists$RandomAccessReverseList                         : loaded 2 times (x 202B)
Class org.jetbrains.kotlin.gradle.dsl.ToolchainSupport$Companion                      : loaded 2 times (x 73B)
Class org.jetbrains.kotlin.gradle.plugin.KotlinSourceSet                              : loaded 2 times (x 72B)

---------------  S Y S T E M  ---------------

OS:
 Windows 11 , 64 bit Build 26100 (10.0.26100.9168)
OS uptime: 0 days 10:42 hours
Hyper-V role detected

CPU: total 4 (initial active 4) (4 cores per cpu, 1 threads per core) family 6 model 158 stepping 11 microcode 0xf6, cx8, cmov, fxsr, mmx, 3dnowpref, sse, sse2, sse3, ssse3, sse4.1, sse4.2, popcnt, lzcnt, tsc, tscinvbit, avx, avx2, aes, erms, clmul, bmi1, bmi2, adx, fma, vzeroupper, clflush, clflushopt, hv, rdtscp, f16c
Processor Information for the first 4 processors :
  Max Mhz: 3600, Current Mhz: 3600, Mhz Limit: 3600

Memory: 4k page, system-wide physical 8015M (410M free)
TotalPageFile size 18737M (AvailPageFile size 3512M)
current process WorkingSet (physical memory assigned to process): 2327M, peak: 2327M
current process commit charge ("private bytes"): 2863M, peak: 5320M

vm_info: OpenJDK 64-Bit Server VM (25.0.2+-15348964-b329.117) for windows-amd64 JRE (25.0.2+-15348964-b329.117), built on 2026-05-05T18:25:19Z with MS VC++ 16.10 / 16.11 (VS2019)

END.
